identificad,treat_ultra,municipio
00001961000110,1,351230
00009638000355,1,352100
00009638000436,1,352100
00012377000160,1,521880
00018215000130,1,354780
00025372000172,1,352450
00028664000169,1,355250
00028740000136,1,420820
00028986001775,1,410690
00033613000125,1,317040
00034463000174,1,350635
00037127000185,0,530010
00037226000167,0,530010
00037457000170,1,530010
00046060000145,1,530010
00048785001578,1,211120
00048785003279,1,251370
00048785004593,0,150140
00048785004674,1,291005
00057240000122,1,530010
00057240001102,1,530010
00059822000300,0,351350
00062914000187,1,520140
00063960007294,0,261160
00070408000130,0,421130
00070408000644,1,420890
00072393000149,1,311530
00074569003206,0,330350
00079570000119,0,230440
00080671000100,0,521150
00080671000371,1,522040
00080671000614,1,510040
00080671001181,1,354850
00080671001262,1,410140
00080671001343,1,410140
00080671002749,1,510270
00080671003125,1,510020
00085144000198,0,314590
00092082000141,0,230440
00095840000185,1,432260
00095840000266,1,420140
00097326000189,0,352590
00100863000130,1,410550
00101599000150,1,420910
00105229000433,1,150840
00108217000110,0,530010
00108217000209,0,530010
00108217000381,0,530010
00108217000462,0,530010
00108217000543,0,530010
00108217000624,0,530010
00108217000705,0,530010
00108217000896,0,530010
00108217000977,0,530010
00108217001000,0,530010
00108217001191,0,530010
00108217001272,0,530010
00108217001353,0,530010
00108217001434,0,530010
00108217001515,0,530010
00108217001604,0,530010
00108217001787,0,530010
00108217001868,0,530010
00108217001949,0,530010
00108217002163,0,530010
00108217002244,0,530010
00108217002325,0,530010
00108217002406,0,530010
00108217002597,0,530010
00108217002678,0,530010
00108217002759,0,530010
00108217002830,0,530010
00108217002910,0,530010
00108217003135,0,530010
00108217003216,0,530010
00108217003305,0,530010
00108217003488,0,530010
00108217003569,0,530010
00108217003640,0,530010
00108217003720,0,530010
00108217003801,0,530010
00108217003992,0,530010
00108217004026,0,530010
00108217004107,0,530010
00108217004298,0,530010
00108217004379,0,530010
00108217004450,0,530010
00108217004530,0,530010
00108217004883,0,530010
00108217004964,0,530010
00108217005189,0,530010
00108217005260,0,530010
00108217005421,0,530010
00108217005502,0,530010
00108217005693,0,530010
00108217005774,0,530010
00108217005936,0,530010
00108217006070,0,530010
00108217006150,0,530010
00108217006231,0,530010
00108217006312,0,530010
00108217006401,0,530010
00108217006584,0,530010
00108217006746,0,530010
00108217006827,0,530010
00108217007041,0,530010
00108217007122,0,530010
00108217007203,0,530010
00108217007394,0,530010
00108217007556,0,530010
00108217007637,0,530010
00108217007718,0,530010
00108217007807,0,530010
00108217007980,0,530010
00108217008013,0,530010
00108217008102,0,530010
00108217008285,0,530010
00108217008366,0,530010
00108217008447,0,530010
00108217008528,0,530010
00108217008609,0,530010
00108217008790,0,530010
00108217008870,0,530010
00108217008951,0,530010
00108217009095,0,530010
00108217009176,0,530010
00108217009257,0,530010
00108217009338,0,530010
00108217009419,0,530010
00108217009508,0,530010
00108217009680,0,530010
00108217009761,0,530010
00108217009842,0,530010
00108217009923,0,530010
00108217010000,0,530010
00108217010182,0,530010
00108217010263,0,530010
00108217010344,0,530010
00108217010425,0,530010
00108217010506,0,530010
00108217010697,0,530010
00108217010778,0,530010
00108217010930,0,530010
00108217011073,0,530010
00108217011154,0,530010
00108217011235,0,530010
00108217011316,0,530010
00108217011405,0,530010
00108217011588,0,530010
00108217011669,0,530010
00108217011740,0,530010
00108217011820,0,530010
00108217011901,0,530010
00108217012045,0,530010
00108217012126,0,530010
00108217012207,0,530010
00108217012398,0,530010
00108217012479,0,530010
00108217012550,0,530010
00108217012711,0,530010
00108217012983,0,530010
00108217013017,0,530010
00108217013289,0,530010
00108217013440,0,530010
00113435000142,0,420910
00116695000252,0,150553
00119784000171,0,530010
00123689000141,0,352600
00126468000550,1,353860
00126916000192,1,430780
00128801000137,1,521150
00131523000177,1,310620
00135740000135,1,355030
00137746000141,1,420140
00137746000222,1,420140
00140252000116,0,351150
00142835000186,1,351880
00143381000168,1,500660
00143758000189,1,421660
00153282000167,1,230770
00154148000180,1,350520
00161986000181,0,353050
00163874000160,0,350330
00167424000145,0,353870
00169372000146,1,352590
00170192000184,1,351150
00176652000181,0,353650
00176732000137,1,355170
00179280000147,1,352470
00183877000165,0,310620
00186472000180,1,311830
00188111000173,0,330455
00191202000168,1,351110
00196642000108,1,500630
00199070000110,1,420140
00199070000382,1,420140
00201891000144,1,350600
00202787000174,1,420700
00208674000186,0,260790
00212004000133,1,352740
00214596000122,0,352530
00216175000130,0,353870
00223284000185,1,355050
00233065000772,0,410180
00233342000151,0,352980
00233695000151,0,350390
00236883000133,0,310620
00243375000182,1,420910
00244333000166,1,310560
00244594000186,0,352530
00247641000145,1,330390
00248529000129,0,354060
00249264000183,1,421370
00252663000101,0,411460
00259055000110,0,354990
00262512000126,1,355030
00263313000132,1,420910
00267114000100,1,354980
00272996000194,0,317020
00275791000162,0,351040
00278788000100,1,520870
00280273000137,1,130260
00280273000218,0,350950
00281228000105,1,354260
00281228000440,1,352220
00288825000153,0,355450
00289348000140,1,520110
00292410000153,0,355040
00293361000173,1,230440
00293361000254,1,230440
00297598000122,1,510730
00298529000133,1,310620
00299388000173,1,520870
00300646000194,0,410370
00304725000173,1,530010
00304730000186,1,354890
00306770000167,1,314610
00308104000168,1,353070
00308363000199,0,355450
00310087000101,1,330240
00310506000105,1,160030
00310506000288,1,160030
00310506000440,1,160060
00310506000601,1,160030
00310506000792,1,160030
00310506000873,1,160027
00310506000954,1,160030
00314310000180,1,530010
00316841000102,0,353870
00322648000184,0,314070
00323013000100,1,320150
00325400000177,1,412550
00325400000762,1,280480
00325907000120,0,351880
00326654000100,1,352210
00330845000145,0,530010
00339239000190,1,430510
00340715000193,0,311060
00348003000110,0,530010
00348003000200,0,130260
00348003001192,0,330455
00348003001273,0,330455
00348003001354,0,313670
00348003001435,0,521973
00348003001516,0,431410
00348003001788,0,530010
00348003001869,0,510790
00348003002911,0,316720
00348003003640,0,500320
00348003003802,0,530010
00348003003993,0,530010
00348003004108,0,261110
00348003004299,0,411370
00348003004450,0,250400
00348003004531,0,290980
00348003004612,0,500270
00348003005260,0,430160
00348003005422,0,354890
00348003005503,0,530010
00348003005856,0,430210
00348003006402,0,110020
00348003006585,0,420430
00348003006666,0,500370
00348003006828,0,120040
00348003007123,0,530010
00348003007204,0,231290
00348003007476,0,350950
00348003007638,0,261110
00348003007808,0,520870
00348003007980,0,500370
00348003008014,0,411990
00348003008103,0,420380
00348003008286,0,431410
00348003008367,0,430466
00348003008448,0,316720
00348003008952,0,410580
00348003009339,0,210530
00348003009410,0,530010
00348003009924,0,510760
00348003010000,0,160030
00348003010183,0,140010
00348003010426,0,411370
00348003010507,0,352470
00348003010850,0,330555
00348003011236,0,354890
00348003011660,0,350950
00348003012208,0,350950
00348003012399,0,130260
00348003012801,0,150140
00348003012984,0,530010
00348003013107,0,250400
00348003013360,0,221100
00348003013522,0,230440
00348003013603,0,280030
00348003013794,0,431440
00348003014685,0,317020
00348003014766,0,530010
00352294000110,1,530010
00352294000463,1,150140
00352294000544,1,310620
00352294000625,1,140010
00352294000706,1,412550
00352294000897,1,420540
00352294000978,1,410830
00352294001001,1,230440
00352294001192,1,520870
00352294001273,1,420910
00352294001354,1,431490
00352294001435,1,261160
00352294001516,1,292740
00352294001605,1,280030
00352294001788,1,500270
00352294001869,1,500320
00352294001940,1,510840
00352294002083,1,270430
00352294002164,1,211130
00352294002245,1,221100
00352294002326,1,320530
00352294002407,1,355030
00352294002598,1,130260
00352294002750,1,310620
00352294002911,1,120040
00352294003055,1,110020
00352294003136,1,160030
00352294003217,1,250180
00352294003306,1,355030
00352294003489,1,421130
00352294003560,1,411370
00352294003640,1,410690
00352294003721,1,317010
00352294003802,1,317020
00352294003993,1,314330
00352294004027,1,150680
00352294004108,1,150060
00352294004299,1,120020
00352294004370,1,130406
00352294004450,1,130420
00352294004531,1,150140
00352294004612,1,210530
00352294004701,1,150420
00352294004884,1,500660
00352294004965,1,250400
00352294005007,1,292400
00352294005180,1,430160
00352294005260,1,432240
00352294005341,1,431440
00352294005422,1,291360
00352294005694,1,261110
00352294006070,1,150553
00352294006232,1,330455
00352294006313,1,330100
00352294006402,1,330240
00352294006585,1,330455
00352294007123,1,350600
00352294007204,1,354340
00352294007395,1,510025
00352294007476,1,354140
00352294007557,1,150360
00352294007638,1,150270
00352294007808,1,510180
00352294007980,1,210280
00352294008103,1,150375
00352294008448,1,130190
00352294008600,1,290390
00352294008790,1,150050
00352294008871,1,240800
00352294008952,1,130270
00352294009096,1,220770
00352294009177,1,315180
00352294009410,1,120060
00352294009509,1,150810
00352294011317,1,230730
00352294011740,1,420545
00352294014928,1,354990
00352294015223,1,172100
00352294015738,1,355030
00352294015819,1,330455
00352294015908,1,130260
00352294016033,1,261160
00359877000173,1,530010
00360305000104,1,530010
00360305000295,1,530010
00360305000376,1,530010
00360305000457,1,530010
00360305000538,1,530010
00360305000619,1,530010
00360305000708,1,530010
00360305000880,1,530010
00360305000961,1,530010
00360305001003,1,530010
00360305001186,1,530010
00360305001267,1,520870
00360305001348,1,520870
00360305001429,1,520110
00360305001500,1,521150
00360305001690,1,510340
00360305001771,1,500270
00360305001852,1,500320
00360305002077,1,130260
00360305002239,1,150140
00360305002310,1,150010
00360305002409,1,150170
00360305002581,1,150220
00360305002662,1,150680
00360305002743,1,211130
00360305002824,1,210300
00360305002905,1,221100
00360305003049,1,220770
00360305003120,1,230440
00360305003200,1,230730
00360305003391,1,240810
00360305003472,1,240810
00360305003553,1,240810
00360305003634,1,250750
00360305003715,1,250750
00360305003804,1,250150
00360305003987,1,250320
00360305004010,1,250370
00360305004100,1,250400
00360305004282,1,250630
00360305004363,1,251080
00360305004444,1,250890
00360305004525,1,261160
00360305004606,1,261160
00360305004797,1,261160
00360305004878,1,261160
00360305004959,1,261160
00360305005092,1,261160
00360305005173,1,260410
00360305005254,1,260600
00360305005335,1,260890
00360305005416,1,260950
00360305005505,1,270430
00360305005688,1,270030
00360305005769,1,270630
00360305005840,1,270670
00360305005920,1,280030
00360305006064,1,280210
00360305006145,1,292740
00360305006226,1,292740
00360305006307,1,292740
00360305006498,1,292740
00360305006579,1,290070
00360305006650,1,290100
00360305006730,1,290490
00360305006811,1,291080
00360305006900,1,291360
00360305007036,1,291480
00360305007117,1,291800
00360305007206,1,292250
00360305007389,1,292860
00360305007460,1,292930
00360305007540,1,291072
00360305007621,1,293010
00360305007702,1,293050
00360305007893,1,293290
00360305007974,1,293330
00360305008008,1,291840
00360305008199,1,310620
00360305008270,1,310620
00360305008350,1,310620
00360305008431,1,310620
00360305008512,1,310620
00360305008601,1,310620
00360305008784,1,310620
00360305008946,1,310620
00360305009080,1,310620
00360305009160,1,310620
00360305009241,1,310620
00360305009322,1,310620
00360305009403,1,310620
00360305009594,1,310160
00360305009675,1,310350
00360305009756,1,310400
00360305009837,1,310490
00360305009918,1,310560
00360305010096,1,310710
00360305010177,1,311070
00360305010258,1,311090
00360305010339,1,311120
00360305010410,1,311320
00360305010509,1,311330
00360305010681,1,311340
00360305010762,1,311510
00360305010843,1,311530
00360305010924,1,311550
00360305011068,1,311770
00360305011149,1,312090
00360305011220,1,312160
00360305011300,1,312230
00360305011491,1,312360
00360305011572,1,312610
00360305011653,1,312770
00360305011734,1,312870
00360305011815,1,313130
00360305011904,1,313170
00360305012030,1,313190
00360305012110,1,313240
00360305012200,1,313310
00360305012382,1,313350
00360305012463,1,313380
00360305012544,1,313420
00360305012625,1,313670
00360305012706,1,311830
00360305012897,1,313780
00360305012978,1,313820
00360305013192,1,313940
00360305013273,1,314330
00360305013354,1,314390
00360305013435,1,314480
00360305013516,1,314560
00360305013605,1,314610
00360305013788,1,314710
00360305013869,1,314700
00360305013940,1,314720
00360305014083,1,314760
00360305014164,1,314790
00360305014245,1,314800
00360305014326,1,314810
00360305014407,1,314930
00360305014598,1,315180
00360305014679,1,315210
00360305014750,1,315250
00360305014830,1,315880
00360305014911,1,316070
00360305015055,1,316200
00360305015136,1,316250
00360305015217,1,316370
00360305015306,1,316470
00360305015489,1,316720
00360305015560,1,316860
00360305015640,1,316930
00360305015721,1,316940
00360305015802,1,316960
00360305015993,1,316990
00360305016027,1,317010
00360305016108,1,317020
00360305016299,1,317020
00360305016370,1,317070
00360305016450,1,317130
00360305016531,1,317170
00360305016612,1,317200
00360305016701,1,320530
00360305016884,1,320530
00360305016965,1,320020
00360305017007,1,320010
00360305017180,1,320120
00360305017260,1,320150
00360305017341,1,320520
00360305017422,1,330330
00360305017503,1,330330
00360305017694,1,330040
00360305017775,1,330030
00360305017856,1,330060
00360305017937,1,330070
00360305018070,1,330100
00360305018151,1,330170
00360305018232,1,330220
00360305018313,1,330250
00360305018402,1,330240
00360305018585,1,330350
00360305018666,1,330340
00360305018747,1,330320
00360305018828,1,330390
00360305018909,1,330420
00360305019042,1,330510
00360305019123,1,330470
00360305019204,1,330480
00360305019395,1,330580
00360305019476,1,330490
00360305019557,1,330600
00360305019638,1,330620
00360305019719,1,330630
00360305019808,1,330455
00360305019980,1,330455
00360305020059,1,330455
00360305020130,1,330455
00360305020210,1,330455
00360305020300,1,330455
00360305020482,1,330455
00360305020563,1,330455
00360305020644,1,330455
00360305020806,1,330455
00360305020997,1,330455
00360305021020,1,330455
00360305021101,1,330455
00360305021292,1,330455
00360305021373,1,330455
00360305021454,1,330455
00360305021535,1,330455
00360305021616,1,330455
00360305021705,1,330455
00360305021888,1,330455
00360305021969,1,330455
00360305022183,1,330455
00360305022264,1,330455
00360305022426,1,330455
00360305022507,1,330455
00360305022698,1,330455
00360305022850,1,330455
00360305022930,1,330455
00360305023155,1,330455
00360305023236,1,330455
00360305023317,1,330455
00360305023589,1,355030
00360305023660,1,355030
00360305023740,1,355030
00360305023821,1,355030
00360305023902,1,355030
00360305024046,1,355030
00360305024127,1,355030
00360305024208,1,355030
00360305024399,1,355030
00360305024470,1,355030
00360305024550,1,355030
00360305024631,1,355030
00360305024712,1,351880
00360305024801,1,351380
00360305024984,1,355030
00360305025018,1,351880
00360305025107,1,355030
00360305025280,1,355030
00360305025360,1,355030
00360305025441,1,355030
00360305025522,1,355030
00360305025603,1,355030
00360305025794,1,355030
00360305025875,1,500270
00360305025956,1,355030
00360305026090,1,355030
00360305026251,1,355030
00360305026332,1,355030
00360305026502,1,355030
00360305026766,1,355030
00360305026847,1,355030
00360305026928,1,355030
00360305027061,1,355030
00360305027142,1,355030
00360305027223,1,355030
00360305027304,1,355030
00360305027495,1,355030
00360305027576,1,355030
00360305027657,1,350010
00360305027738,1,350060
00360305027819,1,350160
00360305027908,1,350190
00360305028033,1,350210
00360305028114,1,350280
00360305028203,1,350320
00360305028386,1,350330
00360305028467,1,350400
00360305028548,1,350410
00360305028629,1,350450
00360305028700,1,350520
00360305028890,1,350550
00360305028971,1,350590
00360305029005,1,350600
00360305029196,1,350610
00360305029277,1,350750
00360305029358,1,350760
00360305029439,1,350790
00360305029510,1,350850
00360305029609,1,350950
00360305029781,1,350970
00360305029862,1,351040
00360305029943,1,351110
00360305030011,1,351340
00360305030100,1,351350
00360305030283,1,351440
00360305030364,1,351550
00360305030445,1,351620
00360305030526,1,351670
00360305030607,1,351840
00360305030798,1,352230
00360305030879,1,352260
00360305030950,1,352270
00360305031093,1,352320
00360305031174,1,352340
00360305031255,1,352390
00360305031336,1,352430
00360305031417,1,352440
00360305031506,1,352530
00360305031689,1,352590
00360305031760,1,352690
00360305031840,1,352710
00360305031921,1,352720
00360305032065,1,352900
00360305032146,1,353030
00360305032227,1,353050
00360305032308,1,353080
00360305032499,1,353390
00360305032570,1,353430
00360305032650,1,353440
00360305032731,1,353470
00360305032812,1,353670
00360305032901,1,353730
00360305033037,1,353800
00360305033118,1,351518
00360305033207,1,353870
00360305033380,1,353880
00360305033460,1,353930
00360305033622,1,354130
00360305033703,1,354140
00360305033894,1,354150
00360305033975,1,354220
00360305034009,1,354340
00360305034190,1,354390
00360305034270,1,354520
00360305034351,1,354640
00360305034432,1,354780
00360305034513,1,354850
00360305034602,1,354870
00360305034785,1,354880
00360305034866,1,354890
00360305034947,1,354910
00360305035080,1,353060
00360305035161,1,354990
00360305035242,1,354970
00360305035323,1,354980
00360305035404,1,355100
00360305035595,1,355170
00360305035676,1,355220
00360305035757,1,355280
00360305035838,1,355370
00360305035919,1,355400
00360305036052,1,355410
00360305036133,1,355450
00360305036214,1,355500
00360305036303,1,355620
00360305036486,1,355710
00360305036567,1,351870
00360305036648,1,354850
00360305036729,1,355220
00360305036800,1,410690
00360305036990,1,410690
00360305037024,1,410690
00360305037105,1,410690
00360305037296,1,410690
00360305037377,1,410690
00360305037458,1,410690
00360305037539,1,410690
00360305037610,1,410690
00360305037709,1,410690
00360305037881,1,410120
00360305037962,1,410140
00360305038004,1,410150
00360305038187,1,410180
00360305038268,1,410240
00360305038349,1,410360
00360305038420,1,410370
00360305038500,1,410420
00360305038691,1,410430
00360305038772,1,410490
00360305038853,1,410640
00360305038934,1,410940
00360305039078,1,411070
00360305039159,1,411180
00360305039230,1,411200
00360305039310,1,411320
00360305039400,1,411370
00360305039582,1,411520
00360305039663,1,411620
00360305039744,1,411770
00360305039825,1,411820
00360305039906,1,411840
00360305040084,1,411990
00360305040165,1,412060
00360305040246,1,412180
00360305040327,1,412230
00360305040408,1,412240
00360305040599,1,412410
00360305040670,1,412550
00360305040750,1,412820
00360305040831,1,420540
00360305040912,1,420540
00360305041056,1,421870
00360305041137,1,420240
00360305041218,1,420290
00360305041307,1,420380
00360305041480,1,420420
00360305041560,1,420460
00360305041641,1,420820
00360305041722,1,420890
00360305041803,1,420900
00360305041994,1,420910
00360305042028,1,420930
00360305042109,1,420940
00360305042290,1,421360
00360305042370,1,421480
00360305042451,1,421620
00360305042532,1,421870
00360305042613,1,421760
00360305042702,1,420140
00360305042885,1,431490
00360305042966,1,431490
00360305043008,1,431490
00360305043180,1,431490
00360305043261,1,431490
00360305043342,1,430460
00360305043423,1,431490
00360305043504,1,431490
00360305043695,1,431490
00360305043776,1,431490
00360305043938,1,431490
00360305044071,1,430460
00360305044152,1,431490
00360305044233,1,431490
00360305044314,1,431490
00360305044403,1,431490
00360305044586,1,431490
00360305044667,1,431490
00360305044748,1,431490
00360305044829,1,431490
00360305044900,1,431490
00360305045043,1,431490
00360305045124,1,431490
00360305045205,1,431490
00360305045396,1,431490
00360305045477,1,431490
00360305045558,1,430040
00360305045639,1,430160
00360305045710,1,430210
00360305045981,1,430300
00360305046015,1,430350
00360305046104,1,430390
00360305046287,1,430450
00360305046368,1,430460
00360305046449,1,430470
00360305046520,1,430510
00360305046600,1,430520
00360305046791,1,430610
00360305046953,1,430660
00360305047097,1,430700
00360305047178,1,430760
00360305047259,1,430770
00360305047330,1,430780
00360305047410,1,430790
00360305047500,1,430850
00360305047682,1,430860
00360305047763,1,430890
00360305047844,1,430920
00360305047925,1,430930
00360305048069,1,430900
00360305048140,1,430960
00360305048220,1,431000
00360305048301,1,431020
00360305048492,1,431060
00360305048573,1,431100
00360305048654,1,431110
00360305048735,1,431120
00360305048816,1,431130
00360305048905,1,431140
00360305049030,1,431340
00360305049111,1,431350
00360305049200,1,431370
00360305049383,1,431390
00360305049464,1,431410
00360305049545,1,431440
00360305049626,1,431530
00360305049707,1,431560
00360305049898,1,431570
00360305049979,1,431640
00360305050047,1,431680
00360305050128,1,431690
00360305050209,1,431720
00360305050390,1,431740
00360305050470,1,431750
00360305050551,1,431710
00360305050632,1,431800
00360305050713,1,431820
00360305050802,1,431830
00360305050985,1,431840
00360305051108,1,431870
00360305051280,1,431880
00360305051361,1,431890
00360305051442,1,431990
00360305051523,1,432010
00360305051604,1,432080
00360305051795,1,432110
00360305051876,1,432120
00360305051957,1,432130
00360305052090,1,432190
00360305052171,1,432180
00360305052252,1,432160
00360305052414,1,432150
00360305052503,1,432220
00360305052686,1,432240
00360305052767,1,432250
00360305052848,1,432280
00360305052929,1,432260
00360305053062,1,431240
00360305053143,1,431560
00360305053224,1,431690
00360305053305,1,530010
00360305053496,1,120040
00360305053658,1,310620
00360305053909,1,240810
00360305054204,1,330455
00360305054468,1,330455
00360305054549,1,330455
00360305054620,1,350920
00360305054891,1,250750
00360305055197,1,150060
00360305055278,1,150360
00360305055430,1,231290
00360305055510,1,320320
00360305055600,1,320390
00360305055782,1,320230
00360305055863,1,251620
00360305055944,1,260290
00360305056088,1,240800
00360305056169,1,280290
00360305056240,1,500370
00360305056320,1,500830
00360305056401,1,520510
00360305056592,1,521190
00360305056673,1,521880
00360305056754,1,430680
00360305056835,1,410480
00360305056916,1,410550
00360305057050,1,412810
00360305057130,1,420480
00360305057211,1,420300
00360305057300,1,330455
00360305057483,1,350650
00360305057564,1,353070
00360305057645,1,355060
00360305057807,1,230440
00360305058455,1,317130
00360305058617,1,410690
00360305058889,1,330455
00360305058960,1,410830
00360305059001,1,320130
00360305059184,1,320140
00360305059265,1,320380
00360305059346,1,431330
00360305059427,1,431265
00360305059508,1,351370
00360305059699,1,352240
00360305059770,1,352480
00360305059850,1,352930
00360305059931,1,353740
00360305060000,1,354060
00360305060190,1,410840
00360305060271,1,411850
00360305060433,1,430280
00360305060514,1,355030
00360305060603,1,310170
00360305060786,1,313620
00360305060867,1,313840
00360305060948,1,315120
00360305061081,1,170210
00360305061162,1,521380
00360305061243,1,355030
00360305061324,1,230550
00360305061405,1,510760
00360305061596,1,500110
00360305061677,1,220220
00360305061758,1,250750
00360305061839,1,292740
00360305061910,1,230440
00360305062053,1,310620
00360305062134,1,310620
00360305062304,1,431490
00360305062568,1,330455
00360305062649,1,261640
00360305062720,1,420430
00360305062800,1,421580
00360305062991,1,311910
00360305063025,1,530010
00360305063106,1,354980
00360305063297,1,110020
00360305063378,1,240810
00360305063459,1,291750
00360305063530,1,291640
00360305063610,1,291390
00360305063700,1,351060
00360305063882,1,220390
00360305063963,1,220800
00360305064005,1,292740
00360305064188,1,221100
00360305064269,1,355250
00360305064340,1,530010
00360305064420,1,210530
00360305064501,1,280350
00360305064773,1,530010
00360305064854,1,260790
00360305064935,1,240810
00360305065079,1,410690
00360305065150,1,261160
00360305065230,1,431490
00360305065311,1,140010
00360305065400,1,280030
00360305065583,1,530010
00360305065664,1,330410
00360305065745,1,355030
00360305065826,1,160030
00360305065907,1,352940
00360305066202,1,320530
00360305066393,1,410690
00360305066474,1,530010
00360305066636,1,150140
00360305066717,1,520870
00360305066806,1,230440
00360305067101,1,211130
00360305067284,1,292740
00360305067365,1,330455
00360305067446,1,530010
00360305067608,1,350950
00360305067870,1,261160
00360305068094,1,330455
00360305068175,1,310620
00360305068256,1,520870
00360305068337,1,150420
00360305068418,1,230420
00360305068507,1,230440
00360305068680,1,510340
00360305068841,1,530010
00360305068922,1,355030
00360305069147,1,313900
00360305069228,1,430440
00360305069309,1,431730
00360305069490,1,310260
00360305069570,1,431780
00360305069651,1,431950
00360305069732,1,431180
00360305069813,1,432040
00360305069902,1,220840
00360305070072,1,314600
00360305070153,1,421950
00360305070234,1,421720
00360305070315,1,431760
00360305070404,1,310110
00360305070587,1,310340
00360305070668,1,311840
00360305070749,1,312800
00360305070820,1,312950
00360305070900,1,314310
00360305071044,1,315400
00360305071125,1,270770
00360305071206,1,270800
00360305071397,1,270930
00360305071478,1,130190
00360305071559,1,130340
00360305071630,1,320350
00360305071710,1,320490
00360305071800,1,320080
00360305071982,1,320090
00360305072105,1,320470
00360305072288,1,410880
00360305072369,1,411060
00360305072440,1,411150
00360305072520,1,412710
00360305072601,1,412770
00360305072873,1,221060
00360305072954,1,250750
00360305073250,1,251210
00360305073330,1,250690
00360305073500,1,250750
00360305073764,1,250400
00360305073845,1,350570
00360305073926,1,280740
00360305074060,1,354070
00360305074140,1,353710
00360305074221,1,352210
00360305074302,1,230110
00360305074493,1,230250
00360305074574,1,230260
00360305074655,1,230280
00360305074736,1,230410
00360305074817,1,230640
00360305074906,1,230690
00360305075031,1,230760
00360305075112,1,230770
00360305075201,1,231130
00360305075465,1,231270
00360305075546,1,231180
00360305075627,1,240020
00360305075899,1,240200
00360305075970,1,240810
00360305076003,1,240580
00360305076194,1,240720
00360305076275,1,240830
00360305076356,1,240940
00360305076437,1,210120
00360305076518,1,210160
00360305076607,1,210330
00360305076780,1,210820
00360305076860,1,210990
00360305076941,1,330430
00360305077085,1,311370
00360305077166,1,313520
00360305077247,1,260110
00360305077328,1,260170
00360305077409,1,260620
00360305077590,1,261090
00360305077670,1,261220
00360305077751,1,261410
00360305077913,1,291170
00360305078057,1,291460
00360305078138,1,292660
00360305078219,1,354940
00360305078308,1,290320
00360305078480,1,290390
00360305078561,1,231340
00360305078723,1,500570
00360305078804,1,500620
00360305079029,1,510840
00360305079100,1,520800
00360305079290,1,520860
00360305079371,1,170950
00360305079452,1,522020
00360305079533,1,521860
00360305079614,1,421930
00360305079703,1,351050
00360305079886,1,355540
00360305079967,1,354660
00360305080035,1,351970
00360305080116,1,353350
00360305080388,1,120020
00360305080469,1,521250
00360305080540,1,240310
00360305080620,1,241120
00360305080701,1,150210
00360305080973,1,421820
00360305081007,1,270430
00360305081198,1,330190
00360305081279,1,261110
00360305081350,1,410690
00360305081430,1,310620
00360305081511,1,310620
00360305081600,1,530010
00360305081783,1,311660
00360305081864,1,310620
00360305082089,1,150140
00360305082160,1,310620
00360305082321,1,320530
00360305082402,1,410690
00360305082755,1,431490
00360305082917,1,320530
00360305083050,1,110020
00360305083646,1,250400
00360305083999,1,330455
00360305084022,1,270430
00360305084103,1,310620
00360305084375,1,310620
00360305084456,1,430310
00360305084618,1,430940
00360305084707,1,530010
00360305084960,1,270860
00360305085002,1,320332
00360305085185,1,420360
00360305085266,1,420750
00360305085347,1,421900
00360305085428,1,510790
00360305085509,1,221100
00360305085690,1,431440
00360305085770,1,500270
00360305085932,1,521040
00360305086076,1,353650
00360305086319,1,530010
00360305086580,1,411690
00360305086661,1,280570
00360305086742,1,261160
00360305087048,1,510250
00360305087129,1,521310
00360305087200,1,410690
00360305087390,1,411370
00360305087552,1,530010
00360305087633,1,261370
00360305087714,1,261530
00360305087803,1,421010
00360305087986,1,420540
00360305088010,1,320530
00360305088109,1,320240
00360305088281,1,320500
00360305088362,1,150140
00360305088524,1,150140
00360305088605,1,500660
00360305088796,1,330010
00360305088877,1,330020
00360305088958,1,330490
00360305089091,1,353130
00360305089172,1,410690
00360305089253,1,310670
00360305089334,1,311860
00360305089415,1,311940
00360305089504,1,313950
00360305089687,1,313960
00360305089768,1,352050
00360305089849,1,150240
00360305089920,1,352670
00360305090006,1,352010
00360305090189,1,353550
00360305090260,1,355010
00360305090340,1,354260
00360305090421,1,250750
00360305090502,1,351080
00360305090693,1,351300
00360305090774,1,351640
00360305090855,1,353980
00360305090936,1,330200
00360305091070,1,410190
00360305091150,1,431490
00360305091231,1,430750
00360305091312,1,432000
00360305091401,1,261390
00360305091584,1,260120
00360305091665,1,261000
00360305091746,1,260960
00360305091827,1,410970
00360305091908,1,230440
00360305092041,1,230440
00360305092122,1,420200
00360305092203,1,251530
00360305092394,1,261160
00360305092475,1,150810
00360305092556,1,330370
00360305092637,1,230440
00360305092718,1,352410
00360305092807,1,354330
00360305092980,1,431960
00360305093013,1,430820
00360305093102,1,410720
00360305093285,1,411330
00360305093447,1,312710
00360305093528,1,310620
00360305093609,1,313440
00360305093790,1,313510
00360305093870,1,314320
00360305093951,1,314430
00360305094095,1,315690
00360305094176,1,315960
00360305094257,1,317040
00360305094338,1,260640
00360305094419,1,261070
00360305094508,1,330610
00360305094680,1,521800
00360305094761,1,290460
00360305094842,1,290980
00360305094923,1,291470
00360305095067,1,292870
00360305095148,1,290650
00360305095229,1,522160
00360305095300,1,520910
00360305095490,1,521850
00360305095571,1,411790
00360305095652,1,411580
00360305095733,1,410200
00360305095814,1,431490
00360305095903,1,432300
00360305096039,1,354580
00360305096110,1,355240
00360305096209,1,352680
00360305096462,1,354100
00360305096624,1,410860
00360305096705,1,411350
00360305096896,1,411460
00360305096977,1,411420
00360305097000,1,330110
00360305097272,1,530010
00360305097353,1,530010
00360305097434,1,530010
00360305097515,1,530010
00360305097604,1,352310
00360305097787,1,353460
00360305097868,1,353780
00360305097949,1,351870
00360305098082,1,351960
00360305098163,1,352220
00360305098244,1,430910
00360305098597,1,292400
00360305098759,1,500630
00360305098830,1,355030
00360305099054,1,330455
00360305099135,1,292740
00360305099216,1,330290
00360305099488,1,150613
00360305099569,1,330455
00360305099640,1,520870
00360305099720,1,410690
00360305099801,1,410690
00360305100087,1,410690
00360305100168,1,410690
00360305100249,1,355030
00360305100320,1,355030
00360305100400,1,355030
00360305100591,1,355030
00360305100672,1,355030
00360305100753,1,355030
00360305100834,1,355030
00360305100915,1,520140
00360305101059,1,250750
00360305101130,1,420540
00360305101210,1,432270
00360305101300,1,240800
00360305101563,1,430420
00360305101644,1,354870
00360305101725,1,355030
00360305101806,1,292740
00360305101997,1,292740
00360305102020,1,270430
00360305102101,1,292740
00360305102292,1,310620
00360305102373,1,310150
00360305102454,1,330455
00360305102535,1,330455
00360305102616,1,330455
00360305102705,1,330455
00360305102888,1,261160
00360305102969,1,261160
00360305103000,1,261160
00360305103183,1,261160
00360305103264,1,292740
00360305103345,1,250750
00360305103426,1,320530
00360305103507,1,230440
00360305103850,1,261250
00360305103930,1,530010
00360305104074,1,530010
00360305104155,1,530010
00360305104317,1,130260
00360305104406,1,311800
00360305104589,1,280030
00360305104660,1,320500
00360305104740,1,230440
00360305104821,1,230440
00360305105046,1,290520
00360305105127,1,290570
00360305105399,1,292740
00360305105470,1,291950
00360305105631,1,293360
00360305105712,1,530010
00360305105984,1,310020
00360305106018,1,310740
00360305106107,1,311060
00360305106280,1,311110
00360305106360,1,312320
00360305106441,1,313490
00360305106522,1,314590
00360305106603,1,315780
00360305106794,1,316290
00360305106956,1,240260
00360305107090,1,420280
00360305107170,1,420390
00360305107332,1,420590
00360305107413,1,420650
00360305107502,1,420730
00360305107766,1,421050
00360305107847,1,420540
00360305107928,1,421170
00360305108061,1,421210
00360305108142,1,421500
00360305108223,1,421650
00360305108495,1,421880
00360305108576,1,421970
00360305108657,1,355030
00360305108738,1,355030
00360305108908,1,230370
00360305109203,1,520870
00360305109386,1,314410
00360305109467,1,330455
00360305109548,1,330455
00360305110040,1,250110
00360305110120,1,240420
00360305110201,1,420850
00360305110392,1,352850
00360305110473,1,354750
00360305110635,1,270430
00360305110716,1,500330
00360305110805,1,500270
00360305111100,1,230210
00360305111283,1,320060
00360305111364,1,320160
00360305111445,1,320313
00360305111526,1,320300
00360305111607,1,170550
00360305111950,1,210005
00360305112174,1,314280
00360305112336,1,315580
00360305112417,1,315980
00360305112760,1,410980
00360305112921,1,431320
00360305113065,1,431900
00360305113146,1,293135
00360305113308,1,270940
00360305113499,1,270730
00360305113570,1,270240
00360305113731,1,291560
00360305114037,1,521180
00360305114118,1,171610
00360305114207,1,510170
00360305114460,1,500500
00360305114622,1,500380
00360305114894,1,412000
00360305114975,1,310620
00360305115009,1,432170
00360305115190,1,432070
00360305115270,1,431550
00360305115351,1,350070
00360305115513,1,355030
00360305115785,1,352740
00360305116161,1,354400
00360305116595,1,350940
00360305116676,1,355030
00360305116838,1,355160
00360305117052,1,355600
00360305117133,1,353190
00360305117303,1,351540
00360305117486,1,352570
00360305117648,1,355210
00360305117729,1,350050
00360305118024,1,351200
00360305118105,1,355030
00360305118296,1,353950
00360305118539,1,355670
00360305118709,1,350390
00360305118881,1,350580
00360305118962,1,350960
00360305119004,1,351000
00360305119187,1,351280
00360305119268,1,351570
00360305119420,1,352510
00360305119772,1,353530
00360305119853,1,354630
00360305119934,1,354680
00360305120002,1,355040
00360305120193,1,355640
00360305120274,1,351740
00360305120355,1,352470
00360305120517,1,354000
00360305120606,1,354780
00360305120789,1,354870
00360305120860,1,350250
00360305120940,1,350530
00360305121084,1,351820
00360305121165,1,350950
00360305121327,1,351020
00360305121408,1,351150
00360305121599,1,353810
00360305121750,1,354880
00360305121831,1,355030
00360305122056,1,352640
00360305122137,1,355030
00360305122218,1,352460
00360305122307,1,352140
00360305122641,1,351500
00360305122722,1,353180
00360305122803,1,352250
00360305123028,1,355030
00360305123109,1,355030
00360305123370,1,354850
00360305123451,1,355030
00360305123532,1,315280
00360305123613,1,292740
00360305123885,1,520890
00360305123966,1,521010
00360305124008,1,521220
00360305124180,1,522140
00360305124261,1,260400
00360305124342,1,330520
00360305124423,1,330270
00360305124504,1,330210
00360305124695,1,330310
00360305124776,1,330330
00360305124857,1,510480
00360305125152,1,521000
00360305125233,1,521120
00360305125314,1,521570
00360305125403,1,521930
00360305125586,1,320510
00360305125667,1,410450
00360305126043,1,410590
00360305126124,1,410630
00360305126477,1,411210
00360305126558,1,411400
00360305126639,1,412550
00360305126710,1,411480
00360305126809,1,412350
00360305127015,1,410830
00360305127104,1,411370
00360305127600,1,230440
00360305127872,1,430080
00360305128259,1,410690
00360305128410,1,411370
00360305128682,1,410690
00360305128763,1,412140
00360305129220,1,430010
00360305129492,1,261160
00360305129573,1,261450
00360305129654,1,261360
00360305129816,1,520540
00360305130075,1,130260
00360305130237,1,130260
00360305130580,1,291210
00360305130660,1,320506
00360305130741,1,211130
00360305130822,1,510180
00360305131047,1,500270
00360305131128,1,500470
00360305131209,1,500540
00360305131470,1,150140
00360305131551,1,150140
00360305131632,1,410690
00360305131802,1,410210
00360305131985,1,411760
00360305132604,1,330455
00360305132795,1,330455
00360305133090,1,330455
00360305133171,1,330475
00360305133252,1,330550
00360305133414,1,330170
00360305133503,1,330300
00360305133686,1,330360
00360305133767,1,330330
00360305133848,1,521020
00360305133929,1,330455
00360305134062,1,520870
00360305134224,1,530010
00360305134305,1,330455
00360305134496,1,330455
00360305134810,1,420540
00360305134909,1,355030
00360305135034,1,352730
00360305135115,1,353440
00360305135204,1,355330
00360305135387,1,353150
00360305135468,1,353010
00360305135700,1,355070
00360305135891,1,351310
00360305135972,1,431940
00360305136006,1,355030
00360305136359,1,354770
00360305136510,1,355030
00360305136600,1,431690
00360305136782,1,355030
00360305136863,1,355030
00360305137088,1,355030
00360305137169,1,355030
00360305137240,1,355030
00360305137401,1,355030
00360305137754,1,430640
00360305137835,1,430490
00360305137916,1,330455
00360305138211,1,313720
00360305138300,1,220700
00360305138564,1,510025
00360305138645,1,530010
00360305138807,1,354990
00360305139102,1,431405
00360305139455,1,520870
00360305139706,1,353870
00360305139960,1,530010
00360305140038,1,354990
00360305140208,1,311860
00360305140542,1,211130
00360305140623,1,240810
00360305140895,1,353470
00360305141190,1,330455
00360305141352,1,211130
00360305141603,1,292740
00360305142162,1,261160
00360305142243,1,310620
00360305142324,1,230580
00360305142596,1,315150
00360305142677,1,315200
00360305143304,1,260010
00360305143568,1,292510
00360305143649,1,314110
00360305143720,1,430060
00360305143800,1,353760
00360305143991,1,431260
00360305144025,1,310800
00360305144106,1,311000
00360305144297,1,311030
00360305144378,1,314990
00360305144530,1,410480
00360305144882,1,290840
00360305144963,1,292740
00360305145692,1,250750
00360305145773,1,130260
00360305146079,1,313760
00360305146150,1,314470
00360305146230,1,316870
00360305146400,1,500270
00360305146907,1,230440
00360305147040,1,311050
00360305147121,1,313670
00360305147202,1,317020
00360305147474,1,315490
00360305147555,1,315720
00360305147989,1,411370
00360305148284,1,410690
00360305148527,1,431290
00360305148608,1,312980
00360305148799,1,315110
00360305148870,1,310690
00360305149175,1,313090
00360305149680,1,510340
00360305150009,1,280030
00360305150262,1,530010
00360305150424,1,330630
00360305150777,1,330330
00360305150939,1,292740
00360305151072,1,292740
00360305151749,1,292740
00360305151900,1,292740
00360305152044,1,292740
00360305152125,1,211130
00360305152206,1,292740
00360305152478,1,410690
00360305152559,1,410690
00360305152982,1,311860
00360305153016,1,310620
00360305153288,1,310620
00360305153369,1,310620
00360305153440,1,317010
00360305153601,1,313670
00360305153792,1,317020
00360305153873,1,317010
00360305153954,1,320130
00360305154098,1,320150
00360305154411,1,420240
00360305154500,1,270430
00360305154683,1,411520
00360305154764,1,411990
00360305154845,1,130260
00360305154926,1,130260
00360305155060,1,520870
00360305155140,1,520870
00360305155221,1,410480
00360305155302,1,411370
00360305155493,1,420910
00360305155574,1,421660
00360305155655,1,530010
00360305155736,1,270430
00360305155817,1,291480
00360305155906,1,230440
00360305156031,1,230440
00360305156201,1,230440
00360305156384,1,230440
00360305156465,1,320530
00360305156546,1,410690
00360305156899,1,500270
00360305156970,1,510340
00360305157194,1,355030
00360305157275,1,355030
00360305157356,1,354780
00360305157518,1,520870
00360305157607,1,211130
00360305157780,1,211130
00360305157860,1,150140
00360305158085,1,260790
00360305158166,1,261070
00360305158247,1,261160
00360305158328,1,261160
00360305158409,1,261160
00360305158590,1,240810
00360305158751,1,431490
00360305158832,1,431490
00360305158913,1,430510
00360305159057,1,430510
00360305159138,1,431490
00360305159219,1,431490
00360305159308,1,431410
00360305159480,1,431440
00360305159561,1,431690
00360305159642,1,431490
00360305159723,1,355030
00360305159804,1,355030
00360305159995,1,352940
00360305160063,1,352590
00360305160144,1,355030
00360305160225,1,355030
00360305160306,1,355030
00360305160497,1,350950
00360305160659,1,221100
00360305160730,1,221100
00360305160810,1,353440
00360305160900,1,355030
00360305161035,1,354980
00360305161116,1,291080
00360305161205,1,354340
00360305161388,1,354850
00360305161701,1,355030
00360305161892,1,355030
00360305161973,1,330350
00360305162007,1,330350
00360305162350,1,330340
00360305162430,1,330455
00360305162600,1,520870
00360305162783,1,410690
00360305162864,1,410690
00360305163089,1,410690
00360305163160,1,411370
00360305163240,1,410690
00360305163321,1,410690
00360305163402,1,354990
00360305163593,1,355030
00360305163755,1,420910
00360305163836,1,420540
00360305163917,1,311860
00360305164050,1,310620
00360305164131,1,313670
00360305164212,1,312770
00360305164301,1,320520
00360305164484,1,431870
00360305164565,1,431490
00360305164999,1,211130
00360305165022,1,330455
00360305165103,1,330390
00360305165294,1,355030
00360305165375,1,355030
00360305165456,1,355030
00360305165537,1,355030
00360305165618,1,355030
00360305166002,1,420240
00360305166266,1,420460
00360305166347,1,420930
00360305166770,1,310620
00360305166851,1,250600
00360305166932,1,411520
00360305167157,1,411520
00360305167661,1,351620
00360305167904,1,355030
00360305168129,1,510340
00360305168552,1,310830
00360305168633,1,311820
00360305168714,1,313990
00360305168803,1,314340
00360305169524,1,510340
00360305169605,1,310420
00360305169796,1,311930
00360305169877,1,314070
00360305169958,1,314730
00360305170026,1,315140
00360305170107,1,314000
00360305170700,1,330455
00360305170883,1,430100
00360305170964,1,430140
00360305171189,1,430620
00360305171260,1,430380
00360305171936,1,350950
00360305172150,1,311100
00360305172746,1,431580
00360305172827,1,432290
00360305173394,1,280030
00360305173475,1,320480
00360305173556,1,520350
00360305173718,1,171320
00360305173980,1,211130
00360305174013,1,314140
00360305174285,1,315670
00360305174528,1,315710
00360305174609,1,310620
00360305174790,1,313880
00360305174870,1,315290
00360305174951,1,150080
00360305175680,1,411520
00360305175761,1,411990
00360305176148,1,431870
00360305176229,1,430270
00360305176300,1,430810
00360305176571,1,431080
00360305176733,1,431480
00360305176903,1,431600
00360305177110,1,431790
00360305178272,1,420450
00360305178434,1,421190
00360305178515,1,420700
00360305178868,1,421120
00360305179163,1,420550
00360305179244,1,421250
00360305179597,1,421800
00360305181060,1,352030
00360305181303,1,355030
00360305181494,1,350160
00360305181656,1,355030
00360305181737,1,355480
00360305181818,1,313630
00360305182032,1,316210
00360305182385,1,110004
00360305182466,1,110012
00360305182547,1,110030
00360305182628,1,320460
00360305182709,1,521740
00360305182970,1,171820
00360305183004,1,315700
00360305183195,1,110002
00360305183608,1,320260
00360305183942,1,520450
00360305184248,1,520870
00360305184590,1,521460
00360305184671,1,521710
00360305185058,1,522060
00360305185139,1,431490
00360305185210,1,431490
00360305185481,1,430580
00360305185562,1,430600
00360305186887,1,420820
00360305187263,1,431010
00360305187344,1,420540
00360305187425,1,420230
00360305187506,1,421660
00360305187778,1,420540
00360305187930,1,421130
00360305188073,1,421320
00360305188154,1,421750
00360305188235,1,150140
00360305188316,1,352590
00360305188405,1,421690
00360305188588,1,421670
00360305188740,1,230440
00360305188820,1,230440
00360305189550,1,431660
00360305189630,1,420420
00360305189711,1,420910
00360305190051,1,311430
00360305190132,1,310510
00360305190213,1,290730
00360305190809,1,320340
00360305190990,1,250750
00360305191023,1,317020
00360305191104,1,250180
00360305191457,1,251370
00360305191880,1,510340
00360305192267,1,230440
00360305192429,1,420240
00360305192500,1,430480
00360305192690,1,317120
00360305193239,1,410540
00360305193743,1,353340
00360305193824,1,351240
00360305194200,1,354340
00360305194391,1,522010
00360305194634,1,411960
00360305194987,1,412660
00360305195100,1,412850
00360305195282,1,410690
00360305195525,1,230020
00360305195606,1,230440
00360305195797,1,230190
00360305195878,1,230350
00360305196092,1,230540
00360305196173,1,230765
00360305196254,1,320270
00360305196335,1,320530
00360305196920,1,350570
00360305197145,1,410690
00360305197579,1,311160
00360305197730,1,230440
00360305197811,1,320040
00360305197900,1,500270
00360305198206,1,411710
00360305198702,1,221100
00360305198974,1,221100
00360305199601,1,350600
00360305199784,1,354340
00360305199865,1,354890
00360305200030,1,354140
00360305200111,1,352900
00360305200200,1,230960
00360305200383,1,350860
00360305200464,1,221100
00360305200898,1,240325
00360305201002,1,240810
00360305201274,1,314610
00360305201436,1,354340
00360305201517,1,230440
00360305201606,1,320120
00360305201860,1,510340
00360305202246,1,291920
00360305202327,1,350660
00360305202599,1,355220
00360305203560,1,353850
00360305204028,1,320190
00360305204109,1,320500
00360305204290,1,320530
00360305204451,1,240810
00360305204532,1,270170
00360305204613,1,270480
00360305204702,1,270430
00360305204966,1,270690
00360305205261,1,500370
00360305205423,1,500370
00360305206071,1,330050
00360305206152,1,330080
00360305206314,1,210860
00360305206829,1,330280
00360305207205,1,330540
00360305207558,1,354780
00360305207710,1,330400
00360305207981,1,520870
00360305208368,1,354490
00360305208520,1,291760
00360305208600,1,510795
00360305209259,1,355090
00360305209330,1,432090
00360305210508,1,350780
00360305210699,1,350900
00360305210931,1,355650
00360305211741,1,270230
00360305211903,1,290750
00360305212209,1,410580
00360305212470,1,260140
00360305212551,1,260520
00360305212713,1,430800
00360305213019,1,260990
00360305213876,1,354090
00360305214090,1,354650
00360305214171,1,350600
00360305214252,1,354760
00360305214333,1,354990
00360305214414,1,354670
00360305215062,1,293070
00360305215143,1,210910
00360305215224,1,412560
00360305215658,1,350160
00360305215810,1,353110
00360305216115,1,310620
00360305216204,1,351860
00360305216620,1,290080
00360305217006,1,260880
00360305217510,1,280030
00360305217600,1,280710
00360305217863,1,352840
00360305218320,1,230440
00360305218592,1,354980
00360305218673,1,280030
00360305218754,1,310620
00360305219130,1,260680
00360305219211,1,260190
00360305219300,1,261160
00360305219564,1,352500
00360305219645,1,355700
00360305219726,1,353440
00360305219807,1,351880
00360305219998,1,353870
00360305220309,1,354870
00360305220570,1,354980
00360305220651,1,354850
00360305220902,1,352590
00360305221119,1,292740
00360305221542,1,280400
00360305221895,1,292740
00360305222000,1,530010
00360305222190,1,250400
00360305222352,1,530010
00360305222433,1,500270
00360305222867,1,500270
00360305223081,1,240810
00360305223162,1,431690
00360305223405,1,520870
00360305224720,1,330455
00360305225106,1,313670
00360305225297,1,410690
00360305225530,1,310620
00360305225610,1,520870
00360305225700,1,314520
00360305226269,1,520110
00360305226420,1,330455
00360305226501,1,260790
00360305226692,1,430463
00360305227079,1,330455
00360305227230,1,530010
00360305227400,1,520870
00360305227745,1,311750
00360305227826,1,120040
00360305228121,1,520870
00360305228393,1,432055
00360305228474,1,430920
00360305228636,1,530010
00360305228989,1,520110
00360305229527,1,510340
00360305229608,1,316870
00360305230100,1,530010
00360305231009,1,320530
00360305231777,1,510340
00360305231939,1,500270
00360305232072,1,500270
00360305232234,1,351620
00360305232315,1,310620
00360305233206,1,313130
00360305233397,1,310620
00360305233630,1,310620
00360305233800,1,150140
00360305234601,1,261160
00360305234873,1,261160
00360305235845,1,420910
00360305236221,1,420395
00360305236906,1,420930
00360305237031,1,420540
00360305237465,1,420240
00360305237546,1,420540
00360305238194,1,310620
00360305238275,1,280030
00360305238437,1,317010
00360305238780,1,330455
00360305239166,1,270430
00360305239247,1,270430
00360305239409,1,270430
00360305239751,1,350280
00360305239832,1,270430
00360305239913,1,530010
00360305240334,1,530010
00360305240415,1,270430
00360305240504,1,280030
00360305240768,1,530010
00360305241900,1,313670
00360305242620,1,310620
00360305242701,1,310620
00360305243279,1,310620
00360305243783,1,522185
00360305244240,1,211220
00360305244402,1,520870
00360305244674,1,260510
00360305244836,1,280030
00360305245808,1,530010
00360305246294,1,312230
00360305246456,1,310670
00360305247509,1,316720
00360305249048,1,530010
00360305249129,1,530010
00360305249471,1,317020
00360305249986,1,411520
00360305250135,1,330455
00360305250305,1,320530
00360305251964,1,313670
00360305252189,1,320520
00360305252421,1,330100
00360305252502,1,172100
00360305252774,1,355030
00360305253584,1,520870
00360305253827,1,330170
00360305254041,1,410830
00360305254637,1,260760
00360305254807,1,261240
00360305255102,1,261540
00360305255366,1,410690
00360305255447,1,350950
00360305255528,1,520870
00360305255870,1,230440
00360305256923,1,172100
00360305257300,1,355030
00360305257490,1,355030
00360305257571,1,355030
00360305257652,1,355030
00360305257733,1,354780
00360305257814,1,354990
00360305257903,1,355220
00360305258039,1,352590
00360305258110,1,350950
00360305258209,1,353870
00360305258462,1,354340
00360305258543,1,350600
00360305258624,1,354980
00360305258705,1,354140
00360305258896,1,354850
00360305258977,1,330455
00360305259191,1,330455
00360305259272,1,330170
00360305259353,1,330330
00360305259434,1,330100
00360305259515,1,330630
00360305259604,1,320530
00360305259787,1,320520
00360305259868,1,313670
00360305260106,1,310620
00360305260289,1,310620
00360305260360,1,312230
00360305260440,1,312770
00360305260602,1,310620
00360305260793,1,330455
00360305260874,1,410480
00360305261250,1,411370
00360305261331,1,411520
00360305261501,1,430510
00360305261684,1,431340
00360305261765,1,431410
00360305261846,1,431490
00360305261927,1,431490
00360305262141,1,431690
00360305262222,1,420240
00360305262303,1,420420
00360305262494,1,420460
00360305262575,1,420540
00360305262656,1,420910
00360305262737,1,110020
00360305262818,1,510340
00360305262907,1,500270
00360305263466,1,520870
00360305263547,1,520110
00360305263628,1,172100
00360305263709,1,530010
00360305263970,1,530010
00360305264004,1,240810
00360305264195,1,250750
00360305264276,1,261160
00360305264519,1,270430
00360305264608,1,280030
00360305264780,1,292740
00360305264861,1,291080
00360305264942,1,291480
00360305265086,1,230440
00360305265167,1,230440
00360305265329,1,150140
00360305265400,1,211130
00360305265590,1,221100
00360305265671,1,130260
00360305265833,1,411850
00360305265914,1,292740
00360305266058,1,530010
00360305266309,1,520870
00360305266562,1,310620
00360305266996,1,410690
00360305267291,1,261160
00360305267453,1,330455
00360305267615,1,431490
00360305267887,1,355030
00360305267968,1,350600
00360305268182,1,354340
00360305268263,1,311940
00360305268344,1,350320
00360305268506,1,510340
00360305268697,1,130260
00360305268778,1,410690
00360305268859,1,412810
00360305268930,1,411990
00360305269073,1,317020
00360305269154,1,315180
00360305269235,1,260410
00360305269316,1,410690
00360305269405,1,410690
00360305269588,1,412810
00360305269669,1,221100
00360305269740,1,410430
00360305269901,1,330455
00360305270080,1,354870
00360305270241,1,411370
00360305270322,1,431440
00360305270403,1,431560
00360305270594,1,420820
00360305270675,1,411990
00360305270756,1,420890
00360305270837,1,261160
00360305270918,1,411840
00360305271051,1,510350
00360305271132,1,411370
00360305271213,1,520140
00360305271485,1,420890
00360305271566,1,312510
00360305271647,1,431490
00360305271728,1,261160
00360305271990,1,261160
00360305272104,1,353440
00360305272295,1,350950
00360305272376,1,314800
00360305272880,1,350635
00360305272961,1,410940
00360305273003,1,354990
00360305273186,1,411370
00360305273267,1,330330
00360305273348,1,530010
00360305273429,1,291955
00360305273500,1,270430
00360305273690,1,430160
00360305273771,1,313375
00360305273852,1,330452
00360305274077,1,431440
00360305274158,1,354990
00360305274239,1,352530
00360305274310,1,316040
00360305274662,1,350760
00360305274824,1,110020
00360305274905,1,431560
00360305275049,1,280030
00360305275553,1,110028
00360305275634,1,510792
00360305275715,1,355220
00360305275804,1,240710
00360305276010,1,354980
00360305276100,1,270430
00360305276363,1,310620
00360305276525,1,354910
00360305276606,1,355030
00360305276797,1,355220
00360305276878,1,316860
00360305277092,1,312230
00360305277335,1,310350
00360305277416,1,221100
00360305277505,1,420690
00360305277688,1,220290
00360305277769,1,350710
00360305277840,1,260410
00360305277920,1,310730
00360305278064,1,220190
00360305278226,1,312410
00360305278307,1,110018
00360305278579,1,354160
00360305278730,1,354140
00360305278900,1,292740
00360305279036,1,350400
00360305279117,1,354780
00360305279974,1,330030
00360305280123,1,160030
00360305280204,1,160030
00360305280557,1,520140
00360305280638,1,150140
00360305280719,1,160030
00360305280808,1,310900
00360305280980,1,330455
00360305281014,1,330225
00360305281286,1,170220
00360305281448,1,530010
00360305281529,1,421780
00360305281600,1,420210
00360305281790,1,420900
00360305282339,1,221100
00360305282410,1,292920
00360305282509,1,411370
00360305282762,1,130260
00360305283068,1,350950
00360305283220,1,530010
00360305283491,1,330455
00360305283734,1,310670
00360305283815,1,310540
00360305283904,1,350700
00360305284110,1,130260
00360305284200,1,431440
00360305284382,1,231140
00360305284544,1,421870
00360305284897,1,110020
00360305284978,1,355220
00360305285001,1,291005
00360305285192,1,230440
00360305285273,1,355030
00360305285354,1,130260
00360305285435,1,317010
00360305285516,1,351380
00360305285605,1,355030
00360305285940,1,431690
00360305286164,1,350950
00360305286245,1,355030
00360305286326,1,410040
00360305286407,1,410765
00360305286598,1,313820
00360305286911,1,353060
00360305287055,1,355220
00360305287136,1,355250
00360305287217,1,354780
00360305287306,1,355030
00360305287489,1,353470
00360305287560,1,354850
00360305287640,1,430690
00360305287802,1,500270
00360305287993,1,355030
00360305288027,1,355030
00360305288108,1,354340
00360305288299,1,353870
00360305288370,1,350950
00360305288450,1,354580
00360305288531,1,355240
00360305288612,1,350950
00360305288701,1,355030
00360305288884,1,355030
00360305288965,1,317080
00360305289007,1,330455
00360305289180,1,420880
00360305289260,1,421770
00360305289341,1,530010
00360305289422,1,421290
00360305289694,1,420500
00360305289775,1,130260
00360305289856,1,355410
00360305289937,1,355030
00360305290005,1,354870
00360305290196,1,354870
00360305290277,1,354990
00360305290358,1,355030
00360305290439,1,330455
00360305290510,1,330455
00360305290609,1,330455
00360305290862,1,350950
00360305290943,1,350380
00360305291087,1,354390
00360305291168,1,355030
00360305291249,1,330455
00360305291320,1,330455
00360305291400,1,330380
00360305291591,1,330455
00360305291753,1,280300
00360305291834,1,431340
00360305291915,1,412625
00360305292059,1,353440
00360305292130,1,353440
00360305292210,1,310620
00360305292300,1,310620
00360305292482,1,355030
00360305292563,1,355030
00360305292644,1,355030
00360305292725,1,351880
00360305292806,1,355030
00360305292997,1,355030
00360305293020,1,354850
00360305293101,1,410690
00360305293292,1,410690
00360305293373,1,330330
00360305293454,1,352940
00360305293535,1,354990
00360305293616,1,354780
00360305293705,1,410690
00360305293969,1,410690
00360305294000,1,311860
00360305294183,1,355030
00360305294264,1,355030
00360305294345,1,240800
00360305294426,1,354890
00360305294507,1,354990
00360305294698,1,354340
00360305294779,1,354340
00360305294850,1,354340
00360305294930,1,354340
00360305295074,1,352590
00360305295155,1,351630
00360305295236,1,350950
00360305295317,1,355030
00360305295406,1,330455
00360305295589,1,330455
00360305295660,1,330455
00360305295740,1,411840
00360305295821,1,411990
00360305296046,1,351380
00360305296208,1,355030
00360305296399,1,354850
00360305296470,1,355030
00360305296550,1,350750
00360305296631,1,350950
00360305296712,1,351110
00360305296801,1,352590
00360305296984,1,354780
00360305297018,1,520870
00360305297107,1,130250
00360305297360,1,330510
00360305297441,1,410580
00360305297522,1,410690
00360305297603,1,110011
00360305297794,1,352690
00360305297875,1,352940
00360305297956,1,420460
00360305298090,1,130260
00360305298170,1,520110
00360305298251,1,317010
00360305298332,1,310620
00360305298413,1,310620
00360305298502,1,510840
00360305298685,1,312230
00360305298766,1,130260
00360305298847,1,353470
00360305298928,1,350600
00360305299061,1,350570
00360305299142,1,261110
00360305299223,1,350320
00360305299304,1,355170
00360305299495,1,355030
00360305299576,1,355030
00360305299657,1,352050
00360305299738,1,410690
00360305299819,1,280670
00360305299908,1,411180
00360305300094,1,520870
00360305300175,1,530010
00360305300256,1,530010
00360305300337,1,292740
00360305300418,1,354870
00360305300507,1,355250
00360305300680,1,355030
00360305300760,1,355030
00360305300841,1,353870
00360305300922,1,355030
00360305301066,1,355030
00360305301147,1,355030
00360305301228,1,355030
00360305301309,1,354990
00360305301490,1,260720
00360305301570,1,260790
00360305301651,1,260410
00360305301732,1,260345
00360305301813,1,261160
00360305301902,1,355030
00360305302038,1,353440
00360305302119,1,354870
00360305302208,1,330330
00360305302380,1,330455
00360305302461,1,330455
00360305302542,1,320520
00360305302623,1,317020
00360305302704,1,140010
00360305302895,1,330490
00360305302976,1,313670
00360305303000,1,320120
00360305303271,1,355030
00360305303352,1,355030
00360305303433,1,353440
00360305303514,1,530010
00360305303603,1,411850
00360305303786,1,520870
00360305303867,1,411820
00360305303948,1,355030
00360305304081,1,130260
00360305304162,1,351880
00360305304243,1,351620
00360305304324,1,315180
00360305304405,1,314330
00360305304596,1,355030
00360305304677,1,353650
00360305304758,1,354890
00360305304839,1,354850
00360305304910,1,355030
00360305305053,1,353440
00360305305134,1,355030
00360305305215,1,520025
00360305305304,1,355030
00360305305568,1,355030
00360305305649,1,355030
00360305305720,1,330455
00360305305800,1,431750
00360305305991,1,355030
00360305306025,1,430210
00360305306106,1,430510
00360305306378,1,431410
00360305306459,1,240800
00360305306530,1,313670
00360305306610,1,412810
00360305306882,1,411370
00360305306963,1,412240
00360305307188,1,330555
00360305307269,1,330455
00360305307340,1,330455
00360305307501,1,530010
00360305307692,1,411370
00360305307773,1,420890
00360305307854,1,421660
00360305307935,1,150140
00360305308150,1,354100
00360305308230,1,421175
00360305308311,1,411820
00360305308400,1,320530
00360305308664,1,354100
00360305308745,1,351880
00360305308826,1,355030
00360305308907,1,170700
00360305309121,1,430510
00360305309202,1,330330
00360305309393,1,330455
00360305309555,1,353800
00360305309636,1,353060
00360305309717,1,355030
00360305309989,1,355030
00360305310057,1,350950
00360305310138,1,160030
00360305310219,1,160060
00360305310561,1,330455
00360305310642,1,330455
00360305310723,1,355030
00360305310804,1,355030
00360305310995,1,350750
00360305311029,1,350450
00360305311100,1,330455
00360305311290,1,430510
00360305311371,1,430700
00360305311452,1,110015
00360305311533,1,314330
00360305311614,1,355030
00360305311703,1,355030
00360305311886,1,354870
00360305311967,1,510760
00360305312009,1,210750
00360305312181,1,210140
00360305312262,1,260005
00360305312343,1,411520
00360305312424,1,355030
00360305312505,1,353440
00360305312696,1,211400
00360305312777,1,354140
00360305312858,1,355030
00360305312939,1,530010
00360305313072,1,420910
00360305313153,1,330455
00360305313234,1,320520
00360305313315,1,530010
00360305313587,1,230760
00360305313668,1,522045
00360305313749,1,292740
00360305313820,1,291080
00360305313900,1,320500
00360305314044,1,431340
00360305314125,1,431680
00360305314206,1,430460
00360305314397,1,150130
00360305314478,1,500270
00360305314559,1,150553
00360305314630,1,330455
00360305314710,1,330040
00360305314800,1,313130
00360305314982,1,355030
00360305315016,1,355645
00360305315105,1,210530
00360305315288,1,317020
00360305315369,1,410690
00360305315601,1,410690
00360305315792,1,411520
00360305315873,1,410690
00360305316250,1,410690
00360305316411,1,411570
00360305316764,1,410690
00360305316845,1,411940
00360305317060,1,410560
00360305317221,1,410940
00360305317302,1,411010
00360305317574,1,410160
00360305317736,1,411520
00360305317817,1,411520
00360305318112,1,410480
00360305318201,1,410480
00360305318384,1,292740
00360305318627,1,411990
00360305318708,1,330455
00360305318899,1,355030
00360305318970,1,521523
00360305319003,1,150680
00360305319194,1,355030
00360305319275,1,150550
00360305319356,1,355030
00360305319437,1,150180
00360305319518,1,351110
00360305319607,1,130406
00360305319780,1,352590
00360305320010,1,150442
00360305320109,1,291070
00360305320362,1,291360
00360305320443,1,292990
00360305320524,1,130260
00360305320605,1,290570
00360305320877,1,355030
00360305320958,1,270030
00360305321091,1,353060
00360305321172,1,355030
00360305321253,1,351870
00360305321334,1,521150
00360305321415,1,500660
00360305321687,1,355030
00360305321768,1,355030
00360305321849,1,351500
00360305321920,1,130260
00360305322063,1,260960
00360305322144,1,312230
00360305322225,1,160030
00360305322306,1,330455
00360305322497,1,261160
00360305322578,1,330455
00360305322659,1,120040
00360305322730,1,140010
00360305322810,1,261160
00360305322900,1,150080
00360305323035,1,290600
00360305323116,1,351880
00360305323205,1,355030
00360305323388,1,291400
00360305323469,1,312770
00360305323540,1,431410
00360305323620,1,130420
00360305323701,1,355030
00360305323892,1,330350
00360305323973,1,330100
00360305324007,1,430460
00360305324198,1,330455
00360305324279,1,240810
00360305324350,1,355030
00360305324430,1,353440
00360305324511,1,354980
00360305324600,1,530010
00360305324783,1,530010
00360305324864,1,292740
00360305325160,1,290600
00360305325321,1,351510
00360305325402,1,352530
00360305325593,1,355220
00360305325674,1,355030
00360305325755,1,520110
00360305325836,1,520110
00360305325917,1,110012
00360305326050,1,150140
00360305326212,1,355030
00360305326301,1,353440
00360305326484,1,150140
00360305326727,1,520860
00360305326999,1,352390
00360305327022,1,354980
00360305327103,1,355030
00360305327294,1,355410
00360305327375,1,211130
00360305327456,1,317020
00360305327537,1,120034
00360305327707,1,355030
00360305327880,1,355030
00360305327960,1,351880
00360305328002,1,355030
00360305328185,1,230370
00360305328266,1,420910
00360305328509,1,312770
00360305328690,1,313130
00360305328932,1,355030
00360305329157,1,355030
00360305329319,1,411820
00360305329408,1,431440
00360305329580,1,351880
00360305329661,1,350160
00360305329742,1,352900
00360305329823,1,420830
00360305329904,1,420910
00360305330082,1,351380
00360305330163,1,430460
00360305330325,1,280450
00360305330406,1,411990
00360305330597,1,330455
00360305330678,1,355030
00360305330759,1,330455
00360305330830,1,320130
00360305330910,1,530010
00360305331054,1,530010
00360305331135,1,310620
00360305331216,1,355030
00360305331488,1,172100
00360305331569,1,250970
00360305331720,1,355030
00360305332026,1,120040
00360305332298,1,410690
00360305332530,1,355030
00360305332611,1,412800
00360305332700,1,410050
00360305332883,1,355030
00360305332964,1,530010
00360305333421,1,352040
00360305333502,1,355030
00360305333693,1,354730
00360305333936,1,120060
00360305334070,1,120050
00360305334231,1,410690
00360305334312,1,421480
00360305334665,1,355100
00360305335041,1,313300
00360305335122,1,292740
00360305335203,1,410660
00360305335394,1,410370
00360305335807,1,330455
00360305336013,1,530010
00360305336285,1,411750
00360305336366,1,412550
00360305336447,1,420845
00360305336609,1,320410
00360305336870,1,260290
00360305336951,1,520620
00360305337095,1,320530
00360305337176,1,412550
00360305337257,1,260600
00360305337338,1,270300
00360305337419,1,292740
00360305337680,1,316110
00360305337761,1,316190
00360305337842,1,311230
00360305337923,1,410690
00360305338300,1,510525
00360305338490,1,510267
00360305338571,1,172120
00360305338652,1,270030
00360305338733,1,410690
00360305338903,1,221100
00360305339110,1,330240
00360305339209,1,420540
00360305339381,1,354870
00360305339462,1,291060
00360305339624,1,230440
00360305339705,1,410690
00360305339896,1,313670
00360305340398,1,521090
00360305391111,1,530010
00360305391464,1,350950
00360305391545,1,411915
00360305391626,1,431490
00360305391707,1,432145
00360305391979,1,420420
00360305392002,1,530010
00360305392193,1,530010
00360305392274,1,412810
00360305392355,1,432240
00360305392436,1,172100
00360305392517,1,431690
00360305392606,1,431410
00360305392789,1,510704
00360305392860,1,431750
00360305393084,1,430160
00360305393165,1,430510
00360305393246,1,431710
00360305393408,1,431340
00360305393599,1,410480
00360305393750,1,410940
00360305393912,1,172100
00360305394056,1,280030
00360305394218,1,431490
00360305394480,1,411520
00360305394560,1,291480
00360305394641,1,293330
00360305394722,1,430210
00360305394803,1,292530
00360305394994,1,291360
00360305395028,1,120040
00360305395370,1,500270
00360305395451,1,420240
00360305395532,1,430510
00360305395702,1,431340
00360305395885,1,211130
00360305395966,1,211130
00360305396008,1,211130
00360305396180,1,317020
00360305396261,1,430510
00360305396342,1,221100
00360305396504,1,350600
00360305396695,1,352690
00360305396776,1,354140
00360305396857,1,355220
00360305396938,1,353870
00360305397071,1,354980
00360305397152,1,350280
00360305397233,1,352900
00360305397314,1,430460
00360305397586,1,311830
00360305397667,1,410830
00360305397748,1,410830
00360305397900,1,412770
00360305398043,1,410840
00360305398124,1,410140
00360305398205,1,410480
00360305398396,1,410480
00360305398477,1,410690
00360305398710,1,250400
00360305398809,1,317010
00360305398981,1,313420
00360305399015,1,130260
00360305399104,1,140010
00360305399287,1,310620
00360305399368,1,320530
00360305399449,1,355030
00360305399520,1,351620
00360305399953,1,317020
00360305400200,1,410830
00360305400390,1,411850
00360305400471,1,350950
00360305400552,1,411370
00360305400633,1,410830
00360305400714,1,355030
00360305400803,1,355030
00360305400986,1,355030
00360305401010,1,355030
00360305401109,1,355030
00360305401281,1,355030
00360305401443,1,330340
00360305401796,1,431490
00360305401877,1,330630
00360305401958,1,330630
00360305402091,1,330455
00360305402172,1,330455
00360305402253,1,330240
00360305402334,1,291080
00360305402504,1,221100
00360305402687,1,351380
00360305402768,1,354870
00360305402849,1,261110
00360305402920,1,420460
00360305403063,1,230440
00360305403144,1,355030
00360305403225,1,355030
00360305403306,1,355030
00360305403730,1,354870
00360305403810,1,355030
00360305403900,1,355280
00360305404035,1,353440
00360305404205,1,351880
00360305404388,1,330455
00360305404469,1,330455
00360305404540,1,313620
00360305404701,1,355030
00360305404892,1,355030
00360305404973,1,355030
00360305405007,1,355030
00360305405198,1,355030
00360305405350,1,351060
00360305405430,1,355030
00360305405511,1,355030
00360305405600,1,350950
00360305405783,1,350950
00360305405864,1,354780
00360305405945,1,310620
00360305406089,1,270430
00360305406160,1,270430
00360305406240,1,330455
00360305406321,1,330455
00360305406402,1,330455
00360305406593,1,172100
00360305406674,1,314790
00360305406755,1,355030
00360305406836,1,352440
00360305406917,1,355030
00360305407050,1,355030
00360305407131,1,355030
00360305407212,1,355030
00360305407301,1,350950
00360305407484,1,355030
00360305407565,1,353060
00360305407646,1,355030
00360305407727,1,355030
00360305407808,1,350600
00360305407999,1,351880
00360305408022,1,351880
00360305408103,1,355410
00360305408294,1,354340
00360305408375,1,350950
00360305408456,1,350950
00360305408537,1,355030
00360305408618,1,330455
00360305408707,1,330455
00360305408880,1,351907
00360305408960,1,350950
00360305409002,1,355220
00360305409185,1,354990
00360305409266,1,354870
00360305409347,1,354780
00360305409428,1,355030
00360305409509,1,330045
00360305409690,1,292740
00360305409770,1,330414
00360305409851,1,411180
00360305409932,1,250750
00360305410191,1,350400
00360305410272,1,354890
00360305410353,1,350320
00360305410434,1,353870
00360305410515,1,355030
00360305410604,1,355410
00360305410787,1,351840
00360305410949,1,291080
00360305411082,1,150140
00360305411163,1,292740
00360305411244,1,292740
00360305411325,1,352900
00360305411406,1,354140
00360305411597,1,354880
00360305411678,1,355030
00360305411759,1,330455
00360305411830,1,330170
00360305411910,1,330340
00360305412054,1,330100
00360305412135,1,292740
00360305412216,1,350280
00360305412305,1,420910
00360305412488,1,410480
00360305412569,1,355030
00360305412640,1,355030
00360305412801,1,355030
00360305412992,1,355100
00360305413026,1,355030
00360305413298,1,350570
00360305413450,1,355030
00360305413530,1,355030
00360305413611,1,355030
00360305413700,1,355220
00360305413883,1,355030
00360305413964,1,355030
00360305414006,1,354850
00360305414189,1,355030
00360305414260,1,355030
00360305414340,1,330490
00360305414421,1,330455
00360305414502,1,330320
00360305414693,1,330390
00360305414774,1,330455
00360305414855,1,330455
00360305414936,1,330510
00360305415070,1,355030
00360305415150,1,353070
00360305415231,1,431340
00360305415401,1,355030
00360305415584,1,355030
00360305415665,1,410830
00360305415746,1,310620
00360305415827,1,355030
00360305415908,1,355030
00360305416041,1,293330
00360305416122,1,330490
00360305416203,1,330170
00360305416475,1,430510
00360305416637,1,530010
00360305416718,1,530010
00360305416980,1,355030
00360305417013,1,355030
00360305417102,1,500370
00360305417285,1,431440
00360305417366,1,420420
00360305418176,1,410840
00360305418257,1,411850
00363483000199,1,315690
00366099000140,0,316290
00366163000192,1,430930
00366402000104,1,355030
00366849000183,1,530010
00366982000130,1,520870
00372496000124,1,353630
00376507000144,1,261160
00378719000160,0,352670
00378932000172,1,354780
00379190000108,1,130260
00390664000295,0,270430
00392178000125,1,420820
00392426000138,1,350840
00399857000126,1,530010
00399857000207,1,314330
00399857000398,1,292740
00399857000479,1,261110
00399857000550,1,280030
00399857000711,1,310620
00399857000800,1,261160
00399857000983,1,290320
00399857001017,1,291170
00399857001106,1,290910
00399857001360,1,291460
00399857001440,1,290390
00399857001521,1,270670
00399857001955,1,310855
00399857002412,1,314350
00399857002501,1,221100
00399857002765,1,280570
00399857002846,1,291840
00400634000131,1,352590
00401981000189,0,420540
00415628000158,1,311830
00418477000191,1,410690
00423733000481,1,150140
00423733001615,1,354850
00424275000152,1,520870
00425361000180,1,355030
00425586000136,1,354800
00428307000198,1,420420
00432572000140,0,291750
00434799000124,0,351150
00435662000194,1,261160
00436042009550,0,313670
00436042010132,0,431490
00436334000102,1,410690
00436923000190,1,530010
00444232000139,1,353850
00444232000309,1,353850
00445637000191,0,270430
00446473000117,1,355030
00446969000190,1,355170
00450968000110,1,330455
00451867000406,0,351230
00455525000111,1,410690
00455984000367,1,352720
00455985000735,1,352720
00459082000137,1,520110
00461569000154,0,351040
00462307000104,1,261160
00463368000196,0,230440
00465813000157,1,231180
00465813000238,1,230550
00466591000278,1,353500
00466591000430,1,353500
00466591000782,1,500020
00467286000110,1,521450
00469778000144,1,355250
00470413000130,1,350520
00474973000162,1,330455
00474973000243,1,330455
00474973000596,1,410690
00474973000677,1,431490
00474973000758,1,261160
00474973001053,1,355030
00474973001134,1,230440
00474973001304,1,310620
00474973001487,1,420540
00474973001568,1,530010
00474973001720,1,320530
00474973001991,1,150140
00474973002025,1,520870
00474973002459,1,211130
00474973002530,1,510340
00474973002610,1,354340
00474973002700,1,354850
00474973002882,1,330070
00474973002963,1,317020
00474973003188,1,350950
00474973003269,1,354780
00474973003340,1,330455
00480542000109,1,352640
00483927000120,1,351540
00489115000191,1,316930
00492142000466,1,314710
00494679000112,1,420460
00498465000114,1,431830
00498981000149,1,354870
00501707000181,0,353870
00501887000100,1,355340
00503730000105,1,530010
00505807000186,0,354220
00509612000104,1,530010
00509628000117,0,353070
00510574000100,1,352130
00512134000191,0,521930
00514820000100,1,354870
00514820000606,0,315250
00520958000103,1,355170
00521977000154,1,240325
00529784000140,1,530010
00529958000174,1,530010
00530957000140,1,330455
00530957000220,1,330490
00531590000189,1,530010
00535681000192,1,410690
00541659000236,0,240810
00543035000258,1,315180
00544659000109,1,530010
00546997000341,1,510030
00552646000181,0,522140
00553772000150,1,421950
00557781000110,1,311830
00559712000145,1,421120
00559907000195,1,355030
00566686000182,1,350600
00568596000120,1,410690
00580159000122,0,530010
00580567000184,1,353870
00580571000142,1,530010
00582211000180,1,311530
00584567000152,1,410690
00584911000103,1,352210
00588577000166,0,351150
00593189000173,1,353070
00595040000123,1,353080
00595322000120,1,521170
00599433000105,0,351150
00600488000198,1,150497
00601054000102,1,530010
00601487000168,1,431180
00601672000152,1,350650
00608681000175,1,352530
00609820000185,1,317020
00616989000162,1,410690
00616989000324,1,420540
00616989000405,1,420540
00620226000195,1,315700
00626948000157,1,351300
00627727000101,1,150140
00627797000151,1,315250
00628107000189,0,530010
00628107000260,0,150140
00628107000340,1,261160
00628107000421,1,310620
00628107000502,1,330455
00628107000693,1,410690
00628107000855,1,411520
00628107001070,0,292740
00628107001150,1,410830
00628107001231,0,420540
00628107001584,0,530010
00628107001665,0,510340
00628107001746,0,520880
00628107001827,0,500270
00628107001908,1,355030
00628107002041,0,120040
00628107002122,1,230440
00628107002203,1,320530
00628107002394,1,211130
00628107002475,0,221100
00628107002556,0,270430
00628107002807,0,110020
00628107002980,0,280030
00628107003013,0,431490
00628107003102,0,240810
00628107003285,0,250750
00628107004680,1,317020
00628107004761,1,317010
00628107004923,1,313670
00628107005148,1,312770
00628107005229,1,317070
00628107005814,0,420910
00628107006209,1,330100
00628107006381,0,430510
00628107006624,0,431440
00628107007191,0,431560
00628107007434,0,431340
00628107007949,0,431690
00628107008082,1,330330
00628107008163,0,431410
00628107008910,1,172100
00629942000133,1,353650
00632572000193,1,510340
00633053000140,1,353440
00634901000216,0,520320
00637960000167,1,350950
00637960000248,1,350950
00641541000107,1,310620
00643878000145,0,311830
00647729000154,1,250750
00648966000130,1,261160
00649102000213,0,510035
00649839000155,1,355450
00649839000317,1,355450
00649990000193,0,330455
00649990000274,0,320530
00649990000355,0,330330
00649990000436,0,330010
00649990000517,0,330240
00649990000606,0,330025
00654107000153,0,520870
00660903000107,1,310620
00665633000119,0,221100
00666775000109,1,353950
00667476000180,1,410550
00668554000161,1,317020
00673757000146,1,330455
00684808000135,1,110002
00684808000216,1,110110
00685383000189,0,410480
00686070000145,1,420390
00688029000108,1,430510
00689909000107,1,230440
00691905000155,1,311800
00695584000167,1,412080
00703340000189,0,354870
00703697000167,1,313670
00704719000103,0,410180
00712411000100,1,530010
00713610000132,1,530010
00716481000136,1,420910
00717967000199,1,530010
00718205000107,1,530010
00719682000197,0,530010
00720408000138,1,431140
00727754000148,1,315180
00728165000265,0,260790
00728995000373,1,411820
00728995000969,1,431560
00733658000102,1,291640
00735886000111,1,530010
00736546000105,1,530010
00738822000255,0,292770
00739209000171,1,352590
00746523000181,1,354780
00750846000149,1,420910
00753966000108,1,110004
00763832000160,1,315210
00764187000108,1,355030
00771598000112,1,420390
00771945000107,1,317010
00774260000114,1,510340
00777858000590,1,250750
00777858000671,0,241200
00778062000129,1,261160
00779192000186,0,410180
00782468000185,1,230440
00784486000104,0,315400
00786246000130,1,412550
00788483000300,1,311860
00789312000126,1,354870
00791802000167,1,316720
00791815000136,1,316720
00792840000134,1,420540
00799205000189,0,520870
00802235000105,1,420540
00807979000104,1,230440
00808152000115,1,354980
00811558000157,1,355250
00814820000117,1,311860
00821115000147,1,352530
00827252000199,0,250750
00831373000295,0,352930
00831373005335,0,354850
00841607000102,1,355400
00841609000193,1,351380
00842947000140,1,421930
00844020000149,1,530010
00851158000175,1,350010
00855008000130,1,355030
00855838000167,0,420420
00857758000140,1,354880
00857758001031,1,351518
00857758001201,0,314730
00857758002003,1,311860
00859626000158,0,314050
00861626000192,0,354680
00862472000153,0,350550
00864214000106,0,311530
00867888000164,1,355030
00868190000163,1,510180
00879252000132,1,431990
00879252000213,1,430620
00880578000180,1,354980
00880578000422,1,354980
00880578000694,1,354980
00888476000100,1,352850
00892361000190,0,130260
00894031000133,1,355670
00896853000153,0,250750
00896998000154,1,420540
00900716000145,1,355030
00900849000111,1,350320
00901443000153,1,230440
00903359000179,0,110020
00904375000186,1,520870
00906996000107,1,261160
00907845000165,1,355030
00907845001560,0,350760
00913443000173,1,412550
00913872000140,1,351960
00914726000130,0,316990
00916402000130,1,432040
00924429000175,0,310620
00924432000199,1,355670
00924545000194,1,354780
00928999000133,1,421820
00929824000140,1,310420
00938877000128,1,530010
00938877000209,1,530010
00943094000132,0,330240
00947763000144,1,292740
00950062000164,1,350410
00950724000104,0,150050
00952948000147,1,313840
00954394000117,1,230523
00958958000190,1,410860
00959203000100,1,150553
00961315000103,1,314390
00961315000286,1,314390
00962205000158,1,352530
00962757000166,1,430920
00964046000120,1,150553
00969641000159,0,355030
00969792000107,1,230440
00979156000166,1,330330
00980032000109,1,330455
00980360000288,0,355250
00981411000105,0,351370
00981451000157,1,355220
00985615000114,1,351620
00987048000135,1,353070
00987500000169,0,411370
00987763000178,1,410480
00990496000198,1,355030
00990842000138,1,230370
00990842000308,1,230370
00991591000106,1,314330
00991591000297,1,314330
00993264000193,0,411370
00993264001912,0,411370
00993264003109,0,411370
00993264005667,0,411370
00993264006124,0,411370
00994571000270,1,353870
00995046000198,1,410690
00999856000112,1,355030
00999856000384,1,410690
01002047000408,0,250180
01002248000154,0,240810
01002612000186,1,315250
01002664000152,0,330630
01003447000187,1,350100
01007714000194,1,317010
01011189000180,1,431180
01011865000116,1,520870
01013017000146,0,353870
01013999000176,1,354850
01016179000138,0,500830
01016179000219,0,500270
01016179000561,0,500290
01021533000112,0,314800
01023556000166,1,270430
01024647000116,1,354340
01025316000109,0,230428
01026107000171,1,314330
01026283000103,1,310400
01027335000166,1,355220
01028067000105,1,530010
01029312000190,0,410180
01029312000271,0,353650
01030942000851,1,410690
01031655000190,1,352530
01036755000109,1,520110
01036755000451,1,530010
01036755000885,1,530010
01036755000966,1,530010
01036755001261,1,530010
01039778000177,1,430820
01040049000130,1,354850
01040520000271,1,313010
01046691000127,1,420910
01052573000121,1,354890
01052874000155,1,316930
01059631000300,1,352390
01062529000100,0,353930
01064333000147,1,410690
01066332000131,0,352940
01067879000151,1,260790
01068287000154,1,520870
01069573000568,1,412550
01072194000101,1,353610
01075496000125,1,354780
01077145000153,1,261160
01081026000174,0,290850
01084855000100,1,410690
01093855000177,1,500270
01094488000126,0,330420
01096946000166,1,355250
01098983000103,1,230630
01098983000537,1,231380
01100467000176,0,110020
01103825000102,1,432090
01105558000102,1,313630
01106222000156,1,130260
01110409000123,1,330370
01115032000103,0,353870
01115535000170,1,421620
01115825000548,1,260290
01117710000169,1,355670
01124863000133,1,351350
01126946000161,1,355030
01127311000189,1,420240
01127434000110,1,352530
01127876000166,1,316720
01132827000111,0,350650
01136406000169,1,353140
01136750000158,1,260790
01139242000123,0,354805
01141531000167,1,230730
01145854000129,1,530010
01147829000265,1,351518
01149953000189,1,355030
01149953000340,1,355030
01149953000502,0,354340
01149953001401,0,330330
01149953002122,1,317020
01159435000570,1,260410
01165305000116,0,314330
01165715000167,1,251370
01168384000119,1,510790
01172656000316,0,320500
01177248000195,0,410430
01178298000197,1,412080
01178298000510,0,330411
01178298000600,1,412550
01181263000107,0,520140
01183070000195,1,230765
01189830000171,0,351840
01189830000414,0,354680
01192333000122,1,355240
01199377000184,1,410690
01200710000128,1,315720
01200788000142,0,351880
01202474000189,1,355030
01206820000520,0,355030
01207751000146,0,250750
01212399000137,1,315250
01219199000106,1,320530
01225861000130,1,530010
01226896000194,1,530010
01227480000190,1,351880
01232642000189,1,150140
01234750000190,1,421660
01238917000191,1,352060
01240960000191,0,330455
01241994000109,1,260720
01241994000281,1,291800
01241994000362,1,261160
01241994000443,1,292920
01241994000877,1,291480
01245439000147,0,330420
01252046000160,1,355030
01253958000157,1,351620
01261681000104,1,410690
01266635000106,0,353870
01266841000108,1,354880
01269984000173,1,520870
01277298000144,0,420540
01281521000127,0,355030
01282931000192,0,280030
01284260000107,0,352260
01287416000103,1,520870
01287588000179,1,230640
01287588000250,1,230640
01289271000503,1,510840
01289900000163,1,431600
01291412000190,0,353340
01301007000106,1,421510
01301612000187,1,230765
01306014000109,0,411915
01306145000188,1,352340
01306145000269,1,352340
01306145000340,1,352340
01306145000420,1,352340
01306145000501,1,352340
01307936000122,0,352670
01316344000177,1,352940
01322816000102,1,421660
01327321000168,1,421105
01329776000546,0,312800
01331652000171,1,354850
01332720000117,0,354780
01334364000170,0,430780
01335341000180,1,421130
01335594000154,0,313630
01335910000198,1,261420
01336162000168,1,351670
01337778000153,1,354870
01339808000160,1,315180
01340509000146,1,240325
01341166000134,1,420910
01345831000168,0,355670
01352473000110,0,352390
01353942000116,0,261160
01363446000143,1,315170
01364530000181,0,314220
01368298000150,1,353070
01369424000433,1,330340
01370425000155,0,352690
01370480000145,0,522140
01376079000112,1,355220
01377555000110,0,520540
01377889000193,0,315960
01379696000171,0,350600
01380283000107,1,313670
01388449000131,0,353870
01392113000142,1,354580
01392114000197,1,354580
01397555000181,1,410690
01404512000186,1,351410
01412001000106,1,354780
01414296000150,1,352590
01417222000177,0,330455
01417222000258,0,355030
01417222000339,0,313670
01420898000110,1,352530
01426557000151,1,530010
01429259000115,0,352310
01432198000145,1,431180
01432678000106,1,431290
01435460000105,1,520870
01435719000118,1,353070
01436220000125,0,240810
01437408000198,1,230440
01438784002060,1,431490
01446719000113,1,250750
01450804000155,0,410690
01455474000190,1,355030
01456223000120,1,310020
01461772000193,1,351880
01464301000139,0,351150
01466091000460,0,410180
01466377000101,0,310620
01466897000106,0,130260
01468680000135,1,314330
01472053000178,1,314590
01472346000155,1,150140
01472720000112,0,352470
01478812000100,1,280030
01484046000196,0,350840
01485852000189,0,351150
01486413000190,1,420910
01487054000196,1,351880
01491904000120,1,311530
01495691000104,1,352340
01498525000161,0,351907
01503475000163,1,314790
01503475000244,1,314790
01506048000139,1,330630
01509731000120,1,315250
01510258000109,1,430510
01510811000286,1,250400
01511345000172,1,352670
01512312000147,1,430700
01513074000194,1,150553
01518478000170,1,150080
01522368000182,1,355030
01524606000199,0,350840
01527330000100,0,351350
01527508000105,0,355220
01528621000105,1,352400
01528621000296,1,352400
01531498000181,0,351150
01533221000198,1,410860
01534080010190,0,520110
01534080013378,0,172100
01534080013882,0,520110
01534080013963,0,172100
01534080014501,0,172100
01534080016202,0,170210
01534080016393,0,171610
01534080016636,0,520110
01535921000111,0,520870
01536754000123,1,520870
01539761000189,1,354870
01540264000109,1,410180
01542613000202,1,421930
01542714000194,1,421620
01547502000108,1,290320
01554212000507,1,420910
01554212001589,1,420910
01554976000250,0,350570
01557353000150,1,291800
01557353000400,1,291080
01557353000583,1,290650
01557353000664,1,291080
01562056000100,0,350730
01565130000134,1,420890
01571066000102,0,520870
01571413000199,1,520870
01572882000122,1,520870
01573246000115,1,355030
01576194000130,1,352530
01576817000175,0,350950
01581193000184,1,520870
01584383000155,0,510370
01585268000103,0,313760
01585358000277,0,150616
01585733000106,1,350160
01587609000171,1,520870
01587894000120,1,500270
01588549000101,0,330100
01589549000126,1,353080
01590082000134,1,520870
01591897000138,1,311030
01594992000195,1,410690
01598701000137,1,354140
01599419000174,1,330455
01600155000121,1,314810
01601432000110,0,330455
01603041000135,1,352940
01605213000100,1,354980
01605614000160,1,410690
01606048000100,0,330420
01606287000160,0,315250
01610798000318,0,260790
01611622000119,0,410180
01611942000179,1,261160
01612975000133,0,150380
01613058000173,1,520870
01613058000254,1,520870
01615814002066,1,520870
01615814004433,1,260600
01615814004514,1,315250
01616896000109,1,420530
01618778000121,0,230440
01623587000158,0,241200
01629083000226,1,421870
01633874000149,1,314810
01635671000191,1,530010
01639246000170,0,353960
01640335000137,1,412550
01640625000180,0,431560
01644884000180,1,354150
01645009000112,1,510340
01645009000201,1,510340
01647296000108,1,520870
01650167000160,1,520870
01651189000145,1,352530
01652694000104,1,530010
01652694000295,1,530010
01652694000376,1,530010
01653450000146,0,520870
01654868000178,0,353540
01656808000356,1,320240
01657434000121,1,354780
01659386000100,1,520870
01659735000194,1,314330
01660282000116,1,410580
01660282000205,1,410580
01661559000125,1,420730
01668021000142,1,150553
01668752000198,0,221100
01672223000168,0,520425
01673025000208,1,170700
01673025000380,1,170700
01673025000461,1,171525
01673025000542,1,172090
01676897000300,1,110020
01677023000106,0,410180
01678426000161,0,314810
01679152000125,0,350950
01682695000100,1,260170
01682695000282,1,260600
01682695000525,1,260600
01682695000606,1,260030
01682695000959,1,261070
01683557000137,0,292740
01685903000620,1,520870
01688199000155,1,150080
01691041000134,1,410690
01691041000800,1,410690
01691041000991,1,410690
01691944000115,1,410690
01696423000150,1,314590
01701045000156,0,221100
01703245000148,1,354870
01711174000125,1,313170
01715975000169,0,410690
01718586000197,1,313510
01724535000178,1,354780
01724873000100,1,354160
01725818000134,1,354400
01730520000201,0,353070
01730520000899,1,410230
01730520001518,0,330490
01731083000151,1,352520
01731676000460,0,432040
01732636000190,1,354780
01732818000161,0,355670
01734015000146,0,355240
01735649000113,1,351750
01741119000188,1,421120
01741392000102,1,352940
01743203000130,1,350590
01744271000114,1,421360
01750022000131,1,352760
01751888000167,1,330540
01752683000104,1,311030
01753491000104,1,353670
01756357000167,1,350950
01761016000180,1,250700
01761016000260,1,250890
01769569000189,0,261160
01770422000109,0,352400
01770422000532,0,352400
01770766000118,1,291080
01771241000288,1,352390
01773463000159,0,354870
01775596000164,1,354780
01775843000122,1,316430
01777936000196,1,355220
01781573000162,1,261160
01782138000152,1,313840
01785921000170,1,150140
01786955000189,1,354150
01795260000163,0,355670
01797510000102,1,410580
01799304000123,1,354850
01807185000103,0,170210
01808160000124,1,354980
01819550000108,1,230440
01823120000151,0,313670
01823120000232,0,313670
01823386000102,0,230440
01823724000106,1,421105
01824763000209,1,354390
01826229000304,1,420820
01826229000576,1,355030
01827177000471,1,411720
01829327000133,1,411915
01838711000100,0,354880
01838723000550,0,430040
01838723001280,0,430100
01838723001875,0,430100
01838723002090,0,430830
01838723003657,0,432130
01838723003908,0,432300
01838723004629,0,431490
01838723004700,0,431140
01838723004971,0,430880
01838723005005,0,431490
01838723005358,0,430770
01838723005781,0,431120
01838723009345,1,510622
01838723009507,1,510622
01838723010866,0,411850
01838723011161,0,410840
01838723011242,0,410840
01838723011676,0,410465
01838723011757,0,410465
01838723011838,0,410465
01838723012303,0,410940
01838723012567,0,412550
01838723013377,0,520870
01838723014349,0,420390
01838723014420,1,420400
01838723014691,0,420670
01838723014853,0,420390
01838723015159,1,421440
01838723015310,0,420670
01838723015400,0,420390
01838723015582,1,420400
01838723015825,0,420390
01838723015906,0,420670
01838723016120,0,420670
01838723016554,0,420390
01838723017011,0,420820
01838723017100,0,420820
01838723020586,0,421930
01838723020829,0,421930
01838723020900,0,421930
01838723021043,0,421930
01838723021396,0,421930
01838723021477,0,421930
01838723021639,0,421930
01838723022104,0,421930
01838723022449,0,421930
01838723022520,0,421930
01838723022872,0,430870
01838723022953,0,430870
01838723023259,0,431560
01838723023763,0,432040
01838723023925,0,431180
01838723024140,0,431180
01838723024573,0,431180
01838723024654,0,431180
01838723024816,0,431180
01838723025111,0,431180
01838723025200,0,431180
01838723025464,0,431180
01838723025626,0,432040
01838723025979,1,292740
01838723026355,0,150080
01838723026436,1,292740
01838723026940,0,421930
01838723027084,0,421930
01838723027831,1,420360
01838723027912,1,530010
01838723028056,1,530010
01842465000152,0,261070
01843765000156,0,330100
01847523000130,0,420420
01849685000108,1,352530
01851716000165,0,520140
01856843000157,1,313050
01857539000124,0,355030
01857673000125,1,351570
01858750000161,1,431140
01859823000210,0,330400
01862889000189,1,410940
01865585000175,1,261160
01867617000171,1,420820
01869253000240,0,354980
01871132000151,0,354150
01873759000141,1,291080
01874268000115,1,355220
01879689000139,0,352680
01880453000112,0,354780
01883426000101,1,421120
01884833000125,1,240810
01887343000182,1,410690
01888665000146,0,311530
01891958000182,0,352680
01897291000125,1,352480
01897411000356,1,352390
01900847000195,1,411820
01910998000124,0,230440
01920734000151,1,353030
01922461000184,1,420780
01926755000184,1,355250
01926889000103,0,130260
01930685000138,1,355220
01931246000140,1,420540
01935393000511,1,430920
01939460000142,0,352530
01939979000120,1,353870
01939979000392,1,353870
01940241000183,0,351310
01942223000130,1,411070
01945978000199,0,110012
01948381000106,0,260680
01949481000149,1,353870
01950374000130,1,330330
01952287000112,1,261160
01952683000140,1,420890
01955808000276,1,310620
01959422000151,0,130260
01961898000127,0,352260
01962227000180,0,351150
01963965000142,1,521460
01964081000102,0,330630
01967685000102,1,420910
01970368000145,0,410690
01973478000160,0,530010
01984199000100,0,530010
01984600000102,0,354850
01987011000170,1,130190
01988959000140,0,130260
01991596000100,1,350010
01998585000143,1,350850
02000889000132,1,431490
02001597000114,1,420800
02001597000203,1,521440
02002836000150,0,420910
02003402000760,1,354850
02003402004324,1,520505
02003402004677,1,420900
02003575000193,0,230440
02008461000136,0,160060
02008461000217,0,160040
02010478000128,1,530010
02011086000183,1,421930
02012525000172,1,432145
02020629000129,1,420140
02024748000150,1,315250
02025509000114,1,311320
02027519000199,1,421930
02032063000155,1,420200
02034423000158,1,350160
02036483000614,0,290570
02036574000145,1,412090
02037142000159,1,354890
02041066000317,1,260720
02041322000104,1,410720
02042860000113,1,353080
02044059000298,1,412550
02045925000184,1,410690
02046455000254,1,260720
02047570000162,0,315960
02054386000140,1,260790
02059753000106,1,310620
02061527000151,1,314330
02062476000182,0,352530
02066129000128,1,352590
02068925000108,1,313240
02069153000463,0,310670
02069351000184,0,150380
02069732000163,0,350960
02073507000109,1,355030
02076862000123,1,291080
02077058000169,1,354850
02077060000138,0,410400
02077546000176,1,320500
02077618000428,1,521930
02077618000509,1,521930
02077618001319,1,520013
02077618002803,1,520013
02077618003362,1,521930
02079175000161,1,354870
02083463000190,1,520870
02083767000157,1,210255
02084959000188,0,354520
02089969000530,1,520330
02090627000106,1,351380
02096389000146,1,354140
02096806000150,1,412550
02097007000107,1,355670
02103836000147,1,520870
02107071000113,0,355030
02108874000192,1,313130
02114984000167,0,150309
02116365000101,0,261160
02116952000109,1,520110
02118203000102,0,110020
02125127000162,1,352550
02126558000143,0,210030
02126614000140,1,330455
02126838000151,1,420910
02131646000303,0,170700
02132510000148,1,120040
02139652000137,1,500270
02139652000218,1,500270
02139652000307,1,500270
02140198000134,0,130260
02140316000104,1,430460
02142387000146,1,351880
02144496000100,0,351040
02144885000128,1,354000
02147467000194,1,412550
02152428000185,0,355400
02156757000102,0,354780
02160284000109,1,430920
02160284000290,1,350850
02163314000130,1,354780
02163440000195,1,350630
02167722000160,1,314930
02169074000262,0,350950
02170435000100,1,310400
02173216000184,1,420580
02174299000126,0,350600
02177245000114,1,352680
02180624000163,1,315180
02180764000131,1,330490
02181367000184,1,315780
02191601000154,1,411520
02191601000235,1,411480
02191601000316,1,412040
02191601000405,1,410790
02191601000588,1,410630
02191601000669,1,410430
02191601000740,1,410150
02195497000176,1,421120
02195554000117,1,412080
02204374000154,1,311830
02207877000183,1,520870
02209586000124,0,410860
02220927000162,1,352050
02221155000183,1,412550
02221358000170,1,411070
02221531000130,1,411990
02222305000173,1,520870
02222736000130,1,411370
02223370000113,1,410690
02223966000547,0,355030
02224206000120,1,330140
02224206000201,1,330240
02224206000473,1,330240
02224206000635,1,330140
02224206000716,1,330140
02226707000146,0,311860
02227092000172,0,351040
02227767000183,0,520110
02228168000184,0,221100
02228721000189,1,410480
02228721000260,1,410480
02228721000340,1,410480
02228721000421,1,410480
02228721000502,1,410480
02228721000693,1,410480
02228721000774,1,410480
02228721000855,1,410480
02228721000936,1,410480
02228721001070,1,410480
02228721001150,1,410480
02228721001231,1,410480
02229875000195,1,250750
02231072000175,1,351230
02231952000141,1,530010
02231952000222,1,530010
02233441000169,0,313420
02234233000184,0,352010
02234234000129,0,354780
02235994000150,1,410180
02235994000312,1,351907
02241105000168,1,420910
02244309000152,1,521450
02246151000150,1,150553
02246382000163,1,313310
02247217000126,0,130260
02250967000157,1,520510
02252665000118,0,221100
02254093000106,0,310620
02254093000530,0,310620
02257956000107,1,310670
02260984000175,1,260960
02263169000160,0,315400
02265344000158,0,355010
02271201000159,1,240710
02274937000180,1,350840
02275654000153,1,352530
02278437000117,0,421320
02279324000136,0,420820
02280664000500,0,311800
02281006000100,1,230428
02281679000321,1,270430
02282485000189,0,411520
02284205000171,1,412340
02284249000606,1,350410
02284563000184,1,353050
02284612000189,1,352550
02288509000107,1,420320
02293329000113,1,431560
02295098000187,1,411210
02296462000123,0,355450
02296938000126,1,431505
02297569000196,0,230440
02301582000171,1,350750
02302101000142,1,355030
02302958000162,1,520510
02304711000185,0,355450
02305326000152,0,320530
02305326000233,0,320530
02305326000314,0,320530
02306177000146,1,353070
02308747000137,1,430460
02310004000100,1,420420
02310747000171,0,221100
02312184000150,1,431303
02314041000340,0,355030
02314041000420,0,355030
02314041000692,0,355030
02314395000122,1,421820
02320714000102,0,292740
02328280001169,1,355540
02328280001592,1,350970
02328280004184,1,354680
02328280006551,1,354190
02328280006802,1,352040
02328280011474,1,350490
02328280012284,1,354860
02328280012365,1,353560
02328280013256,1,350390
02328280014228,1,350840
02328280015038,1,351840
02328859000150,0,410690
02336496000102,1,354765
02342861000183,1,354870
02342914000166,0,221100
02343132000141,1,250320
02345693000180,0,352690
02349974000100,1,431710
02350191000147,1,310320
02350314000140,1,412550
02350314000220,1,412550
02351144000118,1,354870
02351144001866,1,354870
02354551000189,0,353070
02357659000125,1,250460
02358255000156,1,230190
02358474000135,1,355250
02366097000186,0,355170
02367871000173,1,354330
02371001000178,0,355450
02372081000267,1,411370
02373383000250,1,354850
02375902000138,1,410400
02375913000975,1,150140
02375913001270,1,310620
02376961000120,1,314110
02379312000183,1,530010
02379312000264,1,530010
02380162000128,0,350610
02384754000118,1,421720
02390435000115,1,354850
02390435000204,1,354850
02390435000468,1,354850
02390435000549,1,354850
02390883000119,1,431560
02393070000182,1,250630
02394305000150,1,350920
02394511000160,1,530010
02395645000104,1,411370
02396291000104,1,354980
02397386000142,0,230440
02398976000190,0,411370
02398976000270,0,411520
02398976000351,0,410140
02398976000432,0,410150
02398976000513,0,411180
02398976000602,0,410640
02398976000785,0,412810
02398976000866,0,410550
02398976000947,0,410430
02398976001080,0,411840
02398976001161,0,411150
02398976001242,0,412410
02398976001323,0,412240
02398976001404,0,411820
02398976001595,0,410690
02399246000103,1,310590
02403175000175,1,430920
02406876000168,1,520140
02407666000194,0,170210
02414419000204,1,351870
02414858000390,1,240140
02415925000129,0,520870
02415925000200,0,520870
02415925000390,0,520870
02417115000101,0,317120
02417464000123,0,353080
02419027000149,1,420320
02419585000104,0,354210
02423920000148,0,354940
02423920000229,0,355150
02425534000195,1,313170
02425861000147,1,510558
02427026000146,0,355030
02427026000812,0,130260
02427026000901,1,420820
02427026001207,0,354850
02427026001380,1,330455
02427026001460,0,410690
02427026001541,0,261160
02427026001622,0,292740
02427026001703,0,431560
02427026001894,0,230440
02427026001975,0,431490
02427026002009,1,330455
02427169000158,0,520870
02427526000188,1,313130
02428026000160,1,150140
02428026000322,1,150553
02428026000403,1,150680
02429732000127,1,260290
02437341000154,0,521850
02449782000176,0,130260
02451848000162,1,352590
02455233000104,0,310620
02456232000184,1,354070
02465954000103,1,353870
02472782000197,1,355470
02474665000162,1,354910
02475532000100,1,130260
02475532000291,1,130260
02476067000122,0,520870
02476067000203,0,520870
02476067000394,0,520870
02476067000556,0,520870
02476067000637,0,520870
02478883000175,1,421930
02479172000115,1,280030
02481644000174,1,355250
02483898000121,1,355170
02486990000145,1,310400
02487442000130,0,353870
02487863000160,1,430680
02492323000175,0,410140
02494305000122,1,420140
02494305000203,1,420140
02496950000184,1,320130
02498070000147,1,411990
02501470000164,1,314480
02504162000192,0,410550
02506106000197,1,354980
02509186000134,0,352930
02509491000126,0,354870
02510700000151,1,431490
02511048000190,0,431440
02511048000270,0,430466
02511048000351,0,431440
02511048000432,0,430450
02511048000513,0,431560
02511048000602,0,430605
02512567000172,1,353080
02514788000180,1,330390
02519646000105,1,240780
02522079000146,0,330100
02524172000190,1,314330
02526146000109,1,412550
02529745000178,0,411520
02530351000130,1,352290
02531269000120,1,261160
02532141000180,0,520870
02534069000120,1,317070
02534688000115,0,353730
02536066000398,1,330100
02536066000550,1,410830
02536066001521,1,261160
02537755000155,1,311940
02539347000132,1,261160
02539996000133,0,431290
02543336000126,1,431560
02544042000119,0,352390
02544934000110,1,310400
02549843000177,0,352390
02551621000199,1,270430
02551718000100,1,352390
02554963000162,0,431490
02555926000179,0,352360
02558157000162,0,355030
02558931000135,1,420550
02569912000104,0,352590
02576794000242,0,311860
02578558000184,0,310620
02579308000169,1,530010
02579308000240,1,530010
02580185000186,0,354580
02580290000115,1,261160
02580696000106,0,353070
02591772000170,1,500100
02606657000122,1,350610
02612907000137,1,355220
02614911000215,1,317070
02618946000141,1,410690
02624501000174,1,421540
02624647000110,0,351880
02625717000154,1,240810
02626790000140,1,352940
02630434000109,1,250400
02632088000190,0,431490
02635336000156,0,352940
02635488000159,1,261160
02636731000153,0,353050
02636857000128,1,355030
02637230000191,0,411070
02639582000186,1,260720
02639850000160,0,320520
02640398000156,0,110015
02648788000172,1,353610
02648790000141,1,353610
02660932000196,0,221100
02661244000140,1,431340
02663393000149,1,150050
02663393000220,1,150140
02663810000153,1,354990
02665373000107,1,261160
02667971000115,0,251370
02674686000121,0,350280
02679185000138,0,354340
02679244000178,1,330040
02680533000197,1,354870
02681199000196,1,353080
02683066000159,1,317010
02692103000195,1,330350
02692103000276,1,330350
02692187000167,0,140010
02692951000102,0,411520
02693750000111,1,310670
02693750000464,1,412550
02693750000707,1,310670
02693750000979,1,410690
02693750001193,1,316720
02694549000159,0,353340
02699870000126,1,410690
02707072000107,1,354580
02707116000190,1,317020
02709992000156,1,520140
02710902000147,1,352530
02718073000149,1,421950
02724253000133,1,410580
02725300000163,1,411820
02728677000176,1,352390
02729901000144,1,355250
02732443000100,1,353080
02733396000101,1,351440
02734238000176,1,420400
02734948000104,0,354340
02736277000102,1,352670
02736399000107,1,420380
02736595000173,1,270430
02737302000334,0,314330
02738044000815,0,350160
02739414000162,1,261160
02740174000116,1,350570
02743313000165,1,355650
02744832000148,1,410690
02749926000100,1,530010
02749926000452,1,530010
02749926000886,1,530010
02749926001009,1,530010
02750303000157,0,351380
02750988000131,1,110020
02752147000163,0,351170
02756836000146,1,430780
02757523000102,1,261110
02759227000140,0,310230
02759989000147,0,410690
02760750000197,0,353870
02769185000129,1,150140
02773531000142,1,130260
02773629000108,1,330455
02773629000280,1,330225
02773629001333,1,355030
02773955000107,0,354780
02774157000108,0,320530
02775570000189,0,354870
02778274000131,0,351907
02779648000133,1,353080
02780640001401,1,355030
02782466000111,1,261160
02786526000174,1,314590
02788587000170,0,351150
02788994000188,1,351880
02789417001182,0,250750
02790539000117,1,353980
02795898000167,1,150553
02797217000108,1,292740
02797782000167,1,420540
02801698000170,0,350950
02802419000192,0,261070
02804440000127,1,354780
02805889000100,1,292740
02806751000125,1,355250
02807343000198,1,352200
02808298000196,1,410690
02810621000166,1,412550
02811281000198,1,250750
02814286000255,1,411950
02816659000146,1,311787
02817165000186,1,150340
02818769000147,1,354980
02823571000151,1,355280
02823655000195,1,420670
02831465000110,1,420140
02835264000190,1,316070
02836056000963,1,317070
02836056004446,1,317020
02836398000126,1,421120
02839894000133,1,421820
02841810000104,1,310400
02844344000102,0,130260
02845453000144,1,354140
02846056000197,0,355030
02849619000109,1,352670
02850182000115,1,314800
02851400000136,1,520510
02852178000196,0,260790
02853574000138,1,420140
02854445000164,1,320530
02857771000125,1,350610
02864417000128,1,330080
02864963000169,1,510020
02864963000240,1,510020
02865246000151,0,354780
02865246000313,0,352940
02865246002286,1,354870
02869763000107,1,410690
02869763000441,1,410690
02869763001332,1,410690
02869763001502,1,410690
02869763001685,1,410690
02869763001766,1,410690
02869763002495,1,410690
02869763002576,1,410690
02869763003114,1,410690
02869763003203,1,410690
02869763003890,1,410690
02869763003971,1,410580
02869763004358,1,410580
02869763004439,1,410580
02869763004510,1,410690
02869763004943,1,410690
02869763005249,1,410690
02869763005591,1,410690
02869763005834,1,410580
02869763006210,1,410690
02869763006300,1,410690
02873539000180,0,330240
02873558000107,0,330240
02874861000124,1,313170
02876004000163,1,150293
02876736000153,1,353050
02882101000169,0,352530
02885484000129,1,260290
02885544000103,1,230440
02886413000493,1,313670
02887100000107,1,310620
02887100000298,1,310620
02891765000194,1,260400
02891792000167,0,354870
02894198000120,0,350730
02894373000189,1,316070
02894643000151,0,315250
02895152000125,1,330350
02900628000179,0,313130
02901820000180,1,355030
02902816000136,0,355450
02903570000117,1,351150
02905110008536,0,431490
02905424000120,1,355670
02907841000102,1,350750
02908146000165,1,261160
02909530000182,1,260720
02909530000344,1,261160
02913489000703,1,330100
02913489001270,1,317010
02913489001602,1,330490
02914460000231,1,420820
02914460000312,1,420820
02914460000665,1,421750
02914460001122,1,420840
02914460001203,1,420840
02914460001394,1,420840
02914460001556,1,420840
02914460001637,1,420840
02914460001807,1,421750
02914460001980,1,421950
02914460002013,1,421950
02914460005039,0,353360
02914460005110,0,353360
02914460005209,0,353360
02914460006191,1,500370
02914460006868,0,353360
02914460007678,0,421720
02914460007830,1,421750
02914460008640,1,500370
02914460010385,1,420820
02914460010709,1,420820
02916265001050,1,510180
02916265001131,1,350210
02916265001646,1,510125
02916265002456,1,313440
02916265002537,1,510250
02916265004742,0,510637
02916265005048,1,350210
02916357000140,1,421930
02917344000195,0,352940
02917443000258,1,520870
02917443000410,1,320520
02917443000509,0,330455
02918347000143,1,520870
02918654000124,1,520110
02918654000558,1,314710
02918654001104,0,350950
02924519000191,1,353300
02924519000604,1,353300
02924519000787,1,353300
02924519000868,1,353300
02926361000199,1,354870
02926807000185,0,320520
02929143000108,1,315250
02931495000106,0,351150
02933478000108,1,353070
02934071000430,1,330455
02939402000343,1,411370
02942592000196,1,355250
02943733000195,1,350610
02944095000127,1,510305
02948030000230,1,230765
02949528000218,1,420395
02949564000362,0,292740
02951110000164,1,330100
02952466000112,1,291840
02952485001463,1,431490
02952485002869,1,431490
02962425000107,1,510340
02973590000164,1,410690
02974311000187,0,351040
02980309000110,1,410690
02980309000200,1,410690
02982267000408,1,353920
02982746000173,0,410690
02985893000105,1,431340
02986277000160,0,412350
02989561000190,0,412550
02990605000607,1,351907
02990605000879,1,351907
02990605000950,1,351907
02991546000187,1,411370
02998611000104,0,355030
02999757000166,1,317070
02999886000154,1,431750
03002339000549,0,351880
03005698000126,0,310670
03009223000108,0,351150
03011370000112,0,350850
03011765000115,1,500270
03019097000172,1,354780
03021063000112,1,354980
03023840000168,0,316720
03024802000120,0,350950
03025305000146,0,352390
03025512000109,1,421120
03035020000196,0,353980
03035911000142,1,130260
03037085000170,1,230440
03044201000189,1,521150
03044201000340,1,521150
03046391000173,1,411370
03050990000160,1,311800
03052564000328,1,170210
03054347000105,0,430660
03058439000163,1,311787
03064223000100,1,350280
03064917000148,0,420540
03066484000160,1,510250
03066662000152,0,240325
03067714000105,1,431490
03067714001187,1,431225
03067714001268,1,431570
03072197000162,1,150140
03073351000110,1,431340
03076019000100,1,314110
03076075000144,0,355030
03078899000153,1,353930
03083231000528,1,314330
03083231000609,1,314330
03083850000270,1,260790
03083960000150,1,352450
03086507000106,0,313670
03087543000186,0,530010
03088923000135,0,130260
03090472000170,0,432120
03091412000172,0,317070
03094817000164,1,355030
03097354000194,1,420550
03102481000134,1,353070
03103057000104,1,421130
03103163000198,0,351170
03106073000150,0,355710
03107256000190,0,354980
03107256000271,0,355710
03109900000160,1,317020
03119648000170,1,410830
03119724000147,1,500270
03123142000134,1,230730
03123987000120,1,314740
03127733000180,1,354850
03128979000176,0,130260
03130917000107,1,330040
03131884000101,1,410420
03134553000125,0,354100
03135361000133,1,354980
03135361000214,1,354980
03138238000176,1,261160
03140338000137,0,354340
03141183000153,1,351310
03144060000176,0,510706
03145975000104,1,352530
03151790000447,1,355170
03154602000191,0,241200
03157012000112,0,150140
03167156000150,1,354980
03169222000120,1,230440
03171093000105,1,352050
03176002000124,1,430780
03183854000149,1,350700
03185591000107,1,261160
03188411000140,0,410690
03191791000172,0,355170
03192187000160,0,410480
03195636000124,1,310620
03200559000153,1,314110
03201462000165,1,510590
03201462000246,1,510590
03202463000124,1,350950
03203556000505,1,500830
03204928000186,0,352430
03205353000116,0,520870
03206039000158,0,352940
03206707000147,1,421300
03207703000183,0,350330
03208310000194,1,354780
03216311000180,1,421930
03216520000124,1,510340
03221702000193,1,500270
03221702000274,1,500270
03222961000139,1,430100
03226633000100,1,261070
03230787000176,1,431490
03230848000103,1,311800
03231205000176,0,292740
03232813000103,1,355030
03234027000137,0,350850
03234624000161,0,317070
03236751000108,1,150170
03237389000181,0,350280
03237583004316,1,520870
03237583004588,1,260720
03242250000126,1,250750
03248753000109,1,430480
03249921000180,1,351880
03251442000107,1,354150
03253350000239,1,317020
03266174000199,1,431750
03267060000163,0,410180
03270248000160,0,412550
03271842000176,1,420140
03277503000105,1,352530
03281625000167,0,350950
03282398000194,1,351570
03282403000169,1,354780
03284033000107,1,412550
03293962000174,1,230440
03294824000100,1,520870
03295274000143,0,410690
03295274000909,0,410690
03296965000161,1,120040
03296968000103,1,530010
03296968000286,1,530010
03296968000367,1,530010
03296968000448,1,530010
03296968000529,1,530010
03296968000600,1,530010
03296968000871,1,530010
03296968000952,1,530010
03296968001177,1,530010
03296968001258,1,530010
03298111000114,0,352530
03299562000176,1,130260
03299850000120,1,350950
03302116000173,1,350650
03304853000105,1,354330
03307926001003,0,351350
03308150000155,1,354850
03309877000157,0,352510
03310685000241,1,351880
03311327000172,1,411370
03312613000152,1,352940
03313562000183,0,353870
03318018000124,1,354140
03322060000119,0,352390
03322852000193,0,353860
03327489000107,1,130250
03327988000196,1,500320
03327988000358,1,500320
03327988000439,1,500320
03334092000134,0,350450
03335431000105,1,352930
03338047000158,1,150150
03339170000193,0,411520
03340630000101,1,270430
03341024000100,0,130260
03341024000445,0,130260
03341024000526,0,130260
03341024000607,0,130260
03341024000879,0,130260
03341024000950,0,130260
03341024001174,0,130260
03341024001255,0,130260
03341024001336,0,130260
03341024001417,0,130260
03341024001506,0,130260
03341024001689,0,130260
03341024001760,0,130260
03341093000106,0,355030
03342062000170,0,354340
03345641000176,1,410210
03345641000257,1,410210
03345641000338,1,410210
03345641000680,1,412340
03345641000923,1,410210
03346298000346,0,421830
03349298000138,0,311800
03350482000106,1,355250
03353009000174,1,354580
03353362000154,1,353080
03356967000107,1,420360
03357361000188,1,520870
03359885000108,1,280320
03364555000100,1,421660
03368638000178,1,410180
03375657000121,1,330455
03376684000119,1,354870
03380763000101,0,355030
03380763001507,0,522140
03382649000102,1,351570
03384298000179,0,355030
03384298000764,0,330455
03386955000117,1,411370
03390831000105,1,355450
03395590000197,0,351840
03399403000143,1,310620
03399707000100,1,261160
03406185000127,0,353870
03407049000232,0,410690
03410899000109,1,261160
03413743000181,0,251210
03414297000120,1,350950
03417338000131,1,351960
03418409000110,1,412790
03419841000126,1,310400
03420356000172,1,411790
03422594000117,0,330455
03422594000389,0,330455
03422707000184,1,431490
03422707001822,1,430160
03422707002047,1,431340
03422707002128,1,430790
03422707002209,1,430510
03422707002470,1,431750
03422707002551,1,431720
03422707002632,1,432190
03422707002713,1,430460
03422707002802,1,430040
03422707002985,1,431870
03422707003019,1,431440
03422707003108,1,430210
03422707003280,1,430700
03422707003361,1,431020
03422707003442,1,432240
03422707003523,1,431560
03422707003604,1,431140
03422707004171,1,431490
03422707004333,1,431490
03422707004414,1,431490
03422707004686,1,431490
03422707005062,1,431690
03422707005143,1,431410
03422707005658,1,431800
03422707005739,1,430920
03422707005810,1,431490
03422707005909,1,432160
03422707006034,1,430470
03422707006115,1,430300
03422707006204,1,432120
03422707006387,1,430350
03422707006468,1,431240
03422707006549,1,431680
03422707006620,1,432150
03422707006700,1,431890
03422707006891,1,431490
03422707006972,1,431440
03422707007006,1,431710
03422881000127,1,310620
03424737000120,0,354870
03426804000145,0,150380
03429968000126,1,420910
03430612000102,1,421010
03431255000105,1,350970
03435516000157,1,351880
03445208000455,1,354550
03447079000272,1,315180
03447242000116,0,310620
03447242000205,0,317020
03447242000388,0,313420
03447242000469,0,317010
03447242000540,0,310620
03447242000620,0,311860
03447242000701,0,316720
03447242000892,0,310560
03447242000973,0,314330
03447242001007,0,311940
03447242001198,0,313240
03447242001279,0,313670
03447242001350,0,317070
03447242001430,0,315180
03447242001511,0,312870
03447242001600,0,312770
03447242001783,0,313940
03447242001864,0,310620
03447242001945,0,310620
03447242002089,0,310620
03447242002240,0,310400
03447242002321,0,311930
03447242002402,0,314800
03447242002593,0,311830
03447242002674,0,313130
03447242002755,0,310620
03447242002836,0,315250
03447242002917,0,316880
03447242003050,0,316930
03447242003301,0,313170
03447242003565,0,312160
03447242003646,0,312090
03447242003727,0,312230
03447242003808,0,314930
03447242003999,0,311860
03447242004375,0,316935
03447242004537,0,314930
03456727000176,1,315180
03457072000150,1,510790
03461165000159,1,354330
03461223000144,1,420540
03461875000189,0,320060
03464317000177,0,352530
03466738000137,0,351150
03467744000109,1,354150
03468466000104,1,432200
03470727000120,1,354870
03470727000201,1,355410
03470727000392,1,355410
03470727000473,1,354870
03470727000988,1,355400
03470727003146,0,230523
03474642000110,1,352050
03474642000463,1,352050
03475873000149,1,410690
03475873000220,1,410690
03479456000174,1,351380
03480283000104,1,355030
03480283000376,1,355030
03482105000112,1,420200
03482332000148,1,521880
03482861000141,0,411370
03482931000161,1,261160
03482931000242,1,261160
03482931000323,1,261160
03482931000404,1,260600
03482931000595,1,260600
03482931000676,1,261110
03482931000757,1,260790
03482931000838,1,260410
03482931000919,1,260120
03482931001052,1,261570
03482931001133,1,261450
03482931001214,1,260280
03482931001303,1,260200
03482931001486,1,260110
03482931001567,1,260170
03482931001648,1,261370
03485775000192,1,353930
03485775000435,1,353930
03485775000940,1,354070
03488562000114,0,354870
03493463000120,0,355450
03495291000124,0,352340
03497380000100,0,530010
03497792000140,0,355400
03497916000197,1,130260
03501092000181,1,316990
03504409000133,1,320150
03504832000214,1,317040
03507792000183,0,313670
03508278000243,1,354200
03509521000167,1,351880
03509978002468,1,412550
03512943000191,1,352640
03514896000115,1,354870
03516197000104,1,420890
03519962000140,1,421320
03521447000102,1,313420
03521447000285,1,317020
03522879000120,0,315180
03523188000140,1,310670
03526195000104,1,230440
03528052000123,1,292740
03530117000175,1,330490
03532447000108,1,510795
03532447000361,1,261160
03535396000160,1,353930
03535509000127,0,353560
03535678000167,1,310190
03541750000169,0,352390
03541971000137,1,352530
03541971000218,1,352530
03543613000163,0,350330
03543613000244,0,350330
03543613000325,0,350330
03548281000100,1,150080
03558310000114,1,411990
03560440000191,1,500270
03560440000272,1,500270
03560440000515,1,500270
03560440000604,1,500370
03560440000787,1,500830
03562794000175,0,350160
03563745000157,1,150553
03563777000152,1,431710
03564401000162,1,355250
03564586000105,1,314800
03566870000110,1,431490
03572431000200,0,330630
03573829000171,1,352260
03574096000190,0,352340
03575238000133,1,431490
03575238000214,1,431490
03575238000303,1,431490
03575238000486,1,431490
03575238000567,1,431490
03575238000729,1,432240
03575238000800,1,431020
03575238000990,1,431690
03575238001024,1,431680
03575238001105,1,431750
03575238001296,1,431870
03575238001377,1,430300
03575238001458,1,431440
03575238001539,1,430210
03575238001610,1,430610
03575238001709,1,431340
03575238001881,1,431140
03575238001962,1,431560
03575238002004,1,431410
03575238002187,1,430470
03575238002268,1,431710
03575238002349,1,430160
03575238002420,1,430510
03575238002500,1,430040
03575238002691,1,431720
03575238002772,1,430700
03575238002853,1,431800
03575238002934,1,430350
03575238003078,1,432150
03575238003159,1,431240
03575238003230,1,432260
03575238003310,1,430790
03575238003400,1,432120
03575238003582,1,430910
03575238003663,1,430920
03575238003744,1,432160
03580446000120,1,510600
03581565000106,0,311830
03581702000102,1,313510
03581871000134,1,110020
03581871000215,1,110004
03581871000304,1,110012
03581871000487,1,110030
03581871000568,1,110020
03581871000649,1,110020
03584058000118,1,150140
03585905000169,0,411915
03586356000228,1,230440
03587039000145,1,421120
03589993000177,1,311830
03591002000190,1,292740
03591002000352,1,292740
03591002000433,1,292740
03591002000514,1,292740
03591002000603,1,292740
03591002000786,1,292740
03591002000867,1,292740
03591097000142,1,240810
03591097000495,1,240810
03591097000576,1,240810
03591097000819,1,240810
03593364000110,0,150140
03593364000200,0,150140
03593364000463,0,150140
03593364001354,0,150140
03599179000133,0,354780
03600845000106,1,355030
03601916000195,0,420540
03602269000136,1,352940
03602934000191,1,250750
03603595000168,1,420540
03603595000249,1,420540
03603595000400,1,420540
03603595000591,1,420540
03603595000672,1,420940
03603595000753,1,421870
03603595000834,1,420460
03603595000915,1,420240
03603595001059,1,420240
03603595001130,1,420290
03603595001210,1,421480
03603595001300,1,420820
03603595001482,1,420930
03603595001563,1,420930
03603595001644,1,420420
03603595001725,1,421950
03603595001806,1,420430
03603595001997,1,420910
03603595002020,1,420890
03603595002373,1,420900
03603595002535,1,420300
03603595002705,1,421660
03603595002888,1,420200
03603595002969,1,421720
03603595003000,1,421580
03603595003183,1,420380
03603595003264,1,421800
03603739000186,1,420540
03603739000267,1,421950
03603739000348,1,420420
03603739000429,1,420300
03603739000500,1,420290
03603739000690,1,420930
03603739000771,1,420540
03603739000852,1,421580
03603739000933,1,421720
03603739001077,1,420430
03603739001158,1,420890
03603739001239,1,420460
03603739001310,1,420900
03603739001409,1,421480
03603739001581,1,420820
03603739001662,1,420380
03603739001743,1,421870
03603739001824,1,421660
03603739002049,1,420240
03603739002120,1,420540
03603739002200,1,420910
03603850000172,1,352720
03606595000111,1,230440
03608475000153,1,520870
03608475000234,1,520870
03608475000315,1,520870
03608475000404,1,521020
03608475000587,1,520110
03608475000668,1,521250
03608475000749,1,521310
03608475000820,1,521190
03608475000900,1,521800
03608475001125,1,521880
03608475001206,1,521850
03608475001397,1,521150
03608475001478,1,520510
03608475001559,1,520540
03608475001630,1,521010
03608475001710,1,520140
03608475001800,1,520450
03608475001982,1,520870
03609456000141,1,420910
03609783000101,1,250750
03609783000284,1,250750
03612122000127,0,230440
03612122000208,0,230440
03612122000399,0,230440
03612122001603,0,230440
03612679000168,1,354870
03616106000102,0,354870
03617943000156,1,421480
03625353000175,0,316720
03625966000102,1,354520
03627008000170,0,353080
03627222000127,1,411990
03627391000167,1,431560
03629724000197,1,316990
03631028000204,0,351050
03632896000110,1,330240
03635174000119,1,530010
03636146000116,0,120040
03636539000120,1,351380
03637154000187,0,530010
03640285000113,1,240810
03640285000202,1,240810
03640285000385,1,240810
03640285001195,1,240810
03640285001276,1,240810
03642625000145,1,355300
03643856000173,0,310620
03643856000335,0,310620
03643856000688,0,310620
03643856000769,0,315780
03643856000840,0,310620
03643856000920,0,310620
03643856001064,0,310620
03643856001307,0,310620
03643856001498,0,314330
03643856001650,0,314610
03643856001730,0,316860
03643856001811,0,315180
03643856001900,0,316720
03643856002036,0,310400
03643856002117,0,313520
03643856002206,0,313670
03643856002389,0,313670
03643856002460,0,312770
03643856002540,0,314700
03643856002621,0,310170
03643856002702,0,317010
03643856002893,0,317020
03643856003270,0,310620
03643856003350,0,311860
03643856003431,0,310740
03643856003512,0,316860
03644629000162,1,310400
03644843000119,1,500270
03644843000208,1,500270
03644843000380,1,500270
03644843000461,1,500370
03644843000542,1,500830
03644843000623,1,500320
03644843000704,1,500270
03645374000152,1,355030
03645657000285,1,411460
03645767000166,1,310670
03646961000166,0,150140
03646961000247,0,150140
03647460000102,1,500450
03647460000285,1,500450
03647755000170,1,310350
03652969000135,1,240710
03655352000173,0,313670
03656261000152,1,530010
03657851000108,1,420910
03658868000171,1,510340
03658868000333,1,510760
03658868000767,1,510704
03658868000848,1,510795
03658868000929,1,510180
03658868001143,1,510340
03658968000106,1,510340
03658968000289,1,510760
03658968000360,1,510340
03658968000521,1,510340
03658968000602,1,510700
03658968000793,1,510250
03658968000874,1,510340
03658968000955,1,510340
03658968001170,1,510340
03658968001250,1,510025
03658968001412,1,510340
03659809000118,0,221100
03662817000113,1,310620
03665927000139,1,421690
03666421000144,1,350390
03668120000150,0,350840
03671444000147,1,520870
03671444000228,1,520870
03671444000309,1,520870
03671444000490,1,520870
03671444000570,1,520870
03671444000651,1,520110
03671444000732,1,521150
03671444000813,1,520450
03671444000902,1,520870
03671444001038,1,521730
03671444001119,1,520870
03682189000138,1,292740
03682189000480,1,292740
03682189000561,1,292740
03682189000642,1,292740
03682189000804,1,292740
03684191000146,1,330455
03689311000106,1,510710
03692424000152,1,270430
03692842000140,0,352310
03693847000197,0,352260
03694406000100,0,353030
03703027000139,0,310630
03703471000154,0,354340
03706034000194,1,510340
03708120000136,1,500270
03709814000198,1,355030
03709814000279,1,355030
03709814000350,1,355030
03709814000511,1,355030
03709814000600,1,355030
03709814000783,1,355030
03709814000864,1,355030
03709814000945,1,355030
03709814001089,1,355030
03709814001674,1,355030
03709814001755,1,355030
03709814004002,1,355030
03709814004509,1,355030
03709814005319,1,355030
03709814005408,1,355030
03709814005580,1,355030
03709814006471,1,355030
03710104000188,1,150380
03710588000165,1,313550
03711327000160,1,354980
03711932000130,1,172100
03711932000211,1,170210
03711932000300,1,170950
03715646000143,1,500270
03715819000123,1,412550
03717286000119,1,431490
03719744000159,1,314800
03721257000120,1,351570
03721769000197,1,261160
03721769000278,1,261160
03721769000359,0,250750
03722062000103,0,421120
03729834000120,1,510623
03735194000161,1,315180
03737613000102,1,355170
03742138000154,1,350395
03743073000161,1,261160
03743123000100,1,110020
03743123000291,1,110020
03743123000372,1,110025
03743123000453,1,110002
03743123000534,1,110033
03743123000615,1,110020
03743123000704,1,110012
03743123000887,1,110030
03745420000195,0,150150
03745955000166,1,355400
03748756000101,1,330170
03750976000170,1,354890
03752027000129,1,150140
03752027000390,1,150140
03752922000143,1,313270
03756535000185,1,355030
03757572000299,0,510340
03762919000100,0,240710
03763491000200,1,292740
03765290000152,1,150140
03765464000187,1,355030
03765555000112,1,350950
03766415000169,0,130260
03768023000139,1,150140
03768023000562,1,150140
03768202000176,1,230440
03768202000257,1,230440
03768202000338,1,230440
03768202000419,1,230440
03768202000680,1,230440
03768202000761,1,230765
03768202000842,1,231290
03768202000923,1,230730
03769599000110,1,500270
03769599000382,1,500830
03769599000897,1,500220
03769599000978,1,500370
03769599001001,1,500320
03769607000129,1,411520
03770562000102,0,350840
03771751000108,1,313840
03772576000165,1,500270
03772576000246,1,500270
03772576000327,1,500370
03772576000408,1,500740
03772576000599,1,500570
03772576000670,1,500830
03772576000750,1,500320
03773419000174,0,354780
03773700000107,1,310620
03773700000298,1,310620
03773700000379,1,310620
03773700000450,1,315780
03773700000530,1,310620
03773700000611,1,314480
03773700000700,1,315670
03773700000883,1,310620
03773700000964,1,311860
03773700001006,1,311860
03773700001189,1,310670
03773700001260,1,317010
03773700001340,1,310400
03773700001421,1,317020
03773700001502,1,314800
03773700001693,1,314810
03773700001774,1,313670
03773700001855,1,310560
03773700001936,1,316250
03773700002070,1,316990
03773700002150,1,311530
03773700002231,1,315210
03773700002312,1,317070
03773700002401,1,313240
03773700002584,1,315250
03773700002665,1,315180
03773700002746,1,312230
03773700002827,1,313380
03773700002908,1,316720
03773700003041,1,314930
03773700003122,1,312770
03773700003203,1,314330
03773700003394,1,317080
03773700003475,1,313620
03773700003556,1,313170
03773700003637,1,313670
03773700003718,1,315960
03773700003807,1,313670
03773700003980,1,310350
03773700004013,1,313420
03773700004102,1,314710
03773700004285,1,314110
03773700004366,1,314700
03773700004447,1,317100
03773700004609,1,316860
03773700004790,1,316935
03773700004870,1,314610
03773700004951,1,311860
03773700005095,1,310620
03773700005176,1,310620
03773700005257,1,310620
03773700005338,1,316290
03773700005419,1,316200
03773700005508,1,310340
03773700005680,1,310540
03773700005761,1,312610
03773700005842,1,314520
03773700005923,1,315180
03773700006067,1,316040
03773700006148,1,310420
03773700006229,1,314000
03773700006300,1,317200
03773700006571,1,315110
03773700006652,1,313130
03773700006733,1,310590
03773700006814,1,317120
03773700006903,1,317020
03773700007039,1,313505
03773700007110,1,316190
03773700007381,1,312980
03773700007543,1,311660
03773700007624,1,314390
03773834000128,1,310620
03773834000209,1,310620
03773834000470,1,310620
03773834000551,1,310620
03773834000713,1,310620
03773834000802,1,310620
03773834000985,1,315670
03773834001019,1,315780
03773834001108,1,310620
03773834001361,1,310620
03773834001442,1,311860
03773834001523,1,311860
03773834001604,1,311860
03773834001795,1,311860
03773834001876,1,311860
03773834001957,1,310670
03773834002090,1,317010
03773834002171,1,317010
03773834002252,1,310400
03773834002333,1,310350
03773834002686,1,317020
03773834002767,1,313420
03773834002848,1,314800
03773834002929,1,313670
03773834003143,1,313670
03773834003224,1,310560
03773834003305,1,316720
03773834003496,1,316250
03773834003577,1,316990
03773834003810,1,315210
03773834003909,1,314000
03773834004034,1,315250
03773834004204,1,314590
03773834004468,1,312230
03773834004549,1,313380
03773834004891,1,314930
03773834004972,1,312770
03773834005006,1,314330
03773834005359,1,313130
03773834005600,1,315120
03773834006592,1,313670
03773834006754,1,317020
03773834006835,1,310260
03773834006916,1,313620
03773834007050,1,312090
03773834007130,1,310160
03773834007300,1,316290
03773834007483,1,317010
03773834007564,1,316940
03773834007645,1,316200
03773834007807,1,314610
03773834007998,1,317120
03773834008021,1,315110
03773834008102,1,314740
03773834008706,1,313505
03774688000155,1,420540
03774688000236,1,420540
03774688000406,1,421660
03774688000589,1,421800
03774688000660,1,420300
03774688000740,1,420430
03774688000821,1,421930
03774688000902,1,420820
03774688001046,1,421003
03774688001127,1,421720
03774688001208,1,421870
03774688001399,1,420395
03774688001470,1,420910
03774688001550,1,420380
03774688001631,1,420290
03774688001712,1,420930
03774688001801,1,421010
03774688001984,1,420890
03774688002018,1,421480
03774688002107,1,420240
03774688002441,1,420420
03774688002522,1,420460
03774688002603,1,421580
03774688002794,1,421950
03774688002875,1,420540
03774688002956,1,421320
03774688003090,1,421630
03774688003170,1,420750
03774819000102,1,355030
03774819000285,1,355030
03774819000366,1,355030
03774819000447,1,355030
03774819000528,1,355030
03774819000609,1,355030
03774819000790,1,355030
03774819000870,1,355030
03774819000951,1,355030
03774819001176,1,355030
03774819001257,1,355030
03774819001338,1,355030
03774819001419,1,355030
03774819001508,1,355030
03774819001680,1,355030
03774819001761,1,355030
03774819002652,1,354880
03774819002733,1,355030
03774819002814,1,354780
03774819003039,1,354980
03774819003977,1,353870
03774819004000,1,350950
03774819004191,1,353870
03774819004353,1,350950
03774819004787,1,352690
03774819005910,1,354870
03774819006054,1,354870
03774819006135,1,354850
03774819006488,1,353440
03774819006569,1,355030
03774819007026,1,350330
03774819007611,1,354870
03774819007964,1,355030
03774819008006,1,355030
03774819008189,1,355030
03774819009150,1,350570
03775588000143,1,250400
03775588000224,1,250400
03775588000305,1,250400
03775588000496,1,250750
03775588000577,1,250180
03775588000658,1,250400
03775588000739,1,250400
03775655000120,1,250400
03775655000200,1,251080
03775655000391,1,251620
03775655000472,1,251290
03775655000553,1,250750
03775655000634,1,250180
03776255000139,0,130260
03776255000210,0,130260
03776255000309,0,130260
03776255000481,0,130260
03777433000146,1,172100
03777465000141,1,172100
03779012000154,1,172100
03779012000235,1,170210
03779012000316,1,170950
03779012000405,1,171610
03779012000588,1,170210
03779012000669,1,171820
03779012000740,1,170950
03779012000820,1,172100
03779012000901,1,172100
03779012001045,1,170210
03779133000104,1,355030
03779133000953,1,354980
03779133001178,1,354880
03779133001259,1,354780
03779133001763,1,354870
03779133003111,1,355030
03779133003200,1,355030
03779133003383,1,355030
03779133003464,1,355030
03779133003545,1,355030
03779133003626,1,350330
03779133003707,1,352690
03779133004002,1,353870
03779133004274,1,354850
03779133004436,1,353440
03779133004860,1,350950
03779133004940,1,350950
03779133007290,1,354980
03779133008342,1,352690
03779133008423,1,352690
03779133009748,1,353870
03779133012374,1,355030
03779133012455,1,355030
03779133014237,1,354780
03779133014660,1,354780
03779133014822,1,354780
03779133015985,1,350190
03779133016604,1,355030
03779133016876,1,355030
03779133016957,1,355030
03779133017090,1,355030
03779133017333,1,355030
03779133017686,1,354850
03779133017767,1,355670
03779133017929,1,353440
03779133018062,1,351060
03779133018143,1,353440
03779133019034,1,355620
03779133020806,1,354870
03779133021012,1,354980
03779133021101,1,351300
03779133021284,1,355030
03779133021446,1,355030
03779435000174,0,351880
03780605000130,1,110020
03780605000211,0,110004
03780605000300,0,110012
03780605000483,0,110030
03780605000564,0,110002
03781125000194,1,355030
03781262000129,0,352260
03783280000140,1,431140
03783850000100,1,520870
03783989000145,1,110020
03783989000226,0,110004
03783989000307,0,110012
03783989000498,0,110018
03783989000579,0,110030
03784680000170,1,240810
03784680000250,1,240810
03784680000331,1,240810
03784680000412,1,240810
03784822000107,1,240810
03784822000441,1,240810
03784822000522,1,240810
03785762000139,1,150140
03785762000210,1,150140
03785762000805,1,150140
03786187000199,1,520870
03786738000114,1,510340
03787133000148,1,410690
03787564000104,1,130260
03787564000295,1,130260
03788529000100,1,420820
03790057000120,0,352590
03792339000166,1,120040
03795071000116,0,292740
03795071000469,0,291920
03795086000184,0,292740
03798336000130,1,270430
03798361000113,1,270430
03799092000100,0,354400
03800479000139,1,530010
03803317000154,1,530010
03804327000104,1,230440
03804327000376,1,231290
03804327000619,1,230440
03804327001186,1,230730
03804327001690,1,230440
03804327001771,1,230765
03804327001852,1,230765
03804327001933,1,230440
03804862000165,1,120040
03806360000173,1,530010
03809074000161,1,220770
03809074000757,1,221100
03810406000128,1,220770
03810406000390,1,220830
03810406000470,1,220390
03810406000551,1,220800
03810406000632,1,221100
03810480000144,1,320530
03810480000225,1,320530
03810480000306,1,320530
03810480000497,1,320530
03810480000578,1,320130
03810480000659,1,320130
03810480000730,1,320500
03810480000810,1,320150
03810480000900,1,320320
03810480001035,1,320120
03810480001116,1,320530
03810480001205,1,320520
03810480001388,1,320520
03810480001469,1,320500
03810480001620,1,320060
03810810000100,1,320530
03810810000363,1,320530
03810810000444,1,320500
03810810000525,1,320150
03810810000606,1,320320
03810810000797,1,320120
03810810000878,1,320520
03810810001092,1,320040
03810810001173,1,320490
03810810001254,1,320490
03816532000190,1,354870
03816532000351,1,355030
03817441000179,1,120040
03818222000104,1,420910
03818396000177,1,354400
03819150000110,1,510340
03819150000209,1,510340
03819150000381,1,510760
03819150000462,1,510840
03819150000543,1,510180
03819150000705,1,510790
03819150000896,1,510250
03819150001000,1,510515
03819150001191,1,510320
03819150001272,1,510340
03819157000131,1,510340
03822667000168,0,280210
03828823000106,1,355030
03828823000289,1,355030
03831134000142,1,172100
03835338000151,1,354850
03835832000116,1,510840
03836958000105,1,354780
03836990000352,1,412625
03839843000174,0,421660
03840986000600,1,354780
03840986003383,0,354140
03840986004606,1,354780
03847071000201,0,250750
03852972000607,0,354780
03853896000301,1,354160
03853896001383,1,354160
03853896001626,1,354160
03853896002274,1,354160
03855323000155,1,330455
03855427000160,1,510760
03855427000240,1,510760
03855427000674,1,510020
03857484000188,0,316720
03857930000154,1,350570
03861512000130,1,280320
03862216000154,1,500370
03868938000116,0,352930
03868954000109,0,352930
03868979000102,0,352930
03869017000178,0,352930
03871187000197,1,431413
03873298000132,1,231290
03873602000141,1,110004
03883796000166,1,314810
03887613000180,0,150553
03888926000153,0,420910
03889440000130,0,355400
03891557000158,1,351620
03893635000153,0,353050
03893885000193,1,314330
03895150000107,1,355030
03900100000162,1,310400
03900500000178,1,421930
03903500000121,1,520870
03907064000169,0,150240
03908441000184,0,352690
03911570000202,1,355030
03914265000193,0,150050
03918609000647,1,350570
03922098000122,1,354580
03922901000129,1,314330
03926066000103,0,354210
03935597000154,1,330390
03938282000160,0,355450
03941052000150,0,431490
03941052000312,1,431750
03941052000401,1,431750
03944724000262,1,412710
03950587000198,0,510792
03951798000145,1,130260
03952831000151,0,316180
03953509000147,0,350950
03954830000146,0,240810
03954830000308,0,240260
03954830000499,0,240580
03958410000138,1,510250
03958603000350,1,420140
03959104000116,1,420530
03965584001361,1,260790
03965584001523,1,260960
03965584001795,1,260410
03966019000347,0,355250
03966514000194,1,421690
03969251000177,0,353870
03969941000126,1,310630
03973179000151,1,500270
03974922000198,1,355030
03975502000126,1,261160
03979385000179,1,240325
03979385000250,1,240710
03980763000134,1,355030
03983057000146,1,320495
03984880000176,1,420420
03984880000257,1,420820
03985240000180,1,355250
03985506000195,0,354870
03986104000105,0,316180
03986163000183,1,510340
03986282000136,1,314220
03987364000103,0,130260
03987696000180,0,355450
03990248000135,0,311830
03990431000130,1,410980
03990431000483,1,410980
03991820000180,1,354780
03993424000192,1,410690
03996508000180,0,240800
04000582000167,0,355030
04002229000116,1,410580
04003780000184,0,310620
04006752000110,0,354780
04009173000121,0,355220
04011353000148,0,410690
04011946000104,1,130260
04012043000148,0,130260
04012676000237,0,500830
04014081000210,0,500270
04014081000563,0,410690
04014081000806,0,520870
04018284000102,1,530010
04019729000160,1,250460
04019779000148,1,421950
04023697000177,0,410690
04025056000151,1,355030
04025056000828,1,355030
04035155000114,1,352670
04039468000140,1,330600
04041933000188,0,410690
04041933001311,1,431680
04041933002040,1,431680
04047747000156,1,330455
04050400000162,0,351380
04050400000324,0,351880
04050400000677,0,520870
04050400000839,0,330240
04050400000910,0,330170
04050400001304,0,150140
04050400001991,0,320500
04058859000102,1,354390
04060913000154,1,354980
04062314000170,1,352640
04062902000103,1,355030
04063304000159,1,354580
04064650000151,1,316250
04065718000117,1,355250
04066598000253,1,521250
04067967000141,1,270430
04072449000116,0,410180
04075953000170,1,421820
04076226000127,1,354980
04076904000151,0,351880
04078644000153,1,351440
04079327000151,0,354870
04080646000691,1,330455
04080884000192,1,355250
04081167000185,1,352670
04082624000156,1,110011
04082624000741,1,110011
04082624001551,1,110011
04086604000153,0,150220
04090759000163,1,120040
04091950000120,1,150293
04093144000190,0,351150
04096773000174,1,317010
04098348000114,1,510790
04098348000203,1,510790
04098348000386,1,510790
04099122000138,0,352550
04100554000111,1,240820
04102265000151,1,150795
04104117000176,1,412550
04107020001008,1,260790
04113497000377,0,352590
04123389000113,1,421540
04126539000142,1,412382
04134342000155,1,150140
04136367000511,1,317010
04143107000140,1,410690
04143829000102,1,352310
04144713000180,1,150140
04149360000100,1,312770
04149454000180,0,355030
04151078000168,1,420540
04151439000176,0,260790
04152733000100,1,520110
04153540000166,1,130260
04155026000160,1,351880
04156194000170,1,353440
04156194000250,1,351380
04160543000127,0,352590
04160991000120,0,420540
04161612000117,1,351570
04163433002324,0,221100
04163433002405,0,250320
04163766000148,1,230440
04163766000300,1,230440
04164955000135,1,354890
04168172000120,1,315250
04169558000156,0,351230
04169843000177,1,130260
04170534000117,1,313440
04171382000177,0,353140
04171762000101,0,352050
04172213000151,0,350950
04176791000247,1,430905
04178062000149,1,354890
04178077000107,0,350390
04179921000114,1,355030
04187855000124,1,354880
04189724000186,1,313620
04190899000103,0,355450
04190993000162,0,431180
04191665000180,0,530010
04191665000342,0,530010
04191916000127,0,352010
04192532000129,1,315960
04195642000144,1,410690
04201053000121,1,355170
04201372000137,1,150140
04201372000218,1,150080
04201372000307,1,150140
04201372000641,1,150140
04201372000722,1,150140
04201372000803,1,150140
04201372000994,1,150140
04201372001028,1,150140
04201372001109,1,150080
04202766000100,1,350680
04203786000103,1,354780
04206328000110,1,350920
04207303000130,1,150360
04208296000191,1,411460
04210314000170,1,351150
04213007000142,1,420250
04214987000106,0,130260
04214987000360,0,130260
04214987000521,0,130260
04214987001170,0,130260
04215721000170,0,353870
04218254000131,1,355030
04218335000131,1,150140
04218858000188,0,352010
04220566000180,1,355250
04223673000161,1,261160
04229761000502,1,350570
04230984000158,1,410180
04232133000144,1,330630
04239719000130,0,431280
04241585000354,1,315180
04244527000112,1,354850
04247534000178,0,240810
04248044000277,1,353400
04248396000141,0,355220
04249509000123,1,313670
04250768000174,1,261160
04253770000105,1,172100
04260738000149,1,420540
04265872000132,1,130260
04265872000647,1,130260
04266331000129,1,350570
04267011000193,0,355450
04267853000145,1,420910
04269559000172,1,431505
04270071000165,1,315720
04272637000198,0,354850
04275687000129,1,350410
04277941000128,1,352670
04277941000209,1,352670
04278665000112,1,420690
04279514000189,1,352390
04280516000198,0,353340
04282044000102,0,411990
04286673000100,1,330455
04289850000102,1,317020
04291622000177,1,352710
04291641000101,1,412340
04294129000100,0,130260
04296809000163,1,421620
04297515000156,1,330390
04297515000237,1,330390
04298106000174,1,355030
04298742000104,0,351150
04300330000153,0,351100
04300736000136,1,350180
04301781000105,1,291080
04303168000127,1,355300
04304003000170,1,421145
04306120000172,0,355030
04311970000169,1,270430
04320189000150,1,251450
04322004000147,0,130260
04324565000185,1,420540
04326294000105,1,130260
04331307000126,0,330600
04333726000105,1,355220
04333952000188,1,150140
04335535000255,1,130260
04338716000154,0,520110
04341075000197,0,330040
04341874000163,1,353610
04342459000124,1,270430
04342459000205,1,270430
04342459000396,1,270430
04342527000155,0,351150
04344315000107,1,350840
04345294000144,1,150293
04346078000113,1,130250
04346791000167,0,353870
04353142000193,1,261160
04353498000127,0,410690
04356676000173,1,530010
04356676000335,1,530010
04359467000183,1,520870
04362468000187,0,330455
04362975000110,0,410920
04373163000170,1,130260
04373163000251,1,130260
04373163000413,1,130260
04373163004915,0,150140
04373163005059,0,150140
04373163007779,1,130260
04373163008155,1,130260
04373163008317,1,130260
04373163010303,1,130260
04375045000100,0,231230
04375942000105,0,530010
04375942000377,0,530010
04381287000106,1,430770
04392316000127,1,310900
04394606000100,0,330100
04395055000107,1,130260
04395499000134,1,411270
04396581000183,1,150553
04396709000109,1,352530
04398706000104,1,421830
04400396000115,1,130260
04400396000204,1,130260
04401310000179,1,250370
04401724000106,0,350950
04401724000289,0,350950
04406195000125,0,130260
04406195000397,0,130260
04406195000630,0,130260
04406195001440,0,130260
04406195001873,0,130260
04406195001954,0,130260
04406195002250,0,130260
04406195002845,0,130260
04406195004031,0,130260
04406195005356,0,130260
04406195005780,0,130260
04406195006085,0,130260
04406195006166,0,130260
04406660000128,1,420420
04407920000180,1,130260
04409230000321,1,320520
04409921000163,1,355030
04410198000132,1,211120
04415928000945,0,431890
04415928007877,0,432240
04415928008920,0,431770
04415928009144,0,432240
04415928010070,0,432240
04416849000282,1,353440
04416849000444,1,354870
04416849000797,1,353440
04416923000180,0,355030
04416935000104,0,355030
04417870000111,0,261160
04422276000119,0,330240
04424618000130,1,353870
04426411000102,1,355030
04426411000366,1,171660
04426481000152,1,316990
04428605000139,0,250750
04431847000181,1,130260
04431847000696,1,130260
04431847000777,1,130260
04431847000858,1,130260
04437704000187,0,330100
04437721000114,0,330100
04443646000102,1,352530
04447350000151,1,354640
04452022000143,0,330100
04454120000110,0,130260
04454463000184,1,355030
04456377000100,1,354890
04459073000288,0,354160
04462689000127,1,230440
04463276000329,0,352470
04471564000163,1,260720
04473702000143,1,311830
04479137000121,1,355030
04479932000110,1,352550
04488643000187,0,351150
04491370000120,1,355030
04503660000146,0,130260
04503660000499,0,110020
04506394000105,1,355030
04508703000186,1,355030
04510915000106,1,150543
04513030000152,1,310620
04517974000106,1,261170
04517974000289,1,261090
04517974000360,1,260310
04518259000180,1,410690
04520163000156,0,352530
04522275000146,1,293070
04525562000100,1,520870
04527056000150,1,312870
04531517000168,0,352670
04533368000176,0,313375
04539709000110,1,150810
04545217000138,0,311860
04547098000152,1,130260
04548536000105,0,350925
04548872000140,0,421580
04551410000181,1,317010
04551738000106,1,353870
04557307000149,1,410690
04558234000100,1,150140
04559801000142,1,350950
04561957000168,0,130260
04561957000249,0,130260
04561957000320,0,130260
04561957000591,0,130260
04561957000753,0,130260
04561957001130,0,130260
04561957001210,0,130260
04561957001300,0,130260
04561957001482,0,130260
04561957001644,0,130260
04561957001806,0,130260
04561957001997,0,130260
04561957002020,0,130260
04561957002101,0,130260
04561957002292,0,130260
04561957002454,0,130260
04561957002535,0,130260
04561957002705,0,130353
04561957002888,0,130260
04561957002969,0,130260
04562559000166,1,130260
04562559000832,1,130260
04562773000112,1,130260
04563672000166,1,130260
04563672000409,0,110020
04563672000590,0,150680
04563672000670,1,130260
04563672000751,0,120040
04563672001219,0,140010
04563672001308,1,130260
04563672001480,1,130260
04565361000136,0,421820
04565405000128,0,355090
04565807000122,1,412382
04566352000160,1,130260
04566360000106,1,130260
04566378000108,1,130260
04573039000159,1,411990
04574838000140,1,261160
04575041000167,1,412550
04575982000109,0,410690
04578223000191,1,293330
04581360000185,0,430780
04582096000102,0,354340
04589711000102,0,230440
04590925000190,1,315250
04592504000107,0,355450
04594805000838,0,314800
04595406000115,1,421970
04595481000186,1,230440
04602367000136,0,291072
04602576000180,1,230440
04603903000118,0,291080
04607562000159,1,313050
04609653000123,1,260790
04611524000170,0,351518
04613108000100,0,354340
04616210000160,0,330455
04616941000105,0,354780
04620196000178,1,310400
04626780000130,1,430270
04628019000138,1,421120
04628426000145,1,130260
04628426000579,1,310620
04630765000166,0,421600
04630765000328,1,421290
04632523000101,0,420845
04633017000137,1,421930
04633316000171,1,355250
04645113000103,1,354980
04648124000139,1,354580
04649100000102,1,354580
04656185000148,0,353650
04658640000144,1,354390
04658865000109,1,352670
04663482000110,1,355220
04664237000128,1,350950
04664637000133,0,130260
04666559000106,1,354890
04666932000129,1,420665
04667427000280,1,510675
04667427000360,1,510562
04669140000108,0,353030
04670530000106,0,270430
04671122000160,1,410690
04675147000132,0,410480
04675147000213,0,412770
04675147000302,0,410830
04677275000115,0,353080
04681058000107,0,353050
04681111000161,0,330240
04685168000139,1,350840
04687889000188,1,520870
04688755000181,0,310620
04689773000188,0,354520
04695085000120,1,312230
04698769000186,1,421660
04700714000163,1,420820
04701950000102,1,240810
04706209000126,1,310990
04706416000180,1,230765
04706902000107,1,317070
04709841000123,1,410550
04710324000174,1,355050
04715923000180,0,317020
04716366000112,1,351380
04716732000133,0,355650
04716823000179,1,421120
04718575000103,1,352050
04719745000166,1,412350
04719951000176,1,150700
04720800000138,0,313510
04727118000177,1,240720
04728642000162,1,352600
04731624000130,1,410690
04731867000178,1,352310
04732975000165,1,431490
04735087000104,0,316720
04740164000106,1,355170
04741805000147,1,351570
04745621000155,0,352050
04749233000142,0,150616
04754270000149,1,355250
04754812000183,0,411370
04754878000173,1,421930
04755878000198,0,150380
04764392000116,0,280210
04771370000345,1,354340
04771463000108,1,310400
04771930000108,0,355500
04773159000280,1,500230
04773159000876,1,500790
04774105000159,1,110020
04775827000128,0,330455
04781666000185,1,261160
04782567000118,1,352530
04790598000110,1,150140
04792343000197,0,314330
04792343000278,0,314330
04796971000140,0,354515
04798583000107,1,150140
04801067000186,1,110110
04802134000187,1,530010
04804355000194,1,351040
04809550000107,1,430780
04810550000127,1,354340
04811639000108,1,355370
04812883001086,0,314800
04814536000100,0,355030
04815734001828,1,150050
04815994000155,1,311787
04817052000106,1,130260
04817833000109,0,330240
04819724000112,1,355030
04824542000130,1,316470
04824968000193,1,230440
04824968000274,1,230440
04830106000173,1,411200
04831281000185,0,351905
04831281000266,0,351905
04831281000347,0,351905
04831574000162,1,150140
04833180000143,1,250860
04833448000228,0,150140
04834435000192,0,330390
04834784000295,1,150700
04834784000619,1,150700
04835855000193,1,410460
04838649000137,1,130260
04838649000218,1,510340
04839268000253,0,350720
04839369000143,1,354980
04842199000156,1,330490
04848455000112,1,421120
04851699000154,0,315250
04853094000100,1,410580
04854120000107,1,130260
04860162000150,1,355220
04866765000160,0,150553
04870567000170,1,430700
04871642000117,1,314520
04881025000100,0,150380
04882084000195,1,353080
04885819000134,1,510760
04886192000136,0,352680
04887399000125,0,314330
04892257000156,0,420910
04896079000131,1,292740
04898028000149,1,420820
04898028000572,1,420820
04898425000200,0,150220
04898857000202,1,130260
04899037000154,1,240990
04899037000588,1,241440
04901093000186,0,313240
04908058000199,1,410180
04908757000139,1,420540
04909045000134,1,351870
04909479000134,1,150140
04910649000109,0,314930
04911157000120,1,354780
04911157000200,1,354780
04912377000178,0,500790
04913176000195,1,410080
04913862000166,0,353750
04914337000165,0,354340
04914870000127,0,354340
04914890000106,1,420240
04915493000140,1,420140
04915493000221,1,420140
04915493000302,1,420140
04916711000161,1,410580
04917232000160,1,320500
04917545000118,1,351540
04918005000159,1,354850
04918922000214,1,314590
04919567000117,0,354060
04921928000160,0,352390
04925318000134,1,352530
04926519000156,1,420910
04926609000147,1,410550
04928297000100,1,150140
04928297001182,1,150420
04928297001425,1,150680
04929683000117,1,150140
04940191000122,0,310630
04940516000177,1,150140
04941427000145,0,353870
04943560000130,0,420240
04945969000196,1,421620
04946784000287,0,171200
04946784000449,0,171720
04946784000600,0,172090
04946784000872,0,171780
04948053000190,1,352530
04948579000170,1,293135
04951265000126,1,150140
04953915000849,0,150360
04953915002469,0,150360
04956153000168,1,411520
04957650000180,1,130260
04957650000423,0,140010
04957650001071,0,120040
04962563000111,1,352530
04963646000125,1,421930
04966686000120,1,353070
04969941000199,0,354020
04970673000125,0,351620
04972262000179,1,353610
04973426000182,1,150140
04973790000142,0,350950
04976671000143,1,330455
04976718000179,1,150140
04976718000330,1,150140
04976718000500,1,150140
04976718000845,1,150140
04976718001060,1,150140
04976718001221,1,150140
04976718001302,1,150140
04976718001493,1,150140
04976718001574,1,150140
04976718001655,1,150140
04984746000138,1,150140
04985792000151,0,150140
04992664000135,1,420910
04992664000216,1,420910
04995392000127,1,355030
05001206000150,1,355030
05002291000170,1,421120
05003257000110,1,530010
05005556000194,1,352400
05006264000338,1,230440
05006759000103,1,355250
05010107000134,1,420140
05010107000215,1,420140
05013347000192,1,150140
05013347000273,1,150140
05013347000354,1,150140
05016300000182,1,260790
05017780000104,0,310620
05017780000287,0,317200
05017780000368,0,311860
05017780000449,0,317200
05017780000600,0,316310
05017780000791,1,314710
05017780000872,0,313020
05017780000953,1,315140
05017780001178,0,314810
05017780001259,0,317130
05017780001682,0,314810
05017780002301,0,313840
05017780002654,0,314810
05017780003200,0,311860
05017780003383,0,314830
05021817000160,1,421820
05022201000103,0,353870
05026248000145,0,410480
05029600000104,1,520870
05031644000160,1,351540
05033026000150,1,317020
05033529000125,1,150553
05035121000192,1,261160
05036532000100,0,411520
05036618000125,1,330520
05042060000190,1,500270
05044331000147,1,352530
05055624000120,0,210750
05057914000102,1,130260
05058229000109,0,352400
05061744000130,1,351570
05063463000116,1,311787
05065592000143,0,353340
05067106000126,1,353140
05072191000110,0,351230
05073228000125,0,130260
05076251000173,1,355670
05076817000167,1,330455
05077655000181,1,354400
05079154000134,1,330170
05081187000119,0,150140
05081468000171,1,150080
05081677000115,1,352530
05088674000103,0,352010
05092802000192,1,350950
05095181000109,0,150810
05098402000194,1,355600
05098928000174,1,410940
05099044000134,1,314790
05103939000103,1,330455
05104958000146,1,352640
05107871000122,1,353280
05108075000104,1,411480
05114481000341,1,280150
05116209000139,1,240810
05116209000481,1,240610
05116902000101,0,354080
05116931000505,1,500270
05117012000114,1,351960
05125915000147,1,313670
05127194000104,1,315180
05131184000223,1,311060
05132676000152,0,317070
05135814000157,1,355300
05139535000161,0,330455
05141844000176,1,313860
05143341000130,1,411520
05146605000109,1,410480
05147672000148,1,354780
05152206000150,1,330100
05158542000100,0,270730
05158808000115,1,410690
05159712000171,1,421540
05160935000159,1,354870
05160935000310,0,351350
05160935001716,0,352210
05160935002011,0,354990
05160935002607,0,352440
05160935003093,1,353060
05160935003760,1,500830
05167728000126,0,352940
05169227000189,1,314330
05190606000150,0,420380
05194419000145,1,311830
05196135000198,0,261160
05197106000140,0,350570
05197558000122,1,330455
05201735000105,1,421540
05211557000195,1,412550
05211770000105,0,130260
05217376000176,0,330240
05218796000177,0,510840
05221287000101,1,355250
05230983000176,1,355250
05232382000100,0,270430
05235012000119,1,411180
05236846000149,0,353540
05242560000176,0,351790
05250358000196,1,520110
05254957000188,0,351500
05254957002040,0,351500
05254957006895,1,130260
05260429000131,1,351880
05261321000163,1,352530
05265043000112,0,310620
05265043000201,0,310620
05265043000384,0,310620
05265043000546,0,310620
05266880000166,1,351200
05270731000170,1,231290
05275975000146,0,320500
05279711000160,1,420380
05280807000149,0,352530
05292745000195,0,240810
05295680000131,1,421950
05299068000137,1,311830
05300340000402,1,521190
05300340000585,1,520870
05300896000148,1,354850
05301211000188,1,354520
05302691000100,0,350700
05303579000185,1,350900
05304298000147,1,353340
05311418000133,0,353870
05311418000303,0,353870
05311418000567,0,353870
05311418000990,0,353870
05315587000141,1,355030
05321920000125,0,355030
05321987000160,0,355030
05325928000160,1,421950
05326496000101,1,130260
05330116000102,0,351150
05333311000196,0,313420
05338882000202,1,130260
05340581000124,0,110020
05341664000138,1,150140
05343207000182,1,221110
05343207000263,1,221110
05350322000184,1,350700
05350372000161,0,500793
05354891000106,0,355030
05356128000106,1,520870
05358493000150,0,350950
05368709000168,1,230440
05369758000115,0,330370
05370210000195,1,311530
05370222000110,0,350950
05372204000258,1,330240
05375288000100,1,350840
05375626000104,0,352390
05377571000163,1,521460
05379164000195,1,431490
05379537000128,1,315180
05385049000123,0,355030
05385049000204,0,351880
05385049000395,0,351880
05387630000184,0,150080
05387630000265,0,150080
05387630000427,0,150080
05387630000508,0,150080
05388409000140,1,150140
05389493000117,1,500270
05394129000145,1,510562
05402797000177,0,150442
05402904001562,0,130260
05403013000125,1,350790
05408610000142,0,352390
05408949000149,0,352050
05414377000100,1,354890
05416424000155,0,353870
05417697000114,1,355030
05418156000100,0,410830
05423963000383,1,500270
05423963000464,1,520870
05423963001002,1,510340
05427190000141,1,130250
05431120000167,1,421620
05436047000116,0,330455
05436047000205,0,354850
05436047000388,0,211130
05436047000469,0,411820
05436047000540,0,330200
05436047000620,0,320530
05439635000103,1,351280
05443331000110,1,431490
05445808000287,1,314800
05446095000195,0,410690
05446095000276,0,410690
05456901000106,1,354520
05457125000169,0,354850
05459177000174,1,150812
05460666000146,0,310420
05461368000170,1,230440
05462971000177,1,352270
05465034000175,1,230730
05465079000140,1,350390
05478240000110,0,310620
05478509000168,0,420540
05482271000144,1,280480
05482271001205,1,280480
05482583000158,1,210480
05484879000108,1,350100
05485452000124,1,330630
05488484000183,1,261160
05489153000168,1,431490
05491906000170,1,510682
05493281000185,0,411370
05496001000192,0,353070
05498763000128,0,130260
05499449000160,1,351880
05500649000195,1,354870
05501201000196,1,521460
05503214000102,0,130260
05507500000138,1,530010
05508838000619,1,410880
05509693000166,1,260005
05513062000110,1,330455
05516615000199,1,320530
05518915000107,0,130260
05518915000298,0,130260
05518915000450,0,130260
05518915000530,0,130260
05518915000700,0,130260
05518915000883,0,130260
05518915001189,0,130260
05518915001260,0,130260
05524405000495,0,291890
05524952000128,0,351150
05525626000135,1,314330
05527694000133,1,351870
05530009000128,0,354980
05532428000107,1,420930
05533679000289,1,420800
05534712000104,0,351150
05535200000162,1,530010
05535627000160,1,351870
05535627000241,1,354850
05536273000179,1,330455
05537536000164,1,230440
05539814000112,1,330455
05543034000146,1,351880
05552709000113,1,411520
05553211000175,1,240325
05553456000100,0,353475
05554348000144,1,353870
05555629000111,0,354340
05555629000383,0,350600
05555629000545,0,354340
05555629000707,0,352900
05556563000184,1,411370
05561070000132,1,352530
05561373000155,0,291072
05567711000166,1,354850
05571100000191,0,355220
05572870000159,0,150140
05573681000109,0,355450
05574145000110,1,350010
05577208000191,1,420320
05577567000149,0,410690
05579625000173,1,421120
05582116000108,1,330225
05585680000176,1,311830
05587024000102,1,421660
05588662000148,1,353030
05589448000106,1,330240
05589691000124,1,350680
05590351000113,1,220770
05592562000195,0,352940
05592807000184,0,352940
05592919000135,0,352940
05594863000158,0,352140
05596265000118,1,130260
05597812000180,0,314330
05603781000122,1,431180
05605773000115,1,421660
05609494000120,1,410420
05609762000103,1,352530
05611705000169,1,316720
05613696000145,1,411915
05615175000127,1,420320
05615627000170,0,353390
05620523000235,1,500720
05621452000104,1,310400
05623393000103,1,354580
05628519000132,1,312430
05630786000144,1,314800
05631568000124,1,520110
05632236000164,1,354780
05633392000140,0,330100
05635348000179,0,351230
05637864000132,1,355100
05640337000187,1,420530
05642273000153,1,150553
05651966000455,0,354340
05651966000706,0,354340
05652876000136,1,317020
05653764000108,0,315960
05654527000153,1,420910
05654527000587,1,420910
05659031000172,1,353080
05659785001951,0,280490
05660803000196,1,354580
05665632000198,1,410690
05667408000135,0,351620
05668777000142,1,110012
05668802000198,1,354870
05674139000134,1,410690
05674165000162,1,410690
05675062000117,1,230440
05684084000143,1,351410
05685282000121,1,410180
05685282000202,0,411820
05687481000179,1,430310
05687481000250,1,430310
05688289000105,0,420460
05692186000100,1,351500
05693293000153,1,420140
05696897000153,1,261160
05699183000107,0,230440
05705995000100,1,150380
05706012000150,0,352220
05729937000116,0,351840
05735263000162,1,420420
05736055000188,1,230440
05736821000104,0,350650
05740570000131,1,431303
05741825000180,0,354880
05742183000134,1,251370
05743543000112,0,150553
05746270000160,1,313440
05746632000112,1,355300
05753198000106,0,420540
05757183000108,0,330330
05757520000167,1,353870
05758423000199,0,350010
05766253000194,1,410690
05767327000107,1,130260
05768616000120,1,320520
05774354000107,1,421120
05774579000163,1,240800
05775094000194,0,355030
05775301000100,0,315250
05786558000168,1,421950
05788173000130,0,352410
05790426000100,1,353870
05792173000103,1,130260
05792647000117,1,420910
05798883000140,1,421320
05799180000137,1,410180
05799928000100,0,315960
05801784000170,0,530010
05801809000136,1,420910
05802359000104,1,351620
05807049000336,1,260345
05807194000155,1,354870
05808445000116,1,420140
05811376000108,0,313670
05812665000202,1,350570
05814416000167,0,352670
05818423000137,1,410370
05823631000124,1,330455
05824747000188,1,355540
05826590000120,0,521460
05826986000258,1,354220
05827538000198,0,352100
05832555000113,1,150470
05832555000385,1,150080
05834991000121,1,315260
05840319000149,1,230440
05841245000165,0,353080
05842445000132,0,350540
05850749000141,1,110012
05853069000181,0,312230
05853347000281,0,510340
05855404000180,0,260005
05859174000128,0,420260
05863041000125,1,150150
05864559000183,0,353870
05875027000141,1,261160
05879626000133,1,421950
05882322000125,1,410050
05882351000197,0,230440
05882351000359,0,230440
05882351000430,0,230440
05882351000510,0,230440
05882351000600,0,230440
05882351000782,0,230440
05882351000944,0,230440
05887115000163,1,352230
05889268000140,0,316870
05889519000196,1,420420
05890518000161,1,230440
05893011000161,0,110020
05893092000108,0,530010
05895521000178,0,522140
05899991000100,1,314330
05900282000105,1,315250
05902694000176,1,351960
05907238000119,1,421130
05907495000150,1,261160
05909939000197,1,354980
05909988000120,0,330420
05911969000138,1,355030
05915146000180,1,521720
05915304000100,1,351410
05917639000150,1,530010
05928246000141,0,353960
05929257000146,1,311320
05931473000126,1,352530
05932790000167,1,411370
05933838000151,1,351340
05938884000143,1,355255
05939467000115,0,140010
05941244000192,1,330455
05943963000142,1,315250
05944238000199,0,350750
05944604000100,0,355030
05949849000120,1,354070
05953630000102,0,110029
05965546000109,0,160030
05971314000155,1,150497
05971779000106,1,314810
05973128000155,1,110012
05973129000108,0,351410
05975111000137,1,351380
05975865000197,1,320220
05977510000137,1,270430
05980986000127,0,315770
05982547000153,0,510340
05983476000103,1,354870
05985258000108,1,330330
05989100000106,1,355240
05994459000171,0,130260
05995298000130,1,353270
05995840000155,1,160060
05995840000236,1,160070
05995840000660,1,160053
05999455000186,0,313670
05999455000267,0,313670
06001752000153,0,330370
06002771000102,1,354340
06004860000180,1,310400
06007800000110,1,330240
06009341000104,0,150309
06012706000150,0,240810
06013461000185,1,355030
06013760000110,0,150130
06014064000128,1,310400
06015530000190,1,260620
06018718000191,0,410690
06020318000544,0,330420
06021465000105,1,351518
06028733000110,1,150140
06029006000178,1,352530
06038966000102,1,350520
06039812000127,1,211130
06042467000180,1,350950
06042467000261,1,311860
06042467001071,1,354400
06042880000145,1,520110
06043130000198,1,317070
06046699000107,1,352860
06048400000153,0,352140
06049863000130,0,354630
06051352000152,1,310400
06052382000183,1,354870
06058590000190,1,410690
06067949000195,0,314800
06067949000276,0,314800
06067949000357,0,314800
06069123000165,1,520640
06069703000152,1,317080
06071753000174,1,410690
06071850000167,1,412680
06073658000100,0,314480
06073919000191,1,352640
06077985000130,0,352680
06078434000271,1,130250
06081115000134,1,310190
06081332000124,1,420460
06083109000116,1,230440
06091237000101,1,314590
06091964000179,0,351040
06093209000123,0,310620
06099715000120,1,230440
06099951000146,1,250750
06103771000190,0,240325
06103771000271,0,240325
06103771000352,0,240830
06105752000101,1,421190
06111555000197,0,315180
06114560000153,1,351540
06117351000163,0,353870
06118537000137,0,411915
06121324000164,1,351380
06123648000131,1,130260
06125015000162,0,353060
06125495000161,0,240710
06128546000109,1,355030
06133774000177,1,150553
06134049000113,1,420910
06149361000261,0,351840
06151123000100,0,355430
06155174000100,1,351960
06162122000160,0,314790
06162241000113,1,130260
06162863000141,0,110020
06163175000104,1,410690
06164277000136,1,530010
06165908000131,0,353430
06165937000101,1,530010
06166303000165,1,510704
06170169000176,1,350960
06171179000126,1,410840
06176436000201,1,354060
06177753000153,1,130260
06178306000119,1,352530
06183183000104,1,355170
06183940000140,0,354780
06185726000122,0,352530
06189699000166,1,313670
06200815000109,1,353470
06204489000108,0,352390
06205241000153,1,352530
06207412000183,0,130260
06211038000190,1,355470
06212977000159,1,510790
06212977000230,1,510790
06214734000150,0,522140
06215269000171,0,315460
06223395000178,1,150080
06230912000136,1,421120
06232717000145,0,351440
06236564000104,0,411370
06237463000158,0,130260
06237463000239,0,130260
06249086000177,0,355450
06249465000167,1,354340
06250130000169,0,352680
06252519000143,1,317020
06259921000150,1,351960
06262453000172,0,355030
06264124000160,1,353080
06265936000120,1,510558
06270934000120,1,250750
06271214000189,1,355030
06272793000184,1,211130
06272793000265,1,210280
06272793000346,1,210820
06272793000427,1,210120
06272793000508,1,210360
06272793000699,1,210330
06272793000770,1,210540
06272793000850,1,210300
06272793000931,1,211220
06272793001156,1,210860
06272793001822,1,210160
06272793002047,1,210140
06272793002128,1,210480
06272793002209,1,210530
06272793003019,1,211280
06272793003280,1,210910
06272793003442,1,210380
06272793003604,1,210520
06272793003957,1,210570
06272793004171,1,211300
06272793004333,1,211150
06272793004767,1,210960
06272793004848,1,210990
06272793004929,1,210770
06272793005062,1,210320
06272793006034,1,210340
06272793006204,1,210100
06272793006549,1,211400
06272793006891,1,211110
06272793007430,1,210350
06272793008916,1,210542
06272793009130,1,210005
06272793010147,1,211060
06272793011704,1,210900
06272793013677,1,211260
06272793014487,1,210170
06272793014568,1,210410
06272793014991,1,210232
06272793015106,1,211250
06272793015459,1,210500
06272793015882,1,210680
06272793016773,1,211070
06272793017826,1,211180
06272793020614,1,210735
06272793020703,1,210467
06276809000127,0,352010
06277932000162,1,355250
06283489000132,1,410690
06287317000137,1,230440
06288733000150,1,352530
06289189000160,0,150810
06291437000108,1,310620
06291846001429,1,354980
06294907000197,1,313440
06294915000133,1,313440
06294934000160,1,313440
06294951000105,1,313440
06294960000198,1,313440
06294968000154,1,313440
06297985000145,1,421120
06306660000181,1,330240
06307709000110,1,150050
06311272000199,1,314790
06314429000130,0,355220
06318409000137,1,410690
06345926000103,1,421190
06345947000110,1,421120
06346461000105,1,350950
06346748000127,0,230440
06347409006791,1,312510
06347409006872,1,312510
06348804000162,1,354770
06352252000166,1,352050
06352893000110,1,355030
06352893000382,1,355030
06352893000463,1,355030
06352893000544,1,355030
06352893001435,1,355030
06368447000102,1,314110
06368972000110,1,354580
06370413000144,1,354780
06376639000152,0,355450
06417398000142,1,210140
06424337000102,0,220260
06537598000139,1,354340
06538005000159,1,355030
06538082000109,1,350190
06538082000290,1,350190
06538082000370,1,354130
06540879000140,1,355070
06556382000110,0,510340
06572788000197,1,230440
06627947000103,1,230440
06627947000294,1,230765
06696322000799,0,150360
06697008000135,1,330420
06704415000637,1,354850
06710735000195,1,220770
06710842000113,1,221100
06745682000148,1,355450
06745867000152,0,353870
06750673000145,1,230440
06787190000115,1,420910
06789806000197,0,240810
06791571000178,1,420420
06804918000170,1,230440
06816503000116,1,290850
06845747000127,1,221100
06845747000208,1,220040
06845747000399,1,220840
06845747000470,1,220120
06845747000550,1,220390
06845747000631,1,221080
06845747000712,1,220700
06845747000801,1,221000
06845747000984,1,220800
06845747001018,1,220520
06845747001107,1,220430
06845747001280,1,221120
06845747001360,1,220370
06845747001441,1,221130
06845747001522,1,220060
06845747001875,1,220770
06845747001956,1,220350
06845747002090,1,220050
06845747002170,1,220190
06845747002251,1,220200
06845747002332,1,220198
06845747002413,1,220330
06845747002502,1,220500
06845747002685,1,220610
06845747002766,1,220580
06845747002847,1,220820
06845747002928,1,220850
06845747003061,1,221050
06845747003142,1,220550
06845747003223,1,220170
06845747003304,1,220180
06845747003495,1,220310
06845747003576,1,220270
06845747003657,1,220420
06845747003738,1,220985
06845747003819,1,220480
06845747003908,1,220470
06845747004033,1,220780
06845747004114,1,220940
06845747004203,1,221060
06845747004386,1,220140
06845747004467,1,220240
06845747004548,1,221140
06845747004629,1,220640
06845747004890,1,220030
06845747004971,1,220280
06845747005005,1,220680
06845747005196,1,220690
06845747005277,1,220910
06845747005358,1,220670
06845747005439,1,220010
06845747005510,1,220090
06845747005609,1,220020
06845747005781,1,220150
06845747005862,1,220260
06845747005943,1,220540
06845747006168,1,220830
06845747006249,1,220570
06845747006320,1,220560
06845747006400,1,220600
06845747006591,1,220960
06845747006672,1,221070
06845747006753,1,221040
06845747006834,1,221010
06845747006915,1,220980
06845747007059,1,221110
06845747007130,1,220320
06845747007210,1,220290
06845747007300,1,220340
06845747007482,1,220360
06845747007563,1,220440
06845747007644,1,220590
06845747007725,1,220620
06845747007806,1,220730
06845747007997,1,220760
06845747008020,1,220750
06845747008101,1,220900
06845747008292,1,220890
06845747008373,1,220990
06845747008454,1,220510
06845747008616,1,221020
06845747008705,1,221090
06845747008888,1,220650
06845747008969,1,220100
06845747009000,1,220130
06845747009183,1,220342
06845747009264,1,220400
06845747009426,1,220410
06845747009507,1,220460
06845747009698,1,220660
06845747009779,1,220750
06845747009850,1,220970
06845747009930,1,220930
06845747010009,1,220950
06845747010190,1,220080
06845747010270,1,220920
06845747010351,1,220490
06845747010513,1,221030
06845747010785,1,220450
06845747010866,1,220300
06845747010947,1,220860
06845747011080,1,220070
06845747011161,1,220210
06845747011242,1,220250
06845747011323,1,220110
06845747011595,1,220025
06845747011676,1,220720
06845747011838,1,220525
06845747011919,1,220775
06845747012052,1,220937
06845747012214,1,220225
06845747012303,1,220205
06845747012648,1,220115
06847495000175,1,221100
06855175000752,1,150140
06866709000150,0,150140
06871949000143,1,260170
06877674000155,1,230765
06879450000182,1,352740
06880466000105,1,310620
06885217000102,1,351880
06885922000100,1,421820
06890385000196,1,430780
06894782000489,0,521150
06894782000560,0,521150
06894829000161,1,355250
06895006000150,1,353070
06901387000133,1,310400
06911503000103,1,352310
06915103000168,1,310900
06915170000182,0,351040
06916178000163,1,230440
06923325000122,0,350280
06925905000159,1,261160
06926741000184,1,520870
06929454000128,1,330490
06936053000103,1,355030
06936483000206,0,292740
06940544000110,1,315960
06943259000152,0,313130
06948794000104,1,351230
06955143000133,0,354880
06956771000133,1,351350
06957002000150,1,317070
06965272000102,0,431180
06971798000103,0,351150
06972279000151,1,520870
06974176000120,0,310620
06974599000140,0,530010
06979206000191,1,353650
06980064000182,1,230440
06980064000263,1,230440
06980064002550,0,292920
06980064003017,0,292740
06980064003521,0,291840
06980064004846,1,260720
06980064005737,1,230440
06980064009058,0,291480
06980064010650,0,291800
06981381000202,0,353870
06983580000160,0,313670
06983580000241,0,313670
06983580000322,0,313670
06986500000120,1,314330
06988246000108,1,354880
06994981000205,1,260790
07002352000125,1,420320
07004149000198,1,421730
07005330000119,0,330455
07006276000126,1,313190
07007398000218,0,210255
07007475000159,1,330455
07007927000100,1,150293
07011341000101,1,411300
07011343000109,0,500270
07012268000192,1,520870
07013491000154,0,315960
07013633000183,1,510170
07014083000117,1,355030
07016163000101,1,261540
07016163000292,1,261540
07020193000191,1,313670
07022271000278,1,150304
07024380000143,1,355030
07024787000170,0,352570
07024787004320,1,353100
07024792000183,1,352570
07024792000264,1,353100
07026766000194,0,320530
07030022000143,1,350320
07035597000159,1,310400
07040108000157,1,230440
07040108000408,1,230410
07040108000661,1,230440
07040108000823,1,231130
07040108002877,1,230730
07040108003253,1,230030
07040108004306,1,231290
07040108004497,1,230440
07040108005035,1,231180
07040108012597,1,230440
07040108012678,1,230440
07040108012910,1,230440
07040108013135,1,230640
07040108013305,1,230440
07040108013488,1,230440
07049845000382,1,421580
07052040000126,1,352530
07052194000118,1,230190
07052194000460,1,230190
07052786000130,1,230440
07054279000135,1,510340
07057072000114,0,431870
07064534000120,1,310620
07064537000164,1,221100
07070644000103,0,310400
07073027000587,0,330455
07073027001044,0,330455
07073881000110,1,330100
07074096000181,1,352900
07074805000129,1,352530
07079511000190,1,260720
07081057000101,0,313670
07084577000178,1,230440
07086185000148,1,310400
07086431000161,0,352390
07087629000160,0,353870
07088405000172,1,261160
07089149000138,1,353060
07097887000127,0,510340
07099347000182,0,355030
07104905000150,0,353870
07105743000337,1,231340
07105743000418,1,231290
07105743000760,1,230260
07105743001309,1,231360
07105743001732,1,230580
07105743001813,1,230530
07105743002119,1,230730
07105743002623,1,231200
07105743002895,1,230590
07106873000122,0,353340
07108509000100,0,230428
07108832000175,1,352340
07109510000140,1,240810
07110784000150,0,352570
07115880000190,0,311530
07118803000194,1,530010
07119519000132,0,350640
07119723000153,1,130260
07120591000180,0,330070
07121494000101,1,230440
07123390000136,0,330240
07123396000103,1,410690
07129509000188,0,130190
07130025000159,1,130260
07131201000177,0,430790
07131912000141,1,353900
07134151000181,1,355220
07135153000195,0,315960
07137259000128,1,314800
07137989000129,1,520870
07138041000198,1,250400
07140830000163,1,355670
07147444000284,0,313620
07150330000102,0,354780
07156970000120,1,420820
07159249000193,1,230440
07159698000131,1,521460
07161354000167,1,317200
07161856000198,1,353060
07165021000106,1,350320
07167007000141,1,352940
07167319000155,1,354150
07175725000160,1,420890
07175725000321,1,420890
07175725000593,1,420890
07175725000755,1,420890
07175725000836,1,420890
07175725000917,1,420890
07175725001050,1,420890
07175725001131,1,420890
07175725001212,1,420890
07175725001301,1,420890
07175725001484,1,420240
07175725001565,1,420240
07175725001646,1,420890
07175725001727,1,420650
07175725002880,1,420890
07183852000615,1,352720
07188002000103,0,351150
07190108000133,1,315180
07196033000289,1,230420
07196033002141,1,230765
07196033002222,0,221100
07196033002303,0,293330
07196033002494,0,291360
07196033002575,0,293070
07196033002656,0,291080
07196033002907,0,292740
07196033003032,0,292530
07200966000111,1,530010
07201754000159,0,317020
07206816000115,1,230428
07206816002673,1,240810
07206816003050,1,292740
07206816003645,1,250320
07207457000110,1,352450
07208184000129,1,230440
07208184000714,1,230440
07209957000191,1,314220
07212574000172,0,230765
07222913000100,1,317020
07223670000116,0,230440
07224991000135,1,230440
07225607000119,1,355250
07226794000155,1,420910
07227026000116,0,412770
07230513000138,1,355030
07231490000186,0,351570
07234453000121,1,130260
07235387000104,0,354340
07235484000105,0,230440
07242726000180,1,110028
07243746000175,1,351960
07244751000100,0,351040
07252107000176,1,320530
07255814000116,1,354850
07256149000185,1,421120
07257284000145,1,351540
07262677000147,1,310400
07267363000137,1,330240
07270366000120,0,230440
07270366000391,0,230440
07270366000472,0,230440
07270366000634,0,230440
07273496000116,0,354850
07276983000132,1,230770
07277222000103,1,354980
07280328000158,1,351910
07281413000130,1,230440
07283200000148,0,352390
07283824000246,0,510300
07283830000201,0,510704
07286417000292,1,350950
07291112000198,1,351040
07293102000191,1,311455
07293990000142,0,355030
07295782000182,1,291080
07296319000589,1,431490
07298800000180,1,353020
07307914000149,1,421250
07309130000150,0,352680
07312421000105,1,260410
07317216000124,0,354340
07320386000168,1,317010
07321137000197,1,350400
07321183000196,1,355300
07321303000155,0,355450
07323137000126,0,354780
07326937000109,1,230440
07329386000129,1,230765
07329386000471,1,230765
07330977000116,1,172100
07332190000940,1,355030
07334744000191,0,353870
07335418000107,0,230440
07339158000130,1,350950
07339221000138,1,355030
07347634000164,1,520870
07348007000148,1,353460
07348414000155,1,313670
07350260000136,1,355030
07350847000145,0,355450
07354898000145,0,130260
07356196000109,1,410690
07358761000169,0,330455
07358761000320,0,330455
07358761001807,1,312230
07359908000135,1,350570
07361150000170,0,150140
07361177000162,1,354770
07365287000100,1,354580
07365581000880,1,354850
07367055000183,1,230765
07367731000119,1,510760
07367731000380,1,510515
07369090000131,0,317070
07370836000984,1,280150
07371495000104,1,230440
07376337000147,0,150309
07376674000134,0,355030
07377239000124,1,312980
07378027000161,1,351540
07382118000170,0,130260
07382118000413,0,130260
07387606000170,1,270430
07389284000107,1,261160
07392106000127,0,313190
07392529001038,0,260600
07393662000118,1,355240
07396893000185,1,353340
07398533000112,1,354030
07400006000103,1,412600
07406242000129,1,230440
07408681000170,1,520870
07410879000199,0,230440
07413279000184,1,230440
07414643000120,0,280710
07415264000155,1,355250
07418332000130,0,314590
07418989000105,0,150309
07421875000106,1,150140
07431568000106,1,314800
07434319000174,1,230440
07434996000192,1,230440
07436269000164,1,353140
07439033000181,0,352530
07439170000116,1,355030
07442232000149,0,314590
07442711000165,0,421820
07445103000104,0,354340
07445103000457,0,354340
07446069000273,1,355030
07447917000188,0,353440
07448261000118,1,130260
07448575000110,0,150420
07448721000108,1,510840
07448722000152,1,351170
07450031000193,1,353870
07450247000159,1,350275
07450604000189,1,355030
07450604000774,1,355030
07451666000105,1,355030
07451670000173,1,420420
07451885000941,1,150140
07454803000165,1,351040
07457222000187,0,313130
07457547000160,1,291080
07462875000154,1,230440
07465955000163,1,130260
07467822000126,1,230765
07469104000199,0,330100
07480811000186,1,421620
07483553000191,1,420320
07484480000152,1,432040
07486745000151,1,431180
07490967000148,1,355240
07493792000122,1,314800
07494901000126,1,313050
07503739000165,1,130260
07504024000127,1,432040
07514913000175,1,310620
07522191000877,1,313130
07522914000161,1,412550
07523807000158,1,421120
07530510000110,1,352530
07532413000166,1,291072
07536676000143,0,150840
07539684000143,0,240420
07540217000133,1,130260
07541027000130,0,431290
07543288000190,1,330455
07548807000102,1,350010
07551239000107,1,520870
07554323000176,1,353460
07557381000234,0,500320
07558675000108,0,230440
07559762000171,1,314330
07561753000204,1,353240
07564417000126,1,410690
07566016000105,1,317020
07577071000109,1,354890
07578498000113,0,310620
07580512000113,1,410480
07580512001004,1,354890
07580512002833,1,410480
07580512003058,1,420420
07584810000181,0,352010
07586026000102,1,260290
07587673000139,0,420230
07589288000120,0,312510
07590512000102,1,411370
07591442000107,1,315180
07598085000109,0,420460
07599094000106,1,352940
07600033000111,1,320500
07616265000168,1,410180
07616948000115,1,352480
07620169000193,0,530010
07620567000100,0,315960
07620930000197,0,351410
07628528000159,1,355030
07632515000153,1,510792
07632515000234,1,510525
07632515000315,1,510790
07632515000749,1,510525
07632665000167,1,410160
07633485000108,0,240580
07634414000111,1,420140
07634414000200,1,420140
07634414000383,1,420140
07640208000114,1,230765
07640827000109,1,412382
07641416000138,1,310190
07649884000159,1,330420
07658597000105,1,352530
07663140000431,1,250750
07663140000601,1,250400
07663973000150,0,354850
07665190000105,0,313670
07665190000296,0,313670
07666567000140,1,290850
07666791000132,0,310620
07667845000184,0,353500
07677731000204,0,355240
07682638000107,0,355030
07684637000193,1,314330
07688177000171,1,260190
07689002000189,0,354990
07689002000693,0,354990
07694266000120,1,280710
07695727000180,1,355030
07695739000104,1,355030
07700712000162,0,352010
07702571000117,1,354850
07702969000153,0,353080
07703111000103,0,130260
07704186000290,1,250750
07704194000155,0,350960
07706725000149,0,351907
07707973000104,0,354780
07710058000178,0,355040
07711474000190,0,352230
07711793000104,0,353930
07714200000155,0,350700
07723963000162,1,150730
07731654000134,1,352530
07734900000101,1,421250
07736245000120,0,351930
07737623000190,1,330455
07737623000271,1,330455
07737623000352,1,330455
07737623000433,1,330455
07737623000603,1,330455
07737623000786,1,330455
07737623000948,1,330455
07737623001081,1,330455
07737623001162,1,330455
07737623001243,1,330455
07738662000102,0,353870
07741213000113,1,261160
07749764000123,1,230440
07753799000136,1,420460
07754189000157,1,354580
07755311000100,0,351350
07757005000102,0,320320
07758028000131,1,310670
07760479000103,1,352250
07761657000110,1,353650
07762070000126,0,351040
07764501000193,1,520110
07765200000184,0,351380
07765939000196,0,410690
07770585000178,1,250750
07774050000175,1,261160
07777652000186,1,510792
07779699000189,1,520110
07784006000731,1,130260
07784404000162,1,353080
07788682000198,1,354060
07794357000138,1,230440
07794623001870,0,350570
07796756000138,1,150140
07798511000140,1,354340
07798591000133,1,314330
07804335000101,1,150050
07806700000117,1,510623
07807727000558,0,330240
07814284000107,1,352590
07824760000162,0,310900
07830132000190,1,350700
07831987000135,1,351880
07832085000113,1,355270
07833214000198,1,315250
07839116000168,1,411370
07839822000100,1,150550
07849446000134,1,420910
07853604000120,0,310620
07858785000187,1,411520
07859868000190,1,352530
07861782000100,1,351350
07869302000140,1,350075
07881281000188,1,353850
07882309000100,0,260790
07885503000130,1,130260
07885503000211,1,130260
07886394000176,0,150080
07888986000127,1,353440
07896234000108,0,352310
07910429000165,0,430510
07912865000173,1,411990
07914230000105,1,500540
07918552000122,1,314600
07920906000173,0,211130
07924408000107,1,430770
07933426000147,0,520870
07934566000130,1,351880
07934775000183,0,352430
07939604000147,1,354400
07950702000770,1,250750
07950923000153,0,351040
07957242000117,0,150810
07959468000157,0,150309
07960882000186,1,411370
07966540000173,1,520870
07969704000116,0,310620
07969816000177,1,520110
07969816000258,1,500270
07969961000239,1,353600
07976827000184,1,291080
07979542000105,1,411370
07981146000104,1,354890
07987197000143,0,314050
07989423000125,0,313510
07993189000100,0,352570
08007938000145,0,221100
08008273000194,1,421100
08011970000102,1,130260
08011970000285,1,130260
08016929000110,1,250750
08019059000133,1,312770
08019654000179,1,520870
08030492000170,1,353060
08033305000101,1,355030
08038666000140,1,230440
08043676000174,0,352260
08044840000168,0,330455
08046650000180,1,352740
08053408000133,0,352940
08056257000177,0,312710
08057774000160,1,410690
08062253000100,0,355030
08064969000138,1,421950
08070508000330,1,350530
08070508006532,1,351860
08070508006613,1,350280
08070508006702,1,355630
08070508006885,1,350210
08070508006966,1,352090
08070508007261,1,351410
08070508007423,0,350320
08070508008314,1,350620
08070566000797,1,500630
08071937000160,1,310400
08077227000147,1,311830
08078362000107,1,241400
08078362000379,1,240170
08079184000139,1,354640
08083331000144,1,421950
08089002000100,0,421500
08089046000130,1,412810
08090788000267,0,316250
08091102000252,0,330240
08091102000333,0,330240
08092011000150,0,261070
08099787000100,1,420200
08110543000173,0,355630
08112650000211,1,355030
08116430000509,0,313670
08125403000179,0,261160
08139156000160,1,261160
08139156000593,1,261160
08139156001131,1,261160
08139156001301,1,261160
08139156001565,1,261160
08139156001727,1,261160
08147535000282,1,330500
08149061000127,0,355450
08150709000185,0,130260
08160692000147,1,351880
08164050000116,0,130260
08164344000148,0,313420
08165946000110,1,260960
08175256000141,0,314930
08178370000125,1,315960
08178508000196,1,520110
08195082000189,1,150553
08196233000113,1,350775
08197181000108,0,355430
08199900000111,0,355450
08204209000189,0,241220
08210617000143,1,260790
08218951000143,1,355030
08219000000199,0,355030
08223614000144,1,350600
08233510000110,0,240810
08235522000184,1,355030
08242023000114,1,351960
08246617000799,1,355250
08258193000197,1,330240
08260216000106,1,350650
08262027000164,1,351960
08263434000196,0,352050
08263978000158,1,320530
08266474000191,1,353870
08266522000141,0,310620
08276894000159,1,352550
08282819000109,1,432240
08285383000101,1,351230
08287871000140,1,352530
08296240000197,1,432200
08297453000133,1,260790
08298416000140,1,250630
08298416000220,1,250630
08298416001383,1,250630
08298416001545,1,250630
08298416001707,1,250630
08298416003246,1,250630
08299133000112,1,250750
08303508000170,1,421950
08310745000169,1,355240
08310957000146,1,351540
08311009000125,0,351150
08320017000138,1,410690
08321900000142,1,432000
08324808000136,1,240810
08326956000190,0,314590
08327878000148,1,352960
08328461000108,0,350550
08331340000107,1,240810
08331340000298,1,240800
08331340000379,1,261160
08334818000152,1,291080
08336783000190,1,420540
08336783000271,1,420540
08336783000352,1,420540
08336783000433,1,420540
08336783000514,1,420540
08336783000603,1,420540
08336783000786,1,420240
08336783000867,1,420540
08336783000948,1,420540
08336783001162,1,420540
08336783001243,1,420540
08336783001324,1,420540
08336783001405,1,420540
08336783001596,1,420540
08336783001677,1,420540
08336783001758,1,420540
08336783001839,1,420540
08338661000133,0,521850
08340294000102,1,355280
08340515000142,1,240810
08340515000223,1,240810
08340515000304,1,240810
08343066000196,1,350010
08351646000125,1,350650
08354328000118,1,430510
08356962000190,1,315180
08359422000160,0,353060
08368875000152,1,355090
08370059000183,0,240810
08385353000169,0,240200
08386379000121,1,410480
08388402000117,1,350160
08388402000206,1,350160
08391345000125,1,350810
08395140000118,1,411370
08395288000152,0,350790
08396059000152,0,353870
08402943001477,1,230440
08406430000110,1,350160
08415791000122,0,510760
08427280000120,1,311830
08430679000160,1,430510
08431454000129,1,240810
08432692000159,0,240810
08435662000104,1,521150
08435796000117,1,520140
08436584000154,0,330630
08436783000162,1,353080
08438586000182,0,410480
08441336000100,1,431490
08441336000282,1,431490
08442224000165,0,221100
08450958000196,0,260005
08452188000110,0,350840
08456052000189,1,410465
08456893000196,0,350160
08457450000110,1,314590
08460368000144,1,355300
08472297000108,1,270430
08475946000116,0,351040
08480071000140,1,240810
08480071000221,1,240810
08480071000302,1,240810
08480071000574,1,240810
08486781000188,0,420910
08488365000119,0,315250
08491163000126,1,310620
08492926000153,0,350280
08493354000127,1,317010
08497164000188,1,354260
08498479000220,1,240810
08498701000104,1,240810
08509046000142,1,500370
08511719000107,0,270430
08511719000360,0,270430
08511719000875,1,260790
08517600000133,1,521150
08517944000142,1,330370
08547329000189,1,352530
08562142000154,0,240810
08565415000114,1,354340
08568537000164,1,250750
08569468000103,1,420140
08569468000294,1,420140
08569845000104,0,352600
08578982000105,0,310900
08579293000115,1,354980
08580409000136,1,250400
08586461000108,1,420140
08586461000280,1,420140
08586461000361,1,420140
08587950000176,1,355030
08589117000164,1,530010
08596532000145,0,240810
08599259000102,0,355450
08602750000145,1,353070
08605405000165,0,353870
08614277000116,1,350775
08614679000110,0,270030
08619010000111,1,355220
08621379000240,0,530010
08624534000109,1,330390
08625414000118,0,420910
08628629000605,1,351870
08628629001245,1,351880
08628629001407,1,330455
08630516000121,0,351300
08630551000140,1,355470
08634878000190,1,350320
08641223000140,1,353870
08644888000107,0,315400
08645385000156,0,354780
08649736000105,1,354980
08658519000173,1,130260
08658880000108,1,260600
08658912000167,0,352530
08662042000108,0,530010
08664989000140,1,250750
08665722000177,1,354580
08667206000181,1,250750
08670308000156,0,351040
08672385000145,1,350790
08678487000178,1,314800
08680399000100,0,250750
08680639000177,1,250750
08680639000339,1,250750
08684547000165,0,311860
08684547001560,0,311860
08684547001803,0,311860
08684547002532,0,311860
08684547002613,0,311860
08684547003008,0,311860
08684547003261,0,311860
08684547003342,0,311860
08684547003423,0,311860
08684547003504,1,314590
08684690000157,0,350360
08687308000169,1,421950
08697244000187,1,350530
08697549000199,0,221100
08700130000149,0,241290
08700130000300,0,241120
08703373000130,1,250400
08708133000129,1,250750
08712160000175,0,352530
08715757000769,0,250750
08719007000170,1,250400
08727463000161,1,261160
08729421000160,1,410690
08733698001057,0,330455
08737758000119,0,351040
08743489000101,0,330100
08746226000148,1,355250
08754373000160,1,354400
08755019000150,0,261160
08758644000155,0,353870
08763018000157,1,354400
08774749000106,1,172100
08776148000124,1,260790
08777688000122,0,351620
08778393000170,1,520110
08779349000185,1,355240
08787846000125,1,354870
08789544000277,1,330455
08796098000147,0,354515
08797923000128,1,221100
08801643000146,1,352550
08808826000193,0,250300
08809288000151,1,354850
08811226001903,1,250320
08811556000170,1,250400
08814071000130,0,250400
08815587000107,1,210005
08815686000180,0,130260
08816166000192,1,352530
08820419000100,1,311800
08824028000155,0,530010
08826596000195,1,250400
08830761000182,1,411670
08832031000463,0,354730
08834796000190,1,353870
08836933000125,0,150553
08840308000157,1,250400
08840308000319,1,250400
08843146000100,1,250750
08848416000176,0,314790
08848847000132,1,150050
08851080000109,1,312230
08856098000438,1,261160
08858602000196,0,260410
08870769000172,1,311860
08873594000157,1,313670
08873873000110,0,354870
08876833000122,1,313050
08876929000190,1,510790
08881886000131,1,330455
08882133000140,1,355030
08884083000130,0,350650
08888916000131,0,330100
08898143000174,1,352980
08906558000142,0,500600
08922382000112,1,411370
08923885000102,1,500270
08924010000125,1,411820
08929748000185,1,292740
08930868000100,1,320500
08933802000166,1,351570
08934016000183,0,351150
08939548000103,1,260410
08954675000181,1,351440
08961997000158,1,261160
08962957000120,1,150140
08963255000161,0,351150
08963656000111,1,421930
08964218000178,1,330610
08965850000136,1,353870
08967872000135,1,230440
08972622000193,1,250750
08975739000120,0,352230
08976383000140,1,250750
08979027000180,1,230440
08993104000156,1,130260
08998012000169,0,352680
09011724000105,1,411370
09011724000296,1,411370
09027658000161,1,411990
09029511000100,1,315700
09032438000126,1,520140
09037609000100,1,150220
09046784000163,1,355250
09052056000164,0,351150
09053646000101,1,250300
09053671000195,1,330455
09054385000144,1,355030
09054385000225,1,355030
09054385000306,1,355030
09054385000659,1,355030
09054385000900,1,355030
09054385001116,1,355030
09054385001388,1,355030
09054385001469,1,355030
09054385001540,1,355030
09054385001620,1,355030
09054385001701,1,355030
09054385001892,1,355030
09054385002945,1,355030
09054385003674,1,355030
09054741000120,1,421930
09055079000122,1,354870
09060909000100,1,230440
09062015000159,0,352940
09068674000100,1,260600
09068674000283,1,260600
09068674000526,1,260600
09068674000607,1,260600
09068674000798,1,260600
09075648000100,0,260410
09080294000183,1,420140
09080294000426,1,420140
09088312000173,0,351150
09090259000145,1,251370
09092610000137,0,251370
09094632000217,0,250890
09094905000142,1,250750
09098419000100,1,250750
09101356000196,1,350860
09102284000100,0,354990
09111832000150,1,250750
09112236000194,1,250750
09112528000127,1,351960
09112681000154,1,250750
09113708000123,1,410860
09113882000176,1,240800
09116278000101,1,250460
09117631000160,1,250750
09123654000187,1,250750
09123654007270,1,250750
09125438000170,1,354580
09132389000101,0,313670
09136051000110,0,313670
09136062000108,0,313670
09139551000105,1,250750
09139551000296,1,250400
09139551000539,1,251080
09139551000881,1,250630
09139551000962,1,251210
09139551001004,1,251620
09139551001187,1,250370
09139551001691,1,250970
09139551001772,1,250100
09140351000172,1,250750
09140351000504,1,250750
09140351000687,1,250750
09140351000768,1,250750
09140351001225,1,250750
09140351001497,1,250750
09140351001578,1,250750
09140351001659,1,250750
09140351001810,1,250750
09140351001900,1,250750
09140351002035,1,250750
09140351002116,1,250750
09140351002205,1,250750
09140351002388,1,250750
09140351002469,1,250750
09140351004089,1,250750
09140351004160,1,250750
09140351004593,1,250750
09140351004755,1,250750
09140351004917,1,250750
09140351005050,1,250750
09140351005131,1,250750
09140351005212,1,250750
09140351005301,1,250750
09140351005565,1,250750
09140351005808,1,250750
09140351005999,1,250750
09140351006103,1,250750
09140351006294,1,250750
09140351006537,1,250750
09140351006707,1,250750
09140351006880,1,250750
09140351007002,1,250750
09140351007266,1,250750
09140351007770,1,250750
09140351008238,1,250750
09140724000105,0,250750
09141097000127,1,260290
09141982000106,1,261560
09142183000154,1,250750
09143020000196,0,311830
09143909000173,1,351540
09144857000150,0,354880
09152076000107,0,315120
09155391000198,0,250400
09155391000279,0,250250
09165028000153,1,250720
09174805000126,1,330455
09175485000129,1,330350
09175609000176,1,260940
09181824000180,1,354980
09181948000165,1,310260
09182743000102,1,520110
09183308000194,0,353390
09185554000185,0,250750
09189499000100,1,250750
09189628000151,1,351150
09197394000194,1,352050
09204284000102,0,432180
09204552000196,0,350600
09204855000109,1,355650
09205918000141,1,313670
09205933000190,0,313670
09210761000142,0,351150
09212234000177,1,250190
09212234000258,1,250190
09215593000188,0,311860
09219122000148,0,250400
09221033000136,1,352140
09230619000167,1,355250
09233949000106,1,354580
09243650000132,0,250400
09245767000155,1,412550
09248608000104,1,330455
09253464000184,0,353650
09253568000199,1,250750
09258289000118,1,355030
09260908000109,0,240220
09263541000187,1,353030
09263860000192,0,351870
09267050000104,1,230440
09267050000376,1,230440
09267050000457,1,230440
09267050000538,1,230440
09267050000619,1,230440
09267050000708,1,230440
09270215000105,1,351570
09272793000172,1,311800
09276477000179,1,310560
09278982000152,0,313670
09280677000103,1,520110
09281673000131,1,261160
09282293000111,0,353030
09282893000180,0,313670
09286157000108,1,355250
09286372000109,1,310400
09293267000199,0,250400
09293267000270,0,250400
09293267000350,0,250400
09293926000197,0,313670
09295684000170,0,250750
09296509000106,0,313670
09296683000140,1,350450
09306569000154,0,313670
09307761000165,1,410860
09312868000100,0,330610
09313969000197,1,420910
09319675000172,1,313130
09320250000183,1,250750
09320250000264,1,250400
09322588000174,0,313670
09322610000186,1,353070
09323163000180,1,251400
09325109000173,1,412230
09326499000104,1,270430
09329127000123,0,313670
09332238000199,0,520870
09336431000106,0,354260
09342379000192,0,270630
09342379001083,0,270430
09349170000150,1,353770
09353801000105,1,410940
09354098000150,0,313670
09357997000106,1,251370
09361863000169,0,313670
09364804000144,1,421730
09366356000118,0,130260
09368242000107,1,250750
09369604000184,1,250400
09369604000265,1,250400
09374095000188,1,431303
09381723000152,1,315250
09384169000167,0,313670
09384963000100,1,313670
09387725000159,0,350570
09394063000225,1,351880
09399417000143,0,313670
09399868000180,1,421120
09405197000113,0,313670
09409822000367,0,150140
09412785000184,1,420930
09416953000100,1,110020
09417504000186,1,431303
09423763000110,0,352590
09426032000128,0,230640
09427642000146,1,250180
09429227000121,0,351150
09433715000102,0,251370
09437622000156,1,330040
09440046000104,0,313670
09445134000190,0,352530
09447557000140,1,354890
09447881000168,0,313670
09448266000176,0,313670
09449817000116,0,313670
09450343000122,1,520870
09450494000180,1,352530
09454163000119,0,313670
09456774000104,0,310620
09456774000368,0,310620
09461567000210,1,261070
09462921000140,0,500270
09463408000174,1,310400
09466817000124,0,313670
09472535000130,1,330240
09479269000177,1,351380
09487155000179,0,221100
09488666000105,1,315250
09502108000157,0,250750
09503561000188,0,431340
09511120000128,0,353770
09524674000160,1,420400
09525290000161,0,351040
09527446000143,1,130260
09528436000122,1,352900
09538662000194,1,130260
09539555000180,1,350210
09540449000117,0,351170
09541728000103,1,420540
09543141000125,1,260345
09553151000141,1,351880
09554036000191,1,315700
09558523000122,1,160027
09560574000199,0,260790
09560970000116,1,250320
09575642000193,0,352570
09586313000148,0,351150
09592977000110,1,352530
09596117000154,0,240325
09612403000166,1,330455
09624083000164,0,313670
09625226000152,0,530010
09627652000125,0,355450
09634321000112,1,230440
09645944000190,1,412550
09650157000137,1,220040
09656038000191,0,330070
09658023000162,0,355450
09666214000176,0,354340
09675221000134,1,150140
09675243000102,0,412550
09688564000133,1,330430
09720683000126,1,352940
09720751000157,1,412550
09769035000164,1,261160
09795881000159,0,261160
09811654000170,1,260170
09811654000412,1,260170
09811654000501,1,260170
09811654000846,1,260170
09822370000189,1,261160
09829524000164,1,261160
09829524000326,1,260410
09829524000407,1,261110
09829524000598,1,260110
09829524000830,1,260600
09829524000911,1,261390
09863853000121,1,260960
09911079000187,1,261160
09912242000126,1,230440
09967852002928,0,130260
09967852003657,1,410690
09967852004114,1,230440
09967852011595,1,410690
09967852014691,0,130260
09991639000231,1,251250
10139925000171,1,354780
10156658000221,1,350600
10171633000116,0,330490
10176883000149,0,351550
10194524000114,0,352530
10196882000166,1,240810
10204690000154,0,330600
10219306000197,1,350650
10220089000155,1,230765
10230006000109,0,351880
10230480001960,1,261160
10237164000190,0,410480
10238042000976,1,230730
10238042001867,1,250750
10238042002405,1,261160
10238357000166,0,315180
10242848000180,1,352870
10243416000194,0,240220
10243498000177,1,351440
10248005000191,1,421060
10249238000109,1,310375
10250651000274,1,420400
10261111000105,1,355030
10268128000194,0,314330
10287484000155,1,352710
10290160000176,1,310730
10294042000136,1,354070
10300334000134,0,530010
10313426000159,1,352310
10318806000186,1,260620
10318806000267,1,261160
10318806001158,1,261160
10319126000187,1,311800
10319846000142,0,210330
10319846000223,1,261160
10319846001629,0,210330
10320085000149,1,420820
10320085000220,1,420820
10329603000195,1,421690
10334629000121,0,310620
10341440000166,1,260790
10374002000102,1,430310
10383827000185,0,330455
10388242000158,1,510790
10388242000239,1,510790
10396497000162,1,230440
10397490000165,1,521308
10403490000120,0,130260
10404678000193,1,431303
10406079000109,1,352550
10414025000195,1,330455
10417584000159,1,230440
10421584000122,0,260790
10424408000144,0,260730
10443525000155,1,330455
10447529000101,1,410550
10451424000126,0,310620
10452413000160,1,313630
10456659000100,1,420540
10467099000190,1,420125
10467243000198,1,352050
10469886000170,1,330455
10472968000506,0,352710
10476588000108,1,261160
10476588000612,1,261160
10476588001422,1,261160
10476588006149,1,261160
10476588006572,1,261160
10476588007110,1,261160
10483444000189,1,230440
10486417000160,0,261560
10486669000199,1,521930
10486709000100,0,354980
10490977000198,1,230370
10500372000130,0,240810
10516776000112,0,355030
10527184000104,0,420670
10528455000138,1,110020
10538296000152,1,230440
10542662000147,1,530010
10547362000150,1,261160
10554840000150,1,350600
10569334000134,0,411520
10569648000137,1,261160
10571149000184,1,261160
10582485000122,1,421950
10584626000146,1,351960
10590133000119,1,355710
10598591000102,1,420140
10598591000285,1,420140
10599279000125,1,352550
10606806000181,0,354880
10610370000102,1,355450
10610381000184,1,355450
10610427000165,1,355450
10611758000110,0,314330
10611758000381,0,316800
10626515000155,0,351040
10641011000104,1,355050
10642915000154,1,351570
10647979000148,0,350410
10651891000108,0,261160
10652147000110,0,260110
10656452000180,1,261160
10656452001232,1,261070
10656452004339,0,260410
10656452006897,1,172210
10656452007192,1,230370
10656565000185,0,355450
10678261000119,0,354780
10678505000163,0,355450
10681186000145,1,353710
10683408000169,0,130260
10687862000198,1,313440
10700821000194,1,240810
10704625000198,1,240810
10709781000141,0,110020
10716279000168,0,350160
10730982000120,0,354780
10732419000191,1,500620
10736420000194,0,130260
10739535000132,0,320530
10740348000179,1,250970
10740700000176,1,350650
10752716000107,1,410550
10762648000159,1,520870
10764422000197,0,352230
10776337000149,0,351150
10777183000290,0,240810
10779478000115,0,260790
10803492000107,0,261160
10803500000115,0,261160
10804000000106,0,354870
10810573000134,1,352850
10811016000138,0,261160
10816775000193,0,261160
10817084000104,1,530010
10820645000124,0,261420
10823815000124,1,351880
10835932000108,1,261160
10835932000299,1,261160
10835932000701,1,260010
10835932000884,1,260120
10835932000965,1,260140
10835932001341,1,260170
10835932001422,1,260290
10835932001503,1,260400
10835932001694,1,260410
10835932001856,1,260600
10835932001937,1,260620
10835932002070,1,260640
10835932002313,1,260890
10835932002402,1,260990
10835932002666,1,261000
10835932002828,1,261110
10835932002909,1,261180
10835932003042,1,261220
10835932003204,1,261390
10835932003476,1,261450
10835932003557,1,261530
10835932003719,1,261640
10835932004952,1,261360
10835932006815,1,260050
10835932014249,1,260110
10835932015482,1,260680
10835932016535,1,260020
10835932016616,1,261260
10835932019712,1,261250
10835932020800,1,260545
10839653000112,0,352680
10845574000114,1,240420
10847747003906,1,130260
10869782000153,1,261160
10869782000404,1,261160
10869782000668,1,261160
10869782000820,1,261160
10869782001044,1,261160
10877926000113,0,261160
10877926000202,0,261160
10877926001357,0,261160
10877926001438,0,261160
10877926001519,0,261160
10877926001608,0,260960
10877926001861,0,261160
10877926001942,0,261160
10877926002086,0,261370
10877926002167,0,261160
10877926002400,0,260400
10877926002671,0,261160
10877926002752,0,261160
10877926002833,0,261160
10877926003058,0,261160
10877926003139,0,261160
10877926003210,0,261390
10877926003309,0,261640
10877926003562,0,261110
10877926003724,0,261160
10877926003805,0,261250
10877926003996,0,260890
10877926004020,0,261090
10877926004100,0,261160
10877926004372,0,260990
10877926004534,0,260210
10877926004615,0,260230
10877926004704,0,260010
10877926004887,0,260410
10877926004968,0,261160
10877926005000,0,260880
10884828000103,0,150309
10899502000150,0,352940
10901215000137,1,530010
10907534000150,1,130250
10963007000162,1,260680
10963007000596,1,260680
10970887000102,1,261160
10970887000285,1,351880
10970887000790,0,292740
10970887001338,1,240325
10970887003110,1,260790
10970887003705,1,260790
10970887003896,0,292740
10970887004515,0,314080
10981660000154,0,260960
10981660000740,0,260960
10981660001550,0,260960
10998292000157,0,261160
10998292000238,0,260410
10998292000319,0,261110
10998816000100,0,351150
11035672000159,0,211160
11083987000171,0,230100
11091958000151,1,351570
11109589000187,0,330220
11134145000100,1,261160
11142023000238,1,261160
11164077000113,1,410550
11169174000107,0,261160
11193125000100,1,260410
11214624000128,1,261160
11214624000470,1,261160
11259123000168,0,330220
11329752000117,0,230440
11331451000128,0,230730
11346301000279,1,260620
11436813000145,0,260790
11448933000162,1,260720
11481173000195,1,260960
11482080000185,0,220430
11482080000509,0,221100
11482080000851,0,220800
11507415000172,1,261070
11590296003694,0,230730
11654894000150,1,261160
11674272000193,1,261160
11797222000101,1,260360
11810603000175,0,261160
11810603001066,0,261160
11841434000130,1,260960
11888849000321,1,240810
11893047000148,0,251080
11893047000229,0,251080
11942836000121,1,261390
12023966000123,0,260410
12023966000395,0,260410
12023966000557,0,260170
12023966000638,0,261090
12023966001103,0,260410
12023966001529,0,260120
12023966001871,0,260410
12023966002509,0,260640
12023966002843,0,260410
12023966002924,0,260600
12023966003068,0,260600
12023966003149,0,260410
12023966003491,0,260600
12023966003572,0,260600
12023966003734,0,260410
12023966003815,0,260410
12023966003904,0,260120
12035234000153,0,261160
12176442000172,1,221100
12181806000102,1,220770
12199121000193,1,270890
12199337000159,1,351300
12199337001473,1,353050
12210621000189,1,270030
12213443000140,1,270030
12223392000137,0,270030
12229415001001,1,313440
12229415001605,1,313862
12282034001762,1,353640
12285276000142,1,270430
12360335000108,1,230440
12363594000184,1,270430
12423810000130,1,270130
12424255000160,1,270940
12427605000142,1,270050
12514782000166,1,270640
12539110000105,0,211130
12542197000170,1,270670
12700266000126,1,240220
12727145000178,1,250630
12727145000682,1,250630
12733937000155,0,270100
12733937000317,0,270100
12776852000154,1,261160
12819074000133,1,260400
12819074000214,1,260950
12819074001024,1,260950
12877031000104,1,260790
12924130000108,1,250750
12988788000175,0,240810
13004510000189,0,261160
13004510000502,0,261160
13004510000774,0,261110
13004510001070,0,261160
13004510001231,0,261160
13004510001401,0,261160
13004510001584,0,261160
13004510001746,0,261160
13004510002041,0,260960
13004510002556,0,261160
13004510004257,0,261160
13004510004761,0,261160
13004510004842,0,261160
13004510005733,0,261160
13004510008325,0,261070
13004510009569,0,261070
13004510009640,0,260790
13004510012357,0,260790
13004510012438,0,260345
13004510017154,0,261160
13004510017316,0,260960
13004510018398,0,260290
13004510022158,0,260790
13004510023391,0,261160
13004510024010,0,260790
13004510024444,0,261370
13004510024525,0,260790
13004510024606,0,260005
13004510024959,0,260410
13004510025092,0,261160
13004510025173,0,261160
13004510025416,0,261160
13004510025688,0,261110
13004510025769,0,261160
13004510025840,0,261160
13004510026145,0,261160
13004510026226,0,261070
13004510026307,0,261160
13004510026579,0,260005
13004510026900,0,261070
13004510027117,0,261160
13004510027206,0,260960
13004510027389,0,260960
13004510027702,0,261070
13004510028199,0,261070
13004510028784,0,260790
13004510031220,0,260960
13004510031734,0,261160
13004510032110,0,260790
13004510032382,0,261160
13004510033354,0,261160
13004510034164,0,260960
13004510034407,0,261160
13146642000145,0,280030
13220488000104,1,292740
13221247000180,0,292740
13265129000173,1,292740
13306501000142,1,250400
13342076000147,1,280440
13342878000157,1,291080
13342878000238,1,291080
13406285000107,1,291072
13406285000298,1,291560
13406285000379,1,293135
13406285000450,1,292530
13406285000700,1,291072
13457189000198,0,291080
13527585000144,1,291072
13527585000225,1,292530
13554910000168,1,292740
13577432000101,0,292740
13583323000105,0,353800
13595251000108,1,292740
13605605000158,1,292740
13683990000151,1,291560
13786785000200,1,317080
13829957000197,1,290650
14017081000147,1,291080
14099147000195,1,150140
14099147002058,1,150140
14147490000168,0,291480
14172647000105,1,130260
14259428000168,1,292740
14378830000161,0,293330
14520829000120,0,160030
14553861000101,1,292740
14589261000284,1,330455
14589261000365,1,270430
14589261000870,0,354850
14589261001337,1,330200
14589261001418,1,431560
14645162000191,1,292740
14666630000104,1,292920
14698658000123,1,150140
14797724000112,0,292740
14797724000201,0,291080
14797724000384,0,291840
14797724000465,0,291480
14797724000546,0,291360
14797724000970,0,291800
14797724001003,0,293330
14797724001194,0,292870
14797724001275,0,290320
14797724001356,0,293135
14797724001437,0,291460
14797724001780,0,292530
14797724001941,0,291072
14797724002085,0,292400
14797724002247,0,290070
14797724002328,0,293010
14797724002590,0,290460
14797724002670,0,291470
14797724002751,0,291750
14797724002832,0,291070
14797724003480,0,291920
14797724003561,0,292740
14797724003723,0,293290
14797724003804,0,291170
14797724004029,0,292990
14855753000193,1,292740
14998371001603,1,270430
15009061000278,1,510170
15099930000111,1,510250
15102288002207,1,260720
15102924000176,1,293070
15104599000180,1,521308
15107246000134,1,291360
15107246000215,1,291360
15107246001700,1,291360
15144306006987,1,310560
15144306007959,1,311830
15155336000109,1,292740
15155336000281,1,292740
15155336000605,1,292740
15176233000117,1,292740
15176233001784,1,292740
15179682000208,1,353650
15179682002243,1,354780
15179682002596,1,353650
15219389000138,1,292740
15223043000103,0,292740
15233026000157,1,292740
15243884000182,1,292740
15244114000154,0,292740
15257983000113,1,292740
15257983000385,1,292740
15257983000466,1,292740
15257983000970,1,292740
15257983001004,1,292740
15257983001195,1,292740
15257983001357,1,292740
15257983001438,1,292740
15257983001519,1,292740
15257983001608,1,292740
15257983001780,1,292740
15257983002086,1,292740
15257983002752,1,292740
15257983002833,1,292740
15257983002914,1,292740
15257983003058,1,292740
15257983003210,1,292740
15257983003996,1,292740
15257983004020,1,292740
15257983004100,1,292740
15257983004291,1,292740
15257983004453,1,292740
15257983004534,1,292740
15257983004615,1,292740
15257983004968,1,292740
15257983005182,1,292740
15257983005263,1,292740
15257983005344,1,292740
15257983005425,1,292740
15257983005506,1,292740
15257983005697,1,292740
15257983006073,1,292740
15257983006154,1,292740
15257983006316,1,292740
15257983006405,1,292740
15257983006588,1,292740
15257983006740,1,292740
15257983007207,1,292740
15257983007398,1,292740
15257983007550,1,292740
15257983007630,1,292740
15257983007711,1,292740
15257983007800,1,292740
15257983008440,1,292740
15257983008521,1,292740
15257983008793,1,292740
15257983008874,1,292740
15257983008955,1,292740
15257983009412,1,292740
15257983009501,1,292740
15257983009684,1,292740
15257983009765,1,292740
15257983010186,1,292740
15257983011239,1,292740
15304223000110,1,150553
15321110000122,0,150140
15411218000106,1,500270
15413826000150,1,500270
15413826000311,1,500370
15413826000583,1,500660
15413826000664,1,500630
15413826000745,1,500375
15413826001121,1,500270
15413826002446,1,500270
15413826003175,1,500330
15413826004651,1,500295
15413826004902,1,500320
15413826005895,1,500500
15413826006867,1,500769
15413826008053,1,500124
15413826008487,1,500375
15413826009106,1,500540
15413826009963,1,500020
15413826010031,1,500110
15413826010384,1,500220
15413826010465,1,500260
15413826010899,1,500330
15413826011194,1,500560
15413826011437,1,500690
15413826011780,1,500740
15413826011941,1,500769
15413826012085,1,500790
15413826012247,1,500800
15413826012409,1,500370
15413826012590,1,500060
15413826013480,1,500380
15413826013561,1,500400
15413826013723,1,500470
15413826013995,1,500620
15413826014029,1,500720
15413826014290,1,500320
15413826014371,1,500090
15413826014967,1,500100
15413826015009,1,500290
15413826015858,1,500570
15497290000106,1,500270
15497290000289,1,500270
15497290000360,1,500270
15497290000793,1,500270
15497290001099,1,500830
15497290001250,1,500270
15497290001501,1,500270
15527906000640,1,500540
15527906000721,1,500720
15527906000802,1,240120
15527906000993,1,251120
15527906002937,0,313720
15527906003585,1,500720
15527906003666,1,352670
15528821000172,1,500270
15573686000187,0,500270
15607021000147,1,280480
15607021000228,1,280030
15679384000198,1,292740
15705049000117,1,291080
15792682000190,1,130185
15809346000102,1,130260
15820681000101,1,130260
15887193000111,1,150150
15890809001002,0,293330
15928567000108,0,500270
16036352000137,0,500270
16041592004702,0,351880
16041592007132,0,351880
16084121000107,1,293135
16236440000182,1,355220
16293359000134,1,292740
16406522000128,0,292740
16415598000110,1,293330
16505190002344,1,312090
16527889000108,0,310030
16578361000150,1,310620
16589137000163,0,310620
16589137000325,0,317010
16589137000406,0,313670
16589137000759,0,313820
16589137001054,0,314330
16589137001135,0,314790
16589137001488,0,310620
16589137001569,0,315250
16589137001640,0,312230
16589137001720,0,311860
16589137002026,0,316720
16606048000188,1,310150
16609919000117,1,310150
16617789000164,1,315200
16622284001836,0,150553
16628281000323,1,314000
16628281000676,1,320040
16670291000165,1,310620
16694812000114,1,310670
16694812000467,1,310670
16701716000156,1,310670
16701716003171,1,310670
16701716003333,1,310670
16711087000145,1,310620
16715518000737,1,313380
16718231000175,1,310230
16730137000131,1,310260
16768319000100,1,313380
16768319000363,1,313380
16818601000146,1,313620
16820052000144,0,310350
16824674000140,1,310350
16832651000188,1,311160
16837585000139,1,314480
16842452000150,1,310620
16896433000107,1,314330
16918542000188,1,316370
16920928000124,1,314330
16921181000129,0,314330
16936742000163,1,310400
16968547000115,1,310420
16969180000154,1,310420
16991945000152,0,313130
16991945000233,0,313130
16991945000403,0,311940
16991945000586,0,311940
17002528000100,1,311370
17043183000125,1,310260
17076357000156,0,313670
17076357000318,0,313670
17082892000110,1,310560
17087370000100,1,317070
17097288000167,1,311860
17138140000123,1,310620
17138140000204,1,313670
17138140000395,1,314800
17138140000557,1,313900
17138140000638,1,311030
17138140000719,1,315140
17138140000808,1,316720
17138140000980,1,315210
17138140001014,1,313990
17138140001286,1,313780
17138140001448,1,313840
17138140001529,1,310420
17138140001600,1,312570
17138140001790,1,316470
17138140001952,1,316940
17138140002096,1,317130
17138140002177,1,313820
17138140002258,1,317010
17138140002339,1,314180
17138140002410,1,314810
17138140003068,1,315220
17138140003653,1,315220
17138140003734,1,315220
17138140004030,1,316250
17138140004110,1,315140
17138140004200,1,313170
17143348000130,1,316070
17153081000162,1,313670
17153081000405,1,313670
17155276000141,1,311860
17159229000176,1,520110
17159518000175,1,311860
17174889000126,1,310620
17176538000154,1,310620
17177296000113,1,310620
17184037000110,1,310620
17184037000462,1,310620
17184037001604,1,353800
17184037001787,1,354910
17184037002082,1,410690
17184037002244,1,320530
17184037002597,1,520800
17184037002759,1,520870
17184037003054,1,410940
17184037003305,1,330170
17184037003801,1,354340
17184037003992,1,355170
17184037004026,1,310620
17184037004450,1,330350
17184037004883,1,310620
17184037005421,1,431490
17184037005693,1,330455
17184037006150,1,354850
17184037006231,1,310620
17184037008013,1,310620
17184037008447,1,310620
17184037008951,1,292740
17184037009257,1,530010
17184037010000,1,280030
17184037010182,1,420540
17184037010263,1,240810
17184037010506,1,355030
17184037010930,1,353870
17184037011405,1,354780
17184037012207,1,350950
17184037012398,1,411370
17184037013521,1,354140
17184037014250,1,310620
17184037014765,1,420930
17184037015494,1,354980
17184037015656,1,354870
17184037015737,1,430510
17184037015818,1,420240
17184037015907,1,310620
17184037016032,1,350600
17184037016202,1,330630
17184037016547,1,310620
17184037016709,1,355410
17184037018248,1,310620
17184037018590,1,310620
17184037018671,1,310620
17184037019210,1,354990
17184037019724,1,351880
17184037021206,1,351380
17184037021389,1,261160
17184037021540,1,353060
17184037021621,1,310620
17184037021702,1,352590
17184037021974,1,355220
17184037022008,1,350280
17184037022199,1,351620
17184037026267,1,350320
17184037026348,1,350330
17184037026429,1,350400
17184037026500,1,350610
17184037026690,1,350760
17184037026771,1,351110
17184037026852,1,351840
17184037026933,1,352440
17184037027077,1,352530
17184037027158,1,352900
17184037027239,1,353080
17184037027310,1,354890
17184037027409,1,354970
17184037027581,1,355370
17184037029100,1,310620
17184037030612,1,310620
17184037031260,1,352690
17184037032402,1,310620
17201336000115,1,310620
17217720001269,1,313820
17217720001420,1,313820
17217951000110,1,310620
17217951000209,1,310620
17217951000624,1,310620
17217969000111,1,310620
17220021000115,1,310620
17220583000169,0,310620
17221615000140,1,310620
17226051000139,1,310620
17226051000210,1,310620
17227422000105,1,314590
17227422014076,1,314590
17230079000140,0,316553
17245051000186,1,313380
17245234000100,0,310620
17245234000363,0,310990
17245234000525,1,316720
17245234002730,0,311860
17245986000162,1,315780
17249111000139,1,310620
17249111001453,1,310620
17249111002425,1,312090
17249111005289,1,314710
17249111006684,1,316720
17249111007737,1,313880
17251034000232,1,260600
17258443000180,1,312230
17269861000172,1,310620
17271925000170,0,310620
17271925000250,0,230440
17272998000186,1,310620
17283276000470,0,313670
17283532000186,0,310670
17283532000690,0,310670
17286733000137,1,310620
17311432000116,1,310620
17311572000194,0,313380
17318551000109,1,311860
17327552000373,1,314790
17330895000125,1,314430
17334392000128,1,310620
17354911000896,1,530010
17359233000188,1,311860
17359233000501,1,311860
17370354000120,1,313940
17370354000473,1,314810
17376120000190,1,313170
17381864000101,1,310620
17385261000170,1,310620
17385261000250,1,315670
17391822000143,1,310620
17392002000176,1,314590
17393547001098,1,172100
17396565000132,0,310620
17403783000157,0,314480
17403783001552,0,313190
17414061000106,1,310620
17414061000360,1,310620
17414061000440,1,310620
17414061000521,1,310620
17414061000602,1,310620
17414061000793,1,310620
17428731003908,1,500270
17429010000140,0,355030
17449638000107,1,314330
17464140000113,0,313670
17469701004911,0,353870
17469701005306,1,320130
17469701010482,0,320500
17469701010644,1,421620
17489824000170,1,310620
17490244000100,1,310620
17492398000123,0,310620
17492398000204,0,310620
17492398000557,0,310620
17492398001014,0,310620
17492398001103,0,310620
17492398001286,0,310620
17492398001529,0,310620
17505249000151,1,310620
17591546000167,1,312230
17591918000155,1,310400
17625229000114,1,314800
17635277000193,1,310670
17661356000179,1,314390
17688094000136,0,313670
17690520000176,1,313670
17698002000107,0,313670
17698002000280,0,313670
17753344000336,1,316250
17799438000346,1,313670
17806779000130,1,310400
17872664000143,1,313820
17878554000199,0,310160
17884560000159,0,310260
17889288000108,1,314790
17949900000506,0,313375
17962978000137,0,310470
17989187000109,1,317130
17997420000197,1,317010
18104802000107,1,314800
18149211000156,1,315960
18206524000107,1,315780
18209155000106,1,310620
18216697000106,1,310620
18222877000192,0,311530
18233742000122,0,310620
18239038000187,1,310620
18242578000110,1,314790
18260422000323,0,520870
18260422002610,0,521150
18260422002881,0,354980
18260422003853,0,521880
18279158001007,1,311270
18279158001180,1,317080
18309666000515,0,316180
18311704000140,1,313620
18383125000103,1,313580
18416750000104,1,314710
18417774000188,0,314330
18449504001040,0,110018
18459628003300,0,330045
18476119000109,1,317010
18527671002033,0,316250
18529446000173,1,311800
18540906000830,1,314080
18544924000114,1,311830
18556357000116,1,316250
18565382000166,0,315720
18614602000102,0,314430
18620609000129,1,313820
18625343000107,1,315180
18640227000167,1,315700
18653055000166,1,313510
18672659000150,1,314710
18720938000141,0,310620
18725804000970,1,530010
18725804002086,0,520870
18725804002590,0,510340
18725804002671,1,500270
18725804002752,0,110020
18725804002833,0,120040
18786988000121,0,317120
18792952000150,0,311860
18810341000198,1,310740
18833533000110,1,310620
18844563000121,1,316860
18895284000197,1,310840
18935650000194,1,310160
18942482000164,1,315220
18953091000145,1,312770
18958256000171,1,310950
18979328000167,0,311000
18998880000100,1,317130
19014786000124,1,311030
19028034000112,1,314390
19037944000161,1,317070
19081439000203,1,315250
19091537000132,1,311100
19095181000105,1,315180
19140789000104,0,311830
19141340000160,1,311830
19157650000173,0,310620
19158435000359,0,351350
19160126000151,1,313170
19160126000313,1,313170
19166180000104,1,521250
19166180000376,1,420820
19177062000100,1,311830
19197854000480,1,311940
19198118000102,1,310620
19198118001419,1,312870
19198118002067,1,314790
19198118002571,1,312230
19198118003624,1,315180
19198118005597,1,312800
19198118005830,1,313130
19198118008936,1,316250
19198118009150,1,313820
19198118012615,1,313520
19198118013425,1,315700
19198118013506,1,316110
19198118014316,1,311530
19198118014901,1,313940
19198118021282,1,312090
19198118021363,1,312160
19198118022920,1,316860
19198118023498,1,311230
19198118027051,1,317010
19198118029186,1,315210
19198118029933,1,310160
19198118030273,1,313670
19198118030435,1,313505
19198118030516,1,314330
19198118030605,1,314390
19198118030788,1,314800
19198118030940,1,315250
19198118031083,1,316720
19198118031245,1,317020
19198118031407,1,317040
19198118031679,1,317130
19198118032640,1,313510
19198118032721,1,310170
19198118046439,1,310510
19198118052757,1,312770
19198118059921,1,310620
19198118060180,1,310860
19201128000141,0,310620
19265024001334,0,310620
19265024001415,0,313820
19285360000105,1,314800
19350180004157,1,314810
19371574000102,1,317070
19398452000100,0,313380
19398452000282,0,313380
19411164000130,1,313420
19411834000118,1,311280
19454784000156,1,317020
19498831000163,0,314790
19499987000169,1,314790
19501899000154,0,314610
19512284000123,0,315400
19527639000158,0,311530
19529478000131,0,311530
19529478000212,0,311530
19531052000112,1,311530
19537471000161,1,315070
19543206000510,0,313370
19543206000781,0,313380
19552413000107,1,310560
19557487000136,1,310560
19582170000150,1,313670
19600758000199,1,313130
19617661000199,0,355030
19632116000171,1,311340
19632116001909,1,313670
19632116003197,1,311340
19632116004169,1,313670
19632116004240,1,311340
19632116009470,1,311530
19632116009632,1,313840
19632116009985,1,330455
19632116010053,1,330455
19638964000198,1,313620
19670975000155,1,316990
19690445000179,0,315960
19690999000176,0,330630
19690999000338,0,330630
19690999000508,0,330630
19690999000761,0,330630
19690999000923,0,330630
19692755000122,0,311800
19714070000130,1,311830
19715663000110,1,311830
19717305000147,1,311830
19717578000191,0,311830
19719103000134,1,311830
19721232000167,1,311830
19722354000178,1,311830
19765734000190,0,313840
19791581000155,0,310620
19794130000171,1,310900
19810530000123,1,310620
19811058000224,1,314110
19813492000162,1,310620
19813492000324,1,310620
19818301000155,1,310375
19843754000131,1,310620
19859784000640,1,150442
19870385000176,1,311940
19900000000508,1,430920
19900000000842,0,411990
19900000001733,0,350320
19900000001903,0,230970
19900000003868,1,130260
19929074000135,0,317020
19929074000216,0,317020
19929074000305,0,317020
19929074001883,0,317020
19955889000199,1,311910
19990845000108,1,312090
19994425000191,1,312090
19996230001071,1,521150
20007308000176,1,313780
20015418000180,1,314800
20030987000102,1,310400
20057170000110,1,317010
20060125000114,1,310400
20060471000100,1,310400
20060471000283,1,312230
20074092000161,1,312230
20078531000104,0,312160
20078531000376,0,312160
20078531000880,0,312160
20078531001500,0,312160
20078531004606,0,312160
20078531005769,0,312160
20081774000444,0,312160
20081774000525,0,312160
20090981000201,1,354220
20090981000384,1,354140
20090981000465,1,353220
20090981000546,1,352920
20090981000708,0,510270
20090981001356,0,510795
20094314000108,1,313240
20099818000110,1,311800
20131678000110,0,311830
20142295000148,0,312230
20143863000125,1,312230
20147161000110,1,312230
20147161000381,1,312230
20171401000111,1,315250
20176160000284,0,316720
20177101000140,0,316720
20202198000101,0,314700
20202198000284,0,314700
20211132000170,1,312090
20211264000100,1,312090
20213666000135,0,312090
20216586000133,1,312090
20283842000539,1,311530
20294088000109,1,314480
20310835000155,1,310620
20321725000199,1,317130
20338091000187,0,313670
20346524000146,1,314700
20358636000117,1,310620
20366076000142,0,317070
20367629000181,1,313240
20367629000939,1,355030
20367959000177,1,317070
20373585000100,0,310260
20376489000108,1,312410
20376489000370,1,312410
20384608000174,1,316940
20388757000101,0,316720
20447645000184,1,313670
20448221000134,1,313670
20448221000304,1,313670
20448221000487,1,313670
20448221000568,1,313670
20448221001882,1,313670
20448221002340,1,313670
20567368000143,1,313510
20605424000197,1,312770
20651683000154,1,310420
20737664000145,1,317130
20841771001786,0,312230
20850400000101,1,313670
20850400000284,1,316250
20850400000365,1,310560
20850400000950,1,313670
20850400001094,1,310560
20850400001256,1,316250
20850400002066,1,313670
20850400002490,1,313670
20927059000137,1,314890
20939807000100,1,314790
20949285000119,1,312230
20959391000183,1,313170
20960712000160,1,313170
21000161000155,1,313190
21000344000685,1,313190
21002464000107,0,313190
21024591000107,1,312770
21126040000154,1,310620
21142203000192,1,313620
21245451000169,0,317020
21250329000180,1,312770
21255419000164,1,313380
21255567000189,0,314330
21255567000260,1,313380
21255567001150,1,314710
21273172000109,1,316250
21289673000183,0,317020
21299615000130,0,314590
21320221000117,1,317010
21329701000149,1,312870
21367511000116,0,314330
21370226000154,1,314330
21372982000112,1,313505
21474663000118,1,311800
21474903000184,1,310600
21476064000133,1,315180
21479092000104,1,314330
21483359000137,1,314710
21483359001028,1,314710
21483359001109,1,314710
21489976000140,1,313670
21505144000170,1,314800
21507389000136,1,310620
21551379001331,1,410690
21551726000192,1,313670
21553177000195,1,313670
21553177000276,1,313670
21554605000102,0,313670
21566120000120,1,313670
21566120000635,1,313670
21568175000170,0,313670
21568407000190,0,313670
21572243000174,1,313670
21574355000164,0,313670
21575063000146,1,313670
21575279000101,1,313670
21580469000117,1,310420
21580956000180,1,313670
21580956000260,1,313670
21580956000341,1,313670
21580956000422,1,313670
21580956000503,1,313670
21580956000694,1,313670
21580956000775,1,313670
21580956000856,1,313670
21580956000937,1,313670
21580956001070,1,313670
21580956001232,1,313670
21588504000144,1,314800
21616792000101,1,355050
21705306000113,0,313190
21728779000136,0,310620
21781455000161,0,313670
21783238000100,1,313630
21801048000179,1,314800
21842729000266,1,315120
21846191000187,0,313670
21847009000102,1,317070
21854963000122,0,310620
21859335000130,1,312230
21866348000136,1,317130
21867551000127,0,310620
21898739000132,1,311320
21938147000105,1,313510
21938188000193,1,314800
21978945000152,0,317100
21992946000151,1,313720
21992946000828,1,310620
21992946001557,1,313720
21992946005110,1,313720
21992946005200,1,313720
21993571000144,1,313670
21993571000225,1,313670
22021406000193,1,316870
22034458000102,1,316870
22034458000366,1,316870
22072367000153,1,313820
22076012000132,1,313820
22113898000147,1,313170
22148126000140,1,313840
22148803000120,1,311880
22217616000151,0,314790
22223358000116,1,310350
22229207000175,1,313900
22243588000147,1,314800
22266175000188,1,320510
22266175002202,1,316930
22266175002555,1,317010
22266175003101,1,411820
22266175003284,0,510760
22266175003446,1,353470
22266175003608,0,510760
22266175003950,1,313030
22320881000160,1,311860
22320881000403,1,313670
22444012000148,0,310620
22587687000146,1,314300
22655583000121,1,316720
22662043000175,0,314330
22662043000256,0,314330
22662043000337,0,314330
22662043000680,0,314330
22666341000133,1,314330
22667216000148,0,314330
22697254000143,1,313950
22709109000216,1,312770
22709109000488,1,312770
22719843000185,0,315250
22751986000417,1,311800
22768840000131,0,130260
22783195000126,1,314390
22797070000406,1,150140
22912307000100,1,314470
22919047000196,1,150140
22931299000130,0,314480
22931380000110,0,310900
22983753000105,1,314560
23020886000130,1,314600
23031479000129,1,130260
23063118000164,1,314610
23069198000165,0,160030
23069198000327,0,160030
23069198000599,0,160030
23069198000670,0,160030
23089402000100,0,314800
23100118000197,1,310350
23123680000136,1,316860
23149057000152,1,311530
23188717000104,1,313130
23213150000189,0,313375
23234495000119,0,311860
23245525000192,1,314760
23261530000199,0,310620
23280357000176,1,314790
23314594000100,1,240810
23314594001506,1,310620
23314594003045,1,310670
23338155000138,1,314800
23338155001371,1,314800
23338189000122,0,314800
23338189001366,0,314800
23338189001528,0,314800
23338718000198,0,314800
23338718000279,0,314800
23339658000128,1,314800
23363575000174,1,312090
23371255000166,1,310400
23374283000137,0,310620
23409055000155,1,314810
23451982000133,1,314930
23453897000104,1,314930
23498256000176,1,230440
23522923000109,1,221100
23637093000165,1,315180
23637093000408,1,315180
23637093001641,1,315180
23637093001803,1,315690
23637697000101,0,315180
23640204000192,1,315180
23643315003097,1,315180
23643315009451,1,315180
23647209000147,1,315180
23647688000100,1,315180
23759905000145,1,317070
23789712000137,0,313620
23796998000188,1,317050
23798846000114,0,315210
23802986000119,0,314810
23823735000110,1,312710
23837792000159,1,314790
23842503000100,1,310620
23931736000189,1,311440
23942360000108,1,313620
23949522000130,0,311430
23949522000210,0,311430
23951916000122,1,315250
23951916000203,1,315250
23951916000475,1,315250
23951916000637,1,315250
23951916001102,1,315250
23953466000107,0,315250
23961535000124,0,317020
23964182000116,1,311830
23965288000134,1,311830
23966765000186,1,311830
24005233000145,1,310400
24021677000174,1,315280
24021677000336,1,315280
24021677000921,1,315280
24021677001065,1,315280
24025975000132,1,313950
24048910000102,0,312830
24048910000293,0,313690
24048910000374,0,314300
24048910000455,0,310430
24048910000536,0,312830
24056517000160,1,316250
24090409000104,0,315400
24141814000104,1,261160
24150377000195,1,261160
24150377000519,1,261160
24163149000150,1,230440
24200958000194,0,240800
24200958000275,0,240020
24232886007684,1,350410
24245219000119,1,270430
24294209000173,1,250750
24355547001140,1,130260
24378986000104,1,315720
24380578004176,1,280360
24441917000602,0,260120
24443608000159,0,260110
24443608000230,0,261110
24449126000106,0,260790
24450041000148,1,260790
24540197000110,1,261160
24542953000301,0,510263
24542953000573,0,510263
24655631000107,1,500370
24661860000134,1,500270
24714859000120,0,510360
24725707000123,1,316250
24801367000172,1,316290
24824781000105,1,316370
24866741000118,1,521250
24884793000117,1,520870
24896425000270,1,354340
24896425001594,1,354340
24949232003689,0,520910
24973927000176,1,510340
24996746000165,1,316720
25086034000171,1,172100
25086034000252,1,171320
25086034000414,1,170210
25086034000848,1,170770
25086034000929,1,170230
25086034001062,1,171488
25086034001143,1,172120
25086034001496,1,170220
25086034001658,1,170255
25086034002115,1,170100
25086034002204,1,170550
25086034002468,1,170930
25086034002620,1,171670
25086034002891,1,171840
25086034003006,1,171050
25086034003197,1,172110
25086034003510,1,170720
25086034003944,1,171790
25086034004401,1,171360
25086034004835,1,171420
25086034004916,1,171575
25086034005564,1,170950
25086034006102,1,170950
25086034006960,1,171620
25086034007184,1,170610
25086034007265,1,170240
25086034007427,1,170310
25086034007699,1,170555
25086034007850,1,170820
25086034008075,1,172090
25086034008237,1,172065
25086034008318,1,171660
25086034008580,1,171820
25086034008741,1,170070
25086034008903,1,170200
25086034009128,1,170040
25086034009390,1,170700
25086034009713,1,171610
25086034010134,1,171250
25086034010215,1,171500
25086034010800,1,172100
25086034011700,1,171886
25086034012188,1,171650
25086034012692,1,172210
25086034013230,1,170380
25086034013311,1,171875
25086034013907,1,170110
25086034014040,1,172080
25086034019352,1,170384
25086034020288,1,171190
25086034021098,1,170320
25086034021683,1,171270
25086034022906,1,172100
25089509000183,1,172100
25102203000110,0,316860
25166281000188,1,317070
25187410000114,0,310400
25201625000142,1,316250
25212093000149,1,314505
25214560000170,1,314330
25235342000111,1,316930
25239617000195,1,316930
25248287000102,0,110002
25308198000368,0,316720
25312273000100,0,315960
25315904000137,1,310260
25331521000152,1,316990
25335803000128,1,316990
25336611000136,1,316990
25404542000150,1,313510
25404542000231,1,313505
25404542000312,1,317103
25404542000401,1,315220
25404542000584,1,313505
25421421000117,1,317010
25431016000180,1,317010
25431016000341,1,521150
25440199000108,0,317010
25461203000106,0,310620
25466087000118,1,310620
25478975000150,1,311860
25502014000134,1,317130
25536764000127,0,313880
25536764000208,0,312470
25582727000155,1,315120
25587288000173,1,314330
25599168000196,0,315400
25630153000143,1,317020
25631672000207,1,313420
25631672000398,1,317010
25631672000550,1,317020
25632316000127,1,315250
25634551000138,1,530010
25634551009607,1,317010
25634569000130,1,530010
25634577000186,1,317020
25634577000429,1,317020
25638206000172,1,317020
25640004000165,1,317020
25640673000137,0,317020
25641929000120,0,317020
25646514000140,1,317070
25646761000146,1,315180
25646761000499,1,315180
25650482000156,1,315250
25650870000137,1,311060
25684218000133,1,312980
25695628000180,1,313190
25759366000170,1,317020
25762741000130,1,317020
25765660000194,0,317020
25793563000105,1,312710
25853672000170,1,313210
25860305000102,1,317070
25863390000154,1,317070
25935685000199,0,310620
25936576000196,1,317070
25936576000439,1,317070
25945403000134,1,317130
25946971000150,1,317130
25965765000197,1,314800
26004242000147,1,317200
26034157000121,1,317010
26034694000171,1,310400
26057091000195,1,310670
26070128000115,1,310590
26071910000159,1,314720
26072728000112,1,310420
26078121000140,1,317020
26150565000149,1,315210
26150979000178,0,315210
26175679000143,0,314330
26178111000186,1,313720
26178111000267,1,313530
26178111000348,1,314240
26178111000429,1,313880
26181370000166,1,316930
26189951000144,1,310260
26202168000173,0,313270
26205666000170,1,314790
26235135000120,1,317020
26242107000210,1,313130
26248666000157,1,310670
26279935000304,0,291072
26325282000190,1,313900
26444950000107,0,530010
26484154000190,1,530010
26564534000134,1,510340
26629238000174,0,520110
26629238000255,0,520110
26880807000150,1,520870
26990192000114,1,530010
27000512000104,1,330455
27011022000103,1,431490
27055235000137,1,320530
27056522000161,0,320530
27065150000130,0,320530
27146828000109,1,320150
27175959001439,1,354325
27175975010846,0,330370
27181320004562,1,330240
27184936000419,1,240800
27184936000680,1,354325
27184936000761,0,210330
27184936000842,0,150220
27184936001067,1,261160
27184936001490,1,260620
27184936001652,0,355030
27184936001733,1,230190
27184936002039,0,150360
27184936003434,0,150140
27184951000114,1,280480
27190180000178,1,320120
27231273000101,0,320520
27486182023664,1,330455
27486182023745,1,330455
27497684000640,0,330330
27497684000720,0,314430
27535996000196,1,320500
27557305000155,1,320530
27559525000118,1,320490
27564335000199,0,293135
27663293000143,0,351880
27665207000131,1,355030
27741735000122,1,320530
27763754000150,1,330330
27768225000149,0,330330
27777903000130,0,320280
27832443000103,0,330030
27832443000286,0,330030
27926864000195,1,330370
27999531000196,0,320080
28053619000183,0,320520
28053619000850,0,320520
28053619001155,0,320520
28053619001740,0,320520
28106052000166,1,330040
28109395002128,1,315340
28142800004153,1,250060
28154847000140,0,320510
28163228000111,1,320530
28164937000111,1,320530
28165090000190,1,320530
28293066000136,0,330455
28299386000101,1,330240
28492544000560,0,330040
28492544000641,1,310420
28492544000722,0,330630
28503894000151,1,320530
28577153000387,1,330350
28622744000167,1,354390
28622744000752,1,314800
28672996000109,1,330040
28672996000362,1,330040
28672996000605,1,330040
28674489000104,1,330040
28681724000167,1,330040
28763118000603,1,330455
28763118000867,1,330455
28763118000948,1,330455
28763118001324,1,330455
28763118001405,1,330455
28771806000100,1,330170
28823805001126,0,313670
28823805001207,0,313670
28823805002602,0,313670
28823805005547,0,313670
28826394000908,1,330390
28867729000189,1,330600
28868420000103,1,330600
28955961000179,0,330100
28955961000250,0,330100
28955961000330,0,330100
28955961000411,0,330100
28957488000169,0,330100
28961084000149,0,330100
29014008000199,1,330455
29041324000150,0,330030
29060647000603,1,314590
29060647001243,1,351350
29060647001405,1,421620
29126752000185,1,330170
29139078000173,1,330170
29156551000120,0,330600
29167442000109,0,330455
29167442000370,0,330452
29168010000112,0,330455
29169588000193,0,330455
29226750000168,0,330455
29236221000145,0,330110
29262052000207,1,310620
29262672000157,1,330455
29309127013580,0,350570
29346301000153,0,430510
29403763000165,1,330170
29506474003964,1,260290
29588019000182,1,330580
29639291000144,1,330220
29644192000150,1,330220
29744778002483,0,292740
29744778009062,0,110020
29744778011202,0,330455
29744778012527,0,292740
29744778024703,1,431490
29744778027125,0,330455
29744778027206,1,230440
29744778041896,0,510340
29744778052073,0,520870
29744778053550,0,330455
29744778053800,0,240810
29744778059590,0,500270
29744778093420,0,211130
29744778107072,0,160030
29744778157096,1,130260
29744778159030,1,221100
29744778179650,0,140010
29744778214154,0,150140
29744778376723,1,261160
29744778454970,0,150140
29744778499051,1,420540
29744778499809,0,330455
29744778580843,1,250750
29802378000190,1,330030
29824299000180,1,330455
29884228000173,1,330340
30036685000430,0,292740
30069314000888,1,330340
30069314002317,1,330340
30097554000381,1,320530
30097554002406,1,320530
30097554004107,1,320130
30097554004298,1,320130
30098529000150,1,330330
30153506000100,1,330350
30153506000525,1,330350
30222814000131,0,520110
30259220000367,1,354850
30259220001762,1,420820
30260871001500,1,230440
30278428000161,0,330455
30332829000152,1,330490
30350276000160,1,330575
30411250000185,1,330240
30411573000179,1,330240
30411862000178,0,330100
30412019000106,0,330100
30412159000184,0,330100
30517890000174,1,330370
30535975000185,1,330340
30535975000347,1,330340
30536619000186,1,330340
30538060000123,1,330340
30689210000108,1,320530
30742548000330,0,330350
30743538000157,1,320500
30743538000238,1,320500
30743538000319,1,320500
30743538000408,1,320500
30743538000580,1,320500
30743538000661,1,320500
30743538000823,1,320500
30743538000904,1,320130
30743538001048,1,320500
30743538001129,1,320520
30743538001200,1,320530
30770184000130,1,330350
30831606000130,1,330045
30831606000210,1,330045
30831606000300,1,330350
30831606000644,1,330350
30831606000725,1,330045
30831606000806,1,330320
30831606000997,1,330350
30831606001292,1,330320
30831606001373,1,330045
30831606001888,0,330010
30831606002000,1,330045
30831606002698,0,330010
30834196000180,1,330350
30834196000342,1,330350
30834196000504,1,330220
30834196000695,1,330350
30834196000776,1,330350
30834196001403,1,330220
30902803000100,1,330455
30902803049371,1,330455
30902803174605,1,330455
30917256000129,1,330370
30989826000196,0,330610
30999197000185,0,330520
31134885000145,1,330390
31134885000498,1,330390
31134885002601,1,330390
31134935000194,1,330390
31134935000356,1,330390
31138217000196,1,330390
31141856000100,1,330390
31142292000120,1,330600
31146863000103,1,330390
31157092000141,0,330455
31159437000104,1,330390
31159437000287,1,330390
31203987000175,1,330225
31341209000142,1,330520
31427859000296,0,330630
31452113001395,1,355250
31452873000169,1,330420
31487473001403,1,330455
31487473001594,1,330455
31487473001756,1,330455
31487473001837,1,330455
31487473001918,1,330455
31487473002051,1,330455
31487473002302,1,330455
31487473002728,1,330455
31487473002809,1,330455
31487473003376,1,330455
31487473003538,1,330455
31487473003619,1,330455
31487473004690,1,330455
31506041000188,1,330100
31506157000117,0,330100
31508005000153,1,330100
31508427000129,0,330100
31512866000105,1,330430
31565104009638,1,410690
31565104010300,1,431490
31565104027881,1,431490
31565104027962,1,431490
31565104028004,1,431490
31565104029159,1,431490
31667298000111,0,330455
31667298000200,0,330240
31730278000148,1,320530
31733363000402,1,352050
31733363000593,1,355620
31733843000120,1,330490
31737141000115,1,320530
31773682000441,1,317070
31876709000502,1,351880
31876709003870,1,352940
31895683000116,1,355030
31895683000388,1,355030
31901382000158,0,330455
31901382000239,1,330500
31901382001553,0,330455
31967201000196,1,330440
31971161000156,1,330580
31985633000120,0,411200
32012221000176,0,330100
32012569000163,1,330100
32012635000103,0,330100
32062580000138,1,355030
32082489000931,1,354850
32095317000145,0,330455
32172751000424,0,330455
32175317000155,0,330580
32175325000100,0,330580
32185605000190,0,330580
32190092000106,1,330580
32190092000378,1,330580
32190092000530,1,330580
32190092000882,1,330580
32190092000963,1,330580
32190092001005,1,330580
32190092001188,1,330580
32190092001269,1,330580
32216897000262,1,330420
32285454000142,1,330370
32285454002943,0,355030
32285454005292,0,355030
32287575000123,1,330600
32290645000100,1,330600
32292310000113,1,330420
32319931000810,0,240800
32326860000106,0,330250
32348807000106,1,330610
32348807000610,1,330610
32351462000140,1,330610
32402414000133,1,320500
32404063000108,0,330600
32404063000604,0,330600
32404063001929,0,330370
32404063002909,0,330600
32493603000169,1,330630
32498750000121,1,330630
32500613000770,1,355030
32504995000114,0,330630
32572679000180,1,330120
32579013000234,1,410830
32592073000882,0,330630
32592073000963,0,330630
32592073001501,0,351350
32597122000101,0,330025
32681371000768,1,320490
32681371001497,1,292200
32681371001578,1,330240
32681371002892,0,430930
32681371003198,1,320320
32681371003350,1,314000
33000118000179,1,330455
33000118000500,1,292740
33000118000683,1,160030
33000118000764,1,130260
33000118000845,1,140010
33000118004166,1,330455
33000118004409,1,330170
33000118004670,1,330630
33000118004913,1,330070
33000118005219,1,330330
33000118005480,1,330490
33000118005642,1,330200
33000118005804,1,330220
33000118005995,1,330240
33000118007505,1,330600
33000118007777,1,330340
33000118007858,1,291800
33000118007939,1,291480
33000118008234,1,291840
33000118008587,1,291470
33000118008668,1,292870
33000118008749,1,291460
33000118008900,1,291072
33000118009125,1,330030
33000118009206,1,290390
33000118009397,1,291170
33000118009559,1,293135
33000118009800,1,293330
33000118009982,1,290320
33000118010050,1,290070
33000118010131,1,291080
33000118012002,1,291750
33000118012185,1,292400
33000118025406,1,330455
33000118026569,1,330510
33000118028189,1,330455
33000118028340,1,330455
33000118028774,1,330455
33000118029665,1,330455
33000118030400,1,330455
33000118031139,1,330455
33000118031210,1,330455
33000118031562,1,330455
33000118031724,1,330455
33000118031805,1,330455
33000118032020,1,330455
33000118032100,1,330455
33000118035711,1,330455
33000118036521,1,330580
33000118038575,1,330455
33000118045199,1,292740
33000118047809,1,330455
33000118047990,1,330455
33000118048023,1,330455
33009911000139,1,330455
33009911001704,1,320520
33009911002425,1,530010
33009911002506,1,520870
33009911005440,1,261160
33009911005955,1,270430
33009911006846,0,150680
33009911006927,1,150140
33009911007141,1,211120
33009911007222,1,130260
33009911007494,1,110020
33009911007818,1,420240
33009911009519,1,420820
33009911011416,1,420290
33009911014199,1,421820
33009911025395,1,330455
33009911035277,1,430310
33009945002339,0,330455
33010786000187,1,352930
33010786000772,1,352930
33010786000853,1,352930
33010786001582,1,353070
33010786002201,1,353290
33010786002392,1,350550
33010786002635,1,351210
33010786003011,1,353400
33010786003283,1,352930
33010786003445,1,352930
33010786003879,1,350750
33010786003950,1,350230
33010786004174,1,354850
33010786005812,1,352930
33010786006037,1,352930
33010786007190,1,354850
33014556000196,1,330455
33014556000358,1,330330
33014556000510,1,330455
33014556001087,1,330455
33014556001168,1,330455
33014556001249,0,313670
33014556001591,1,330630
33014556001672,1,330390
33014556001753,1,330455
33014556001834,1,330455
33014556002059,1,330455
33014556002210,1,354340
33014556003535,1,330350
33014556003616,1,330455
33014556003969,1,530010
33014556004183,0,261160
33014556004345,1,530010
33014556004930,1,330455
33014556005317,1,330455
33014556007018,1,330455
33014556007360,1,330455
33014556007875,1,330455
33014556007956,1,330455
33014556008090,1,354340
33014556008332,1,330320
33014556009657,0,261160
33014556013255,1,330330
33014556014650,1,330455
33014556015037,1,330330
33014556015118,1,330170
33014556015541,1,330455
33014556016190,0,260790
33014556016432,0,261160
33014556016602,1,330490
33014556016785,1,330455
33014556016866,1,330455
33014556017080,1,330350
33014556017161,1,353060
33014556017242,1,530010
33014556017323,1,530010
33014556017595,1,330455
33014556017919,0,260290
33014556018133,1,330350
33014556018214,1,330455
33014556018303,1,330455
33014556018800,1,330455
33014556019377,1,330455
33014556019709,1,530010
33014556019881,1,330510
33014556020111,1,330455
33014556020200,1,330455
33014556021940,1,330340
33014556022246,1,530010
33014556022599,1,530010
33014556023218,1,330420
33014556023560,1,330330
33014556024028,0,313670
33014556024451,1,330455
33014556024532,1,330455
33014556024613,0,351880
33014556025261,1,530010
33014556025342,1,530010
33014556025504,1,330455
33014556025695,1,330455
33014556025938,0,260410
33014556026403,1,530010
33014556026748,0,261160
33014556026900,1,530010
33014556027043,1,355250
33014556027205,0,351880
33014556027396,1,330455
33014556028015,1,330455
33014556028600,1,330330
33014556029178,1,330455
33014556029259,1,354340
33014556029500,1,330455
33014556029682,1,330580
33014556030001,0,261160
33014556030184,1,330600
33014556030699,1,230730
33014556030850,1,330455
33014556030931,1,330455
33014556031660,1,330455
33014556032470,1,330390
33014556032551,1,330455
33014556032632,1,330455
33014556032713,1,330455
33014556032802,1,330455
33014556032985,1,330455
33014556033019,1,330455
33014556033108,1,330455
33014556033280,1,330455
33014556033361,1,330455
33014556033442,1,330455
33014556033523,1,330455
33014556033604,1,330455
33014556033795,1,330455
33014556033876,1,330455
33014556034090,1,330455
33014556034171,1,330455
33014556034252,1,330455
33014556034333,1,330455
33014556034414,1,330455
33014556034767,1,330330
33014556034848,1,330330
33014556034929,1,330390
33014556035062,0,313670
33014556035305,1,330455
33014556035810,1,330330
33014556036034,1,330455
33014556037430,1,530010
33014556037510,1,530010
33014556037600,1,530010
33014556038320,1,530010
33014556038673,1,352310
33014556046501,1,330455
33014556046692,1,330390
33014556046773,0,261160
33014556046854,1,330490
33014556047150,1,230730
33014556047907,0,313670
33014556048040,1,353060
33014556048555,1,330350
33014556049012,0,351880
33014556049608,1,330455
33014556049870,1,330240
33014556050371,1,351570
33014556050452,0,260290
33014556050967,1,330020
33014556051858,1,330455
33014556051939,1,353980
33014556052749,1,530010
33014556053044,1,330630
33014556054440,0,351880
33014556054520,1,330240
33014556055179,1,530010
33014556055250,0,260410
33014556055764,1,330190
33014556056221,1,330455
33015827000128,1,350570
33015827001280,1,350570
33016338000786,0,411940
33016338001405,0,411940
33022203000138,1,330390
33033028000184,0,410690
33033028002047,0,410690
33033028008169,1,353870
33039223000200,1,330630
33040122000403,1,355030
33042730001771,0,330630
33042730006730,1,310420
33042730007206,0,330630
33042730013435,1,410180
33050196000188,0,350950
33050196000340,0,355150
33050196000501,0,353700
33050196001400,0,354340
33050196002040,0,355170
33050196002474,0,352510
33050196002806,0,350940
33050196003012,0,354760
33050196003284,0,354940
33050196003870,0,353190
33050196004337,0,354340
33050196004418,0,351620
33050196004507,0,351620
33050196005309,0,350100
33050196005570,0,350600
33050196006208,0,351910
33050196006542,0,352900
33050196007000,0,354110
33050196007603,0,351450
33050196007867,0,350750
33050196008677,0,354000
33050196009134,0,352680
33050196009649,0,351670
33050196009800,0,354160
33050196010221,0,352710
33050196011627,0,353130
33050196012607,0,355370
33050196012780,0,350670
33050196013590,0,350790
33050196013670,0,350520
33050196013751,0,351430
33050196015100,0,352930
33050196015452,0,350160
33050196015703,0,350190
33050196017234,0,352340
33050196017749,0,353870
33050196017820,0,353870
33050196020618,0,350650
33050196021428,0,353140
33050196021770,0,353390
33050196022823,0,350770
33050196023200,0,351740
33050196023552,0,351940
33050196024010,0,353300
33050196024281,0,353730
33050196024958,0,355630
33050196026900,0,350320
33050196031652,0,350280
33050196032381,0,350610
33050196035054,0,352260
33050196035640,0,352010
33050196035801,0,352410
33050196036298,0,354940
33050196037855,0,350320
33050196039394,0,352900
33050196040481,0,354980
33050196042000,0,350750
33050196043154,0,350950
33050196044630,0,353950
33050196048970,0,354340
33050196049519,0,350950
33050196051254,0,353770
33050196051416,0,351820
33050196052145,0,353670
33050196052730,0,351410
33050196053036,0,350070
33050196054512,0,352970
33050196056728,0,354890
33050196059905,0,355240
33050196060245,0,350550
33050196062965,0,350950
33050196063503,0,354890
33050196064151,0,353370
33050196064828,0,350880
33050196065395,0,353650
33050196065638,0,355210
33050196065808,0,355240
33050196069706,0,351860
33050196079183,0,350050
33059528000357,1,430270
33059528000438,1,430535
33059528001167,1,432200
33059908000120,1,410690
33059924000112,1,330490
33060716000133,1,352050
33062464000262,1,316370
33062464000505,1,330390
33062464001749,1,316370
33062464001820,1,314330
33062464002044,1,316860
33067208000187,1,330455
33067745003908,1,354990
33075722000164,1,330455
33075722000245,1,330455
33075722000326,1,330455
33075722000407,1,330455
33075722000598,1,330455
33075722000679,1,330455
33075722000750,1,330455
33075722000911,1,330455
33075722001489,1,330455
33075722001640,1,330455
33110420000180,1,350570
33110420000856,1,355030
33112152000135,1,330455
33112152000488,1,420730
33112152000720,1,354850
33112152001298,1,411820
33112152001450,0,261160
33112152001611,1,421620
33112152001700,1,330455
33112152002340,0,260720
33113077000127,0,330455
33113309004800,1,355220
33115817000164,1,330455
33115817000245,1,330455
33115817002108,1,330455
33121682000301,1,330170
33122326000140,1,330455
33127002000286,1,330455
33127002000600,1,320060
33127002000790,1,421620
33130543001669,0,330330
33131541000108,1,310400
33158874000473,1,355030
33163908007005,0,291360
33174335000185,1,130260
33174335000347,1,350840
33177148000155,1,330455
33177148001712,1,330455
33177148002018,1,330240
33194200000181,1,355700
33200056000220,1,351880
33200056001897,1,261160
33200056013470,1,520110
33200056020840,1,351880
33200056021065,1,354980
33200056033667,1,351880
33200056035015,1,261160
33200056035600,1,261160
33202946000190,0,330455
33228024000151,0,330455
33273681000110,1,330455
33300971000106,0,310900
33306929000798,1,355030
33317249000265,0,410690
33337007000314,1,313670
33337007002600,1,313670
33349358000183,1,355030
33372251000407,0,355030
33372251001985,0,355030
33372251012677,0,355030
33381286000151,1,330455
33381286000232,1,330455
33381286000313,1,330455
33381286000402,1,330455
33381286000585,1,330455
33381286000666,1,330455
33381286000747,1,330455
33381286000828,1,330455
33381286001123,1,330455
33381286001395,1,330455
33381286001557,1,330455
33381286001980,1,330455
33381286002103,1,330455
33381286002286,1,330455
33381286002367,1,330455
33381286002448,1,330455
33381286002790,1,330455
33381286002871,1,330455
33381286002952,1,330455
33381286003096,1,330455
33381286003177,1,330455
33381286003258,1,330455
33381286003410,1,330455
33381286902198,1,330455
33381286902279,1,330455
33381286902511,1,330455
33381286902600,1,330455
33381286902783,1,330455
33381286902864,1,330455
33381286903089,1,330455
33381286903160,1,330455
33388943000192,0,330455
33388943000605,0,330455
33388943001750,0,355030
33388943002136,0,330455
33388943013685,0,330455
33388943022919,0,330455
33388943025772,0,330455
33413527000105,1,330455
33426420005829,0,355030
33453598008701,0,261160
33453598009180,1,292740
33457862000105,1,530010
33457862000440,1,530010
33457862000520,1,530010
33457862000601,1,530010
33457862000792,1,530010
33457862000873,1,530010
33457862000954,1,530010
33457862001098,1,530010
33457862001330,1,530010
33457862001764,1,530010
33457862001926,1,530010
33457862002060,1,530010
33457862002221,1,530010
33457862002655,1,530010
33457862003031,1,530010
33457862003201,1,530010
33457862003384,1,530010
33457862003708,1,520870
33457862004194,1,520870
33489469000195,0,330455
33502360000140,0,317120
33526120000186,1,330455
33544370000220,1,330455
33544370000300,1,330455
33544370003164,1,330455
33546979000157,1,521150
33564543000190,1,530010
33576166000100,1,330455
33576166000290,1,355030
33576166000371,1,292740
33576166000452,1,261160
33576166000533,1,310620
33583592000170,1,310620
33583592000332,1,310400
33583592000502,1,320530
33583592000766,1,314710
33583592001142,1,330330
33583592001304,1,530010
33583592001576,1,520870
33583592001657,1,522060
33583592001908,1,330100
33583592002033,1,330330
33583592002203,1,320530
33583592002467,1,310620
33583592002629,1,330455
33583592002700,1,310620
33583592002890,1,320530
33583592003196,1,172100
33583592003358,1,330100
33583592003862,1,330455
33583592004249,1,320506
33583592004400,1,330420
33583592004672,1,310620
33583592004753,1,310560
33583592004834,1,530010
33583592005130,1,520870
33583592005725,1,330455
33583592005997,1,530010
33583592006020,1,310620
33583592006373,1,330330
33583592006969,1,320530
33592510000154,1,330455
33592510000588,1,310620
33592510002106,1,320530
33592510005547,1,330260
33592510007590,1,150543
33592510007671,1,150543
33592510007752,1,150553
33592510017987,1,313170
33592510021747,1,315780
33592510021909,1,320530
33592510022042,1,320530
33592510026200,1,320530
33592510037074,1,150553
33592510037236,1,150140
33592510037821,1,211130
33592510042400,1,211130
33592510042906,1,330455
33592510044364,1,280610
33592510044950,1,280060
33593575000114,1,330455
33593575000629,1,330455
33593575000700,1,330455
33593575005000,1,330455
33593575011230,1,330455
33593575011310,1,330455
33593575011400,1,330455
33593575011582,1,330455
33593575011663,1,330455
33593575011744,1,330455
33593575011825,1,330455
33593575012040,1,330455
33593575012120,1,330455
33593575012201,1,330455
33593575012392,1,330455
33593575012473,1,330455
33593575012554,1,330455
33593575012635,1,330455
33593575012716,1,330455
33593575012805,1,330455
33593575012988,1,330455
33593575013011,1,330455
33593575013100,1,330455
33593575013364,1,330455
33593575013526,1,330455
33593575013607,1,330455
33593575013798,1,330455
33593575013879,1,330455
33593575013950,1,330455
33593575014093,1,330455
33593575014174,1,330455
33593575014255,1,330455
33593575014336,1,330455
33593575014417,1,330455
33593575014506,1,330455
33593575014689,1,330455
33593575014760,1,330455
33593575014840,1,330455
33593575014921,1,330455
33593575015065,1,330455
33593575015146,1,330455
33593575015227,1,330455
33593575015308,1,330455
33593575015499,1,330455
33593575015570,1,330455
33593575015650,1,330455
33593575015812,1,330455
33593575015901,1,330455
33593575016037,1,330455
33593575016380,1,330455
33593575016460,1,330455
33593575016541,1,330455
33593575016622,1,330455
33593575016703,1,330455
33593575016894,1,330455
33593575016975,1,330455
33593575017009,1,330455
33593575017190,1,330455
33593575017351,1,330455
33593575017432,1,330455
33593575017513,1,330455
33593575017602,1,330455
33593575017785,1,330455
33593575017866,1,330455
33593575017947,1,330455
33593575018161,1,330455
33593575018242,1,330455
33593575018323,1,330455
33593575018404,1,330455
33593575018595,1,330455
33593575018676,1,330455
33593575018757,1,330455
33593575018838,1,330455
33593575018919,1,330455
33593575019052,1,330455
33593575019133,1,330455
33593575019214,1,330455
33593575019303,1,330455
33593575019486,1,330455
33593575019648,1,330455
33593575019729,1,330455
33593575019800,1,330455
33593575019990,1,330455
33593575020069,1,330455
33593575020140,1,330455
33593575020220,1,330455
33593575020492,1,330455
33593575020573,1,330455
33593575020654,1,330455
33593575020735,1,330455
33593575020816,1,330455
33593575020905,1,330455
33593575021030,1,330455
33593575021111,1,330455
33593575021200,1,330455
33593575021383,1,330455
33593575021464,1,330455
33593575021545,1,330455
33593575021626,1,330455
33593575021707,1,330455
33593575021898,1,330455
33593575021979,1,330455
33593575022002,1,330455
33593575022274,1,330455
33593575022355,1,330455
33593575022436,1,330455
33593575022517,1,330455
33593575022789,1,330455
33593575022860,1,330455
33593575022940,1,330455
33593575023084,1,330455
33593575023165,1,330455
33593575023246,1,330455
33593575023327,1,330455
33593575023408,1,330455
33593575023599,1,330455
33593575023670,1,330455
33593575023831,1,330455
33593575023912,1,330455
33593575024056,1,330455
33593575024137,1,330455
33593575024218,1,330455
33593575024307,1,330455
33593575024480,1,330455
33593575024560,1,330455
33593575024722,1,330455
33593575024803,1,330455
33593575024994,1,330455
33593575025028,1,330455
33593575025109,1,330455
33593575025290,1,330455
33593575025370,1,330455
33593575025451,1,330455
33593575025532,1,330455
33593575025613,1,330455
33593575025702,1,330455
33593575025885,1,330455
33593575025966,1,330455
33593575026008,1,330455
33593575026180,1,330455
33593575026261,1,330455
33593575026342,1,330455
33593575026423,1,330455
33593575026504,1,330455
33593575026695,1,330455
33593575026857,1,330455
33593575026938,1,330455
33593575027071,1,330455
33593575027152,1,330455
33593575027233,1,330455
33593575027314,1,330455
33593575027403,1,330455
33593575027586,1,330455
33593575027667,1,330455
33593575027748,1,330455
33593575027829,1,330455
33593575027900,1,330455
33593575028043,1,330455
33593575028124,1,330455
33593575028205,1,330455
33593575028396,1,330455
33593575028477,1,330455
33593575028558,1,330455
33593575028639,1,330455
33593575028710,1,330455
33593575028809,1,330455
33593575028981,1,330455
33593575029015,1,330455
33593575029104,1,330455
33593575029287,1,330455
33593575029449,1,330455
33593575029520,1,330455
33593575029600,1,330455
33593575029791,1,330455
33593575029872,1,330455
33593575029953,1,330455
33593575030021,1,330455
33593575030102,1,330455
33593575030293,1,330455
33593575030374,1,330455
33593575030455,1,330455
33593575030536,1,330455
33593575030617,1,330455
33593575030889,1,330455
33593575031346,1,330455
33593575031427,1,330455
33593575031508,1,330455
33593575031699,1,330455
33593575031850,1,330455
33593575031931,1,330455
33593575032075,1,330455
33593575032156,1,330455
33593575032237,1,330455
33593575032580,1,330455
33593575032660,1,330455
33593575032741,1,330455
33593575032822,1,330455
33593575032903,1,330455
33593575033047,1,330455
33593575033128,1,330455
33593575033209,1,330455
33593575033390,1,330455
33593575033470,1,330455
33593575033632,1,330455
33593575033713,1,330455
33593575033985,1,330455
33593575034019,1,330455
33593575034108,1,330455
33593575034280,1,330455
33593575034442,1,330455
33593575034523,1,330455
33593575034604,1,330455
33593575034795,1,330455
33593575034876,1,330455
33593575034957,1,330455
33593575035090,1,330455
33593575035171,1,330455
33593575035503,1,330455
33593575035686,1,330455
33593575035848,1,330455
33593575035929,1,330455
33593575036143,1,330455
33593575036305,1,330455
33593575036496,1,330455
33593575036739,1,330455
33593575036909,1,330455
33593575037034,1,330455
33593575037204,1,330455
33593575037387,1,330455
33593575037468,1,330455
33593575037549,1,330455
33593575037620,1,330455
33593575037972,1,330455
33593575038006,1,330455
33593575038197,1,330455
33593575038278,1,330455
33593575038359,1,330455
33593575038430,1,330455
33593575038510,1,330455
33593575038600,1,330455
33593575038782,1,330455
33593575038863,1,330455
33593575038944,1,330455
33593575039088,1,330455
33593575039169,1,330455
33609504000162,0,330455
33609504000243,0,330455
33609504000324,0,330455
33609504001991,0,330455
33609504002025,0,330455
33609504002106,0,330455
33609504002459,0,330455
33609504003854,0,330455
33621384066560,1,430790
33621384068180,0,431140
33621384186972,1,430790
33633561000187,1,310620
33640277000138,0,330455
33641358000152,1,530010
33641663000144,0,330455
33641663000578,0,330455
33641663001035,0,330455
33641663001116,0,330455
33641663001388,0,330455
33641663002198,0,330455
33641788000174,0,330455
33641788000336,0,330455
33641788000506,0,330455
33641788000760,0,330455
33641788000840,0,330455
33641788000921,0,330455
33641788001065,0,330455
33641788001146,0,330455
33641788001308,0,330455
33641788002037,0,330455
33641788002118,0,330455
33641788002207,0,330455
33641788002622,0,330455
33641788002894,0,330455
33641788004080,0,330455
33644378000187,0,330455
33644378000268,0,330455
33644378000349,0,330455
33644378000420,0,330455
33644378000500,0,330455
33645086000169,1,330455
33645086001130,1,330455
33645086001807,1,330455
33654419000116,1,530010
33659327000129,1,330455
33701004000156,0,330455
33748146000179,1,330455
33758053000125,0,530010
33778846000106,0,500270
33778846000459,0,500110
33778846000530,0,500330
33813452001032,1,354850
33868654000190,1,330455
33868654000271,1,330455
33868654000352,1,330455
33868654000433,1,330330
33874330000165,1,530010
33881301000120,0,330600
33896291000105,1,330455
33906033000154,1,291080
33915604004457,1,150140
33915604012476,1,520870
33915604016463,1,250750
33915604021467,1,500630
33915604025705,1,292740
33915604034950,1,530010
33915604038785,0,261160
33915604040330,1,150140
33915604040410,1,530010
33915604041069,1,500270
33915604041735,1,130260
33915604051536,1,292740
33915604052508,1,530010
33920299000313,1,317120
33938861000174,1,530010
33948381007440,1,261160
33979865000109,0,290690
33987793000133,1,355030
33989468000100,0,530010
33989468003044,0,530010
34019992001605,1,130353
34075739000184,1,330455
34075739001156,1,330455
34075739002551,1,330420
34075739002632,1,330455
34075739003108,1,330455
34075739003442,1,330455
34075739003523,1,330455
34075739004090,1,330455
34075739004929,1,330455
34075739005062,1,330455
34075739005577,1,330455
34075739005810,1,330455
34075739006549,1,330455
34075739006620,1,330455
34075739006891,1,330455
34075739006972,1,330455
34075739008240,0,330414
34075739008320,0,330350
34075739008401,0,330510
34075739008673,1,330455
34075739008916,1,330455
34075739009050,1,330455
34075739010066,0,330170
34108456000191,1,330455
34111187000112,1,355030
34114611000182,1,330455
34114611000344,1,330455
34174896000147,0,330455
34267237000155,1,530010
34267971000114,1,330455
34274233000102,0,330455
34274233000366,0,355030
34274233000447,0,431490
34274233000528,0,310620
34274233000790,0,261160
34274233000870,0,410690
34274233000951,0,530010
34274233001176,0,150140
34274233001257,0,530010
34274233002229,0,420820
34274233002571,0,310670
34274233004000,0,320530
34274233005325,0,320530
34274233005910,0,355030
34274233006488,0,350570
34274233006569,0,353650
34274233006640,0,420540
34274233006720,0,431560
34274233006801,0,430460
34274233008421,0,320500
34274233008502,0,330170
34274233009150,0,130260
34274233009231,0,130260
34274233009584,0,330170
34274233009908,0,240450
34274233010167,0,351350
34274233010590,0,330455
34274233010671,0,330455
34274233010833,0,350950
34274233011210,0,530010
34274233012372,0,330630
34274233012615,0,350950
34274233012704,0,354340
34274233012968,0,431490
34274233013425,0,261160
34274233014588,0,140020
34274233014669,0,120040
34274233016360,0,350600
34274233016440,0,354980
34274233016793,0,320530
34274233017412,0,354140
34274233019628,0,120020
34274233020715,0,160060
34274233023579,0,351880
34274233025512,0,150140
34274233025946,0,411520
34274233026080,0,353470
34274233026241,0,410180
34274233026322,0,130260
34274233026675,0,330170
34274233028376,0,431410
34274233028619,0,431020
34274233028880,0,330100
34274233029500,0,354340
34274233030788,0,351880
34274233031164,0,311787
34274233032802,0,260720
34274233032993,0,260720
34274233033370,0,411370
34274233034180,0,240810
34274233034856,0,240800
34274233036123,0,330170
34274233036204,0,310670
34274233036980,0,420230
34274233037286,0,420820
34274233038509,0,355030
34291484000197,1,330350
34456038000195,0,110002
34456038000608,0,110002
34468736000100,1,110009
34475988000167,1,110020
34516088000110,0,130260
34525444000324,1,350570
34558841000130,1,130260
34558841000300,1,130260
34590315000662,1,160060
34590315000824,0,140010
34612986000172,0,150178
34639328000174,1,150140
34726547000190,0,110002
34805903000161,1,140010
34847855000174,1,150140
34849836000187,1,150140
34891085000167,1,150140
34896233000136,1,150140
34906172000140,1,150808
34960021000170,1,230440
34960021000332,1,230440
35023647000547,1,230730
35029057000106,1,230765
35034537000157,1,231220
35034537000661,1,231220
35091784000195,1,230440
35326586000163,1,261160
35330125000164,0,261160
35353523000104,1,261160
35439728000107,1,250400
35439728000360,1,250400
35439728000441,1,251250
35464817000103,1,261160
35474949000108,1,260790
35504133000180,1,251080
35645647000155,0,240810
35726181000112,1,270430
35759786000100,0,330250
35779768000351,0,330240
35788272000182,0,330240
35797364000200,0,353980
35820448000217,0,330630
35820448014005,0,330630
35835008000152,1,330150
35835008000233,1,330050
35893999000120,1,330330
35918663001812,1,355030
35918663003866,1,355030
35918663003947,1,355030
35925866000198,1,330020
35945203000135,0,330150
35985696000307,1,330630
36103414000274,1,330330
36189116000168,1,330610
36297810000875,0,210325
36307957000122,1,320130
36364115000102,1,320530
36364115000293,1,320010
36364115000374,1,320390
36364875000110,1,320530
36400133000100,1,320130
36492502000124,0,330270
36510709000184,0,330420
36564771000159,1,330100
36564797000105,1,330100
36578458000170,0,330240
36750602000103,1,355030
36785418001502,0,500830
36966422000163,0,510795
36966422000244,0,510795
36966422000325,0,510795
37043320000139,1,520870
37115458000104,0,330455
37115474000199,1,310620
37115516000191,1,261160
37116274000150,0,530010
37129681000100,1,530010
37129681000364,1,530010
37226701000153,0,500270
37382173000121,1,520870
37482098000170,1,510840
37505757000147,1,530010
37505757000228,1,530010
37505757000309,1,530010
37505757000651,1,530010
37505757000902,1,530010
37505757001119,1,530010
37505757001542,1,530010
37526530000188,1,510840
37575289000187,1,500370
37630118000103,0,521880
37630118000375,0,521880
37630118000456,0,521880
37652138000185,1,520870
37658259000134,0,522140
38059846000170,1,530010
38059846000331,1,310620
38059846000412,1,410690
38059846000501,1,420540
38059846000684,1,520870
38059846001141,1,130260
38059846001303,1,431490
38059846001494,1,261160
38059846001656,1,330455
38059846001737,1,292740
38059846002113,1,320530
38059846003780,1,530010
38059846003861,1,150140
38059846003942,1,500270
38059846004833,1,230440
38070074000177,1,530010
38514105000131,0,313130
38542718000182,1,313670
38542718000263,1,313670
38542718000344,1,313670
38542718000506,1,313670
38542718000697,1,313670
38542718001235,1,313670
38542718001669,1,313670
38574406000150,1,313670
38576484000194,1,314590
38639811000100,1,316720
38639811000371,0,330630
38705943000192,0,313670
38720884000121,0,317020
38741906000130,1,310620
38745667000196,1,313170
38775458000195,1,353920
38843249000131,1,351880
38908778000176,1,351030
38911939000180,1,351150
38957916000107,0,351040
39110879001131,1,270430
39225644000113,0,330100
39228770000121,0,330100
39228937000154,0,330100
39229026000141,1,330100
39447149000159,1,330580
39447149000230,1,330580
39447149000400,1,330580
39543806000161,0,330330
39799762000135,0,320520
39825435000291,1,310620
40256943000102,0,410690
40263170000850,1,330250
40278681000179,0,330240
40294225000112,0,330100
40294225000201,0,330100
40294225000384,0,330100
40432544006420,1,250750
40432544007079,1,420240
40432544007745,1,250400
40432544008040,1,292740
40432544008121,1,292740
40432544008806,1,420910
40432544010452,1,411520
40432544013206,1,420540
40432544014288,1,221100
40432544014873,1,410690
40432544015098,1,410690
40432544019166,1,420540
40432544021810,1,292740
40432544022469,1,410690
40432544022892,0,291080
40432544022973,1,420540
40432544023350,1,221100
40432544024836,1,411370
40432544025212,1,410690
40432544025484,1,411370
40432544025646,1,420910
40432544025727,1,410690
40432544026537,1,250750
40432544029048,1,292740
40514168000130,0,292740
40769119000148,0,240800
40793960000170,1,241220
40831042000199,1,261160
40840415000198,1,261160
40853236000195,1,261160
40884405000154,0,261160
40924201000108,1,270430
40970592000199,1,250630
40981516000189,1,250750
41024712000209,1,270430
41024712000390,0,240800
41024712000632,1,280150
41052739000124,1,261390
41057324000143,1,261160
41080722000180,1,260720
41090234000154,1,261160
41140211000107,1,250750
41178237000306,1,270430
41178237000497,1,270430
41219148000107,0,250750
41235631000177,0,260790
41279415000123,0,221100
41426966000920,1,230730
41426966003007,1,230730
41437021000156,0,230440
41510645000151,1,220800
41550112001922,1,250180
41550112002228,1,251080
41550112002309,0,261160
41550112003895,1,530010
41550112003976,0,290320
41550112004190,1,250750
41550112004271,1,250400
41567231000169,1,230440
41582651000114,0,230440
41634155000167,0,230730
41642430000194,1,230440
41642430000275,1,230440
41657081000184,1,310620
41707258000100,1,316040
41707258000290,1,314890
41707258000371,1,316040
41716499000387,1,316870
41757527000142,0,310670
41757527000223,0,311860
41757527000304,0,311860
41757527000495,0,311860
41757527000576,1,412550
41757527001114,1,412550
41757527001386,0,311860
41780990000105,1,313240
41820507000179,1,313820
41826272000122,0,316870
41847658000110,1,313380
41854811000137,0,310620
41855271000106,0,317010
41880220000134,0,313670
41885138000100,1,317070
41911579000121,0,310670
41929639000133,1,310560
41939802000149,1,310590
41972589000177,1,292870
41972589000258,1,292870
42043067000153,0,293135
42123091004513,1,355220
42135913000246,0,310160
42150664000349,0,330455
42150664000853,0,520485
42184226001101,1,520320
42184226001535,1,521460
42184226001705,1,521460
42185421000184,0,330455
42275677000182,1,410690
42278473000103,1,530010
42286245000177,0,420540
42286641000102,1,330330
42361873000170,1,354760
42372474000104,0,330455
42416651000107,1,316935
42416651001421,1,314700
42440776000172,1,330330
42445403000194,1,520640
42463174000130,1,291750
42470112001209,1,350570
42486076000119,0,330455
42519082000125,0,330240
42519082000630,0,330455
42519363000188,1,330455
42565325000242,1,530010
42565697003294,0,150553
42566752000407,0,355240
42567644000106,1,330455
42581397000100,1,355030
42581413000157,0,330455
42581413001048,1,420820
42581413001714,0,354850
42581413001803,0,330455
42593269000926,1,160040
42593962000141,1,330045
42597575000183,1,530010
42599019000146,1,410690
42789628000168,1,310620
42796714000106,1,314800
42864785000190,1,314800
42900050000175,1,313050
42932129000188,1,310400
42942235000142,1,314800
43002005000166,1,350010
43004159000197,1,351440
43004159000510,1,353540
43004159000600,1,355510
43004159001240,1,350010
43014521000704,1,412630
43024991000155,1,351880
43030931000145,1,355250
43061654000138,1,354000
43061654000480,1,354000
43063858000108,1,351880
43076702000161,1,355030
43083187000147,1,351060
43150499001602,1,352310
43183623000150,1,351880
43202951000156,1,355030
43203520000619,1,355030
43211325000126,1,310620
43211325001106,0,351350
43211325001289,1,330630
43212943000190,1,355030
43214055000107,0,317020
43214055000379,1,351880
43214055001693,0,250750
43214055004528,0,317020
43217280002906,1,355030
43217280003112,1,355030
43217280003201,1,355030
43217280003384,1,355030
43217280003465,1,355030
43217280003546,1,355030
43217280003970,1,354990
43218296000124,1,351350
43239805000103,1,350160
43249515000132,1,350160
43252758000120,1,350160
43254267000118,1,350160
43257658000439,0,355240
43259969000194,0,350160
43270628000110,1,350160
43270628000381,1,350160
43272889000179,1,355250
43283142000116,1,355030
43285501000174,1,354520
43297852000103,1,355030
43298975000150,0,351880
43341007000180,0,354780
43349794000106,1,351880
43359926000180,1,350570
43375799000103,1,351570
43391036000156,0,352260
43397397000100,0,355450
43403856000110,1,330455
43403856000382,0,353060
43403856000625,1,330455
43405430000104,1,354850
43406206000129,1,355030
43406206000390,1,355030
43406206000471,1,355030
43408590000107,0,355220
43422278000160,1,354870
43433408000160,1,351880
43438191000180,1,355030
43438191000423,1,355030
43447044000177,1,130260
43447044000410,0,355030
43449099000116,0,355250
43456599000185,0,355030
43459304000205,1,352230
43461698000155,0,350190
43461789000433,1,293070
43461789000514,1,293070
43461789001081,1,293070
43464031000106,0,350190
43470566002486,1,431490
43533819000399,0,352885
43535210000197,1,350210
43535210000278,1,350210
43545284000104,1,351550
43553668000179,1,351880
43563840000175,1,351060
43579887000127,1,355030
43586056000344,1,355030
43586056000425,1,355030
43586056000859,1,355030
43587344000151,1,355030
43588060000180,0,351880
43619832001760,1,350010
43619832003119,1,350010
43619832006720,1,350010
43619832008269,1,350010
43628429000130,0,317020
43662063000116,0,355450
43680479000167,1,355030
43681147000105,0,351110
43681147000520,0,354560
43728245000142,1,355030
43728245002358,1,355030
43728245002510,1,355030
43728245003087,1,355030
43728245003168,1,355030
43759760000190,0,350280
43765577000105,1,350280
43776491000170,1,355030
43776491000331,1,355410
43776491000501,1,350950
43776491000684,1,355220
43776491000765,1,350600
43776491001141,1,352900
43776491001222,1,354140
43776491001303,1,350280
43776491001494,1,354980
43776491001575,1,351880
43776491001656,1,354780
43776491001818,1,354850
43776491002113,1,353870
43776491002547,1,351350
43776491002628,1,353060
43776491002709,1,351620
43776491002890,1,350320
43776491002970,1,355030
43776491003004,1,355030
43776491003276,1,353440
43776491003357,1,355030
43776491003438,0,350160
43776491003608,1,352590
43776491003780,1,353650
43776491004086,1,350550
43776491004248,1,352690
43776491004671,1,352230
43776491004752,1,354340
43776491004833,1,354870
43776491004914,1,354260
43776491005058,1,355030
43776491005139,1,355710
43776491005210,1,352430
43776491005724,1,354990
43776491005996,1,350400
43776491006020,1,350410
43776491006100,1,352390
43776491006372,1,354910
43776491006453,1,350750
43776491006534,1,353070
43776491006704,1,351440
43776491006887,1,355070
43776491007000,1,351020
43776491007182,1,350450
43776517000180,1,355030
43776517006030,1,355030
43776517015454,1,354850
43776517015888,1,354850
43776517031140,1,355030
43776517031492,1,355030
43776517031573,1,355030
43776517031816,1,355030
43776517031905,1,355030
43776517032383,1,355030
43776517032464,1,355030
43776517032545,1,355030
43776517032626,1,355030
43776517033860,1,355030
43776517033940,1,355030
43776517034327,1,355030
43776517034599,1,355030
43776517034912,1,355030
43776517035218,1,355030
43776517035480,1,355030
43776517035722,1,355030
43776517035994,1,355030
43776517036028,1,355030
43776517036109,1,355030
43776517036290,1,355030
43776517036613,1,355030
43776517037776,1,355030
43776517037857,1,355030
43776517038233,1,355030
43776517038314,1,355030
43776517038829,1,355030
43776517039396,1,355030
43776517039981,1,355030
43776517040645,1,355030
43776517042001,1,355030
43776517042184,1,355030
43776517045019,1,354850
43776517048620,1,355030
43776517057297,1,354850
43776517058854,1,355030
43776517060409,1,355030
43776517061995,1,355030
43776517062533,1,355030
43776517062614,1,355030
43776517063343,1,355030
43776517064404,1,355030
43776517065125,1,355030
43776517065206,1,355030
43776517065630,1,355030
43776517065710,1,355030
43776517066520,1,355030
43776517067330,1,355030
43776517067500,1,355030
43776517069201,1,355030
43776517070048,1,355030
43776517071010,1,355030
43776517078375,1,355030
43776517079932,1,355030
43776517080000,1,355030
43776517080191,1,355030
43776517080353,1,355030
43776517080434,1,355030
43776517082135,1,355030
43799295000110,1,355030
43814037000166,1,355030
43814037000247,1,355030
43816719000108,1,315180
43816719000531,1,355030
43834159000114,0,352290
43854116005089,1,351380
43854116005755,1,130260
43854116005836,0,350950
43854116006484,0,352590
43854116006727,1,310670
43854116008347,0,352730
43896505000199,0,355030
43901701000104,0,355030
43948405000169,1,350320
43948405002455,1,350320
43951227000125,0,350320
43960335000164,0,350320
43964931000112,0,350320
43989292000140,1,350380
43997253000194,1,355220
43999424000114,1,410690
43999424000629,1,410690
43999424000971,0,353670
44003911000148,1,350570
44023471000190,1,353080
44023471000271,1,351300
44023661010170,1,314590
44029726000122,1,351380
44035459000104,1,355030
44036234000164,0,355220
44068211000131,1,351300
44161255000101,1,352310
44167252000185,0,351880
44167450000149,1,354850
44186625000165,0,354780
44194660000126,1,355400
44197093000161,0,354780
44207249000148,1,350330
44207389000116,1,350330
44209005000102,1,350330
44209336003583,0,350330
44213668000192,0,352530
44214203000156,1,350330
44214203000237,1,350330
44215341000150,1,350330
44215952000106,1,351880
44216778000108,1,350330
44239135000260,1,355030
44273977000158,1,351880
44280113000163,1,351500
44304095000102,1,354260
44330975000153,1,350370
44330975002288,1,353500
44330975002520,1,354570
44338978000133,1,354680
44339281000187,0,352570
44346583000182,1,351740
44367522000525,1,350400
44370013000128,1,355030
44370013000470,1,355030
44384634000160,1,354870
44384832000124,1,354870
44386894000175,0,352940
44401800000190,1,354870
44402568000104,0,352940
44408615000127,0,355250
44410199000100,1,355250
44412435000461,1,355250
44416618000102,0,355030
44431633000120,0,354130
44434439000106,0,350650
44441079000161,1,351190
44456036000150,0,350600
44456036000230,0,350600
44456036000311,0,350600
44460244000122,0,350600
44477354000105,1,352900
44510485000139,1,350410
44519056000122,0,352290
44528115000129,0,352680
44595700000141,0,350950
44603447000120,0,350950
44611234000140,0,354850
44611234000655,0,351870
44632206000100,1,353650
44684082000106,0,353340
44691236000197,1,350520
44699346000952,1,355400
44732469000190,0,352050
44777464000184,0,355030
44792141000674,1,351880
44792141002022,1,351880
44803666000153,1,351570
44803781000128,1,355030
44807980000104,1,353870
44810034000206,0,352430
44812659000118,1,353870
44826246000192,1,354400
44834968000199,1,354910
44860740000173,1,354140
44870939000182,0,353950
44878726000105,1,351440
44903516000111,1,355250
44914992000138,0,354340
44914992001967,0,354340
44920411000170,1,352740
44929982000176,1,350580
44930931000164,0,350580
44933372000146,0,354130
44933877000100,0,354130
44965697000100,0,354210
44983435000179,1,354850
44983435000250,1,355030
44984490000426,1,351820
44990901000143,1,350600
44990901003754,1,350600
44996072000106,1,350600
45007630000479,0,350600
45010071000103,1,350600
45010717000152,1,355030
45024551000123,0,350600
45024551000204,0,351960
45050663000159,0,354850
45050663000906,0,354850
45050663001201,0,354850
45050663001473,0,354850
45059060000118,0,354850
45059060000975,0,354850
45059060001270,0,351870
45059060001602,0,351870
45070190000828,0,420210
45100138000109,1,354980
45100138000281,1,354980
45100138000362,1,354980
45111077000177,1,354980
45242914000440,1,354780
45242914003970,1,261160
45242914004607,1,261160
45242914005085,1,354870
45242914007703,1,354780
45242914007886,1,261160
45242914008343,1,354780
45242914008777,1,351880
45242914011999,1,352940
45242914012618,1,261160
45242914013185,1,351880
45242914019620,1,261160
45242914022508,1,351380
45242914022680,1,351880
45247558000457,0,353870
45256997000183,1,354340
45259983000385,1,354390
45271137000119,1,350320
45284999000186,1,355250
45301322000109,1,353070
45311107000199,1,351620
45338654000168,0,352430
45341260000169,0,352930
45341260000401,0,352930
45359213000142,1,354890
45359213000223,1,354890
45359213000304,1,354890
45359213000495,1,354890
45359213000576,1,354890
45359213000819,1,354890
45359213000908,1,354890
45362324000108,1,354890
45362324000299,1,354890
45362332000154,1,354890
45365558000109,0,354940
45365558000290,0,355150
45373065000110,1,355170
45373107000113,1,355170
45383106000150,1,350650
45383106000230,1,350650
45383981000131,1,350650
45384096000177,1,350650
45384096000258,1,350650
45396926000186,0,352590
45426798000176,0,355030
45453214001395,1,355030
45453214001808,1,320500
45453214002600,0,330510
45453214002790,0,261160
45453214003096,1,230440
45468980000351,0,500710
45483146000173,0,350700
45483450000110,1,351190
45483450002164,1,354180
45508116000174,1,352640
45522885000127,1,350760
45541588000129,1,355030
45542453000188,1,352050
45557022000195,0,354850
45557022001248,0,354850
45569555000197,1,355220
45576808000150,0,352310
45603529000138,1,355030
45603529000219,1,355030
45605755000158,1,350760
45631926000113,0,352680
45654084000115,0,354780
45666419000115,1,353870
45710423000133,0,350950
45710423004473,1,350580
45765914000181,0,352760
45781648000180,1,350160
45783289000109,1,354330
45827425000107,1,351880
45827425000298,1,351880
45827425000379,1,351880
45827425000450,1,351880
45827425000611,1,351880
45827425000883,1,351880
45827425000964,1,351880
45827425001006,1,351880
45827425001260,1,351880
45827425001340,1,351880
45827425001421,1,351880
45827425001502,1,351880
45827425001693,1,351880
45827425001774,1,351880
45827425002070,1,355030
45841137000107,1,351110
45865433000148,1,354890
45876208000107,1,355030
45902707000121,1,350440
45913696000185,1,355220
45917739000109,1,355250
45987062000177,1,354910
45988045001800,1,351880
45990181000189,1,350950
45990181001231,1,410690
45992724001683,0,353180
45997418000153,0,330455
45998986000179,0,353060
45999141000106,0,350950
46009718000140,0,350950
46009718000220,0,350950
46009718000301,0,350950
46009718000492,0,350950
46012944000180,0,350950
46014122001100,0,352390
46014122001452,1,350950
46014122002939,1,350950
46014122003072,1,350950
46020301000188,0,350950
46020301000269,0,350950
46024030000139,0,350950
46024030000210,0,350950
46025722000100,1,355240
46030318000116,0,350950
46044368000152,0,350950
46049987000130,1,355030
46051439000144,1,354850
46061479000177,0,350950
46061479000258,0,350950
46065546000121,1,350950
46072666000156,0,350950
46072666000580,0,350950
46083945000115,1,353400
46119855000137,0,350950
46119855000218,0,350950
46127635000155,1,352260
46149456000380,1,350210
46151478000113,0,350650
46190104000107,0,354800
46194213000100,1,352530
46195178000136,1,352530
46232021000133,1,354640
46237566000132,1,355240
46242558000184,1,353870
46242939000163,0,353870
46250411001370,1,172100
46291274000188,1,355030
46307989000181,1,351880
46312005000150,1,350330
46333316000104,1,355030
46363891000141,1,355670
46365045000160,0,351040
46377727000789,0,352310
46377727001327,0,351570
46379152000148,0,352260
46379152000490,1,350950
46379152001624,1,353070
46379558000120,1,355030
46395687003551,1,260720
46422242000174,1,354580
46446795000167,1,355670
46447595000129,1,351440
46469748001372,1,355250
46469748001887,1,351880
46469748003669,1,351880
46481529000175,1,351870
46543948000194,1,410690
46553863000197,1,355220
46553988000117,1,350570
46567202000200,0,521550
46567202000625,0,520510
46701355000109,0,352460
46722831000178,1,351620
46725719000190,1,351620
46734034000100,0,351620
46771804000195,0,354850
46839734000160,1,350840
46842894000168,1,351000
46842894000591,1,351000
46842894000834,1,351000
46859385000148,1,350840
46886040002208,1,150050
46896551000186,0,350950
46907812000116,0,354980
46917472000104,1,354980
46925111000100,0,351040
46927125000162,0,351040
46927125002025,0,351040
46927125003269,0,351040
46932208000140,1,354980
46958708000150,0,352050
47000518000199,0,353050
47026067000169,1,352130
47026067000240,1,352130
47034509000119,0,354890
47036199000171,1,354890
47038088000102,1,355170
47038088000447,1,355170
47062997000178,1,351110
47067525000612,1,354850
47067525007544,1,317070
47067525008192,1,353550
47067525009750,1,411990
47067525010766,1,510704
47067525011142,1,354850
47067525012386,1,354850
47067525013277,1,510267
47067525013358,1,510030
47067525014834,1,510040
47067525016292,1,510030
47067525016705,1,317070
47067525017264,1,510760
47078704000140,1,351110
47080619000621,1,353390
47080619000974,1,355190
47080619001199,1,353390
47080619003051,1,355340
47082011000121,1,354980
47134416000166,0,355030
47156898000155,1,354870
47160221000190,1,354870
47167465000103,0,354780
47181664000168,0,353440
47217146000157,1,530010
47254396000167,0,351150
47254461000154,1,351150
47254461000740,1,351150
47254545000198,1,351150
47254545000350,1,351150
47254586000184,0,351150
47273388000168,1,351880
47310628000157,1,351230
47316807000100,1,350520
47366273000118,1,351380
47368675000151,1,351280
47419874000141,1,510340
47427653000204,0,354870
47427653000549,1,250750
47427653001782,0,221100
47427653004021,0,530010
47427653004102,1,261160
47427653005265,0,420540
47427653005699,0,313670
47427653006237,0,354780
47438965000124,1,352530
47497367000126,1,351350
47508411013134,0,530010
47508411013304,0,530010
47508411013720,0,530010
47508411022710,0,530010
47508411024764,0,530010
47508411032007,0,250750
47508411036428,0,530010
47508411037742,0,530010
47508411053780,0,530010
47508411061880,0,530010
47508411079666,0,530010
47508411083000,0,530010
47508411093308,0,530010
47508411093499,0,530010
47508411094894,0,530010
47508411094975,0,530010
47508411095009,0,530010
47508411103559,0,530010
47508411107627,0,530010
47508411113864,0,530010
47508411114402,0,250750
47508411114593,0,250750
47508411115999,0,530010
47508411116456,0,530010
47508411122340,0,530010
47508411122855,0,250750
47508411124203,0,530010
47508411124394,0,530010
47508411138344,0,250750
47508411139154,0,530010
47524632000118,1,353350
47524632000894,1,352950
47573316000136,0,351410
47585807000105,0,352530
47588645000150,1,352530
47605092000105,1,352290
47605639000164,1,352900
47617584000102,1,351440
47617584000374,1,351440
47618087000129,1,351440
47618087000390,1,351440
47641907000101,1,350600
47683388000136,1,355030
47697636000106,1,355030
47718697000102,0,353870
47727813000141,1,355030
47735733000138,1,355720
47741152000290,1,351350
47741285000185,1,355030
47804968000134,1,350840
47807797000105,0,354110
47820279000113,1,354530
47820592000151,1,352390
47836838000183,1,354980
47836879000170,1,351550
47844287000108,1,351550
47856562000103,1,355250
47865597000109,0,355030
47898135000180,0,354870
47902648000117,0,355030
47910708000143,1,355030
47929187000176,1,351600
47932751000100,0,353870
47947429000154,0,350950
47953526000664,1,230110
47953633000188,1,351620
47953633000420,1,351620
47953815000159,1,351620
47959697001320,0,250750
47959697001400,0,250750
47960950020076,0,355500
47960950020408,0,353460
47960950022010,1,316250
47960950027089,0,430700
47960950027160,0,432010
47960950027240,0,430470
47960950027321,0,430850
47960950027593,0,431410
47960950027674,0,430210
47960950027836,0,431020
47960950028050,0,432280
47960950028131,0,431750
47960950028212,0,432250
47960950028301,0,431720
47960950028565,0,430610
47960950028646,0,431340
47960950028727,0,431440
47960950028808,0,430310
47960950028999,0,430510
47960950029022,0,431490
47960950029103,0,431490
47960950029294,0,430510
47960950029375,0,432300
47960950029456,0,430060
47960950029537,0,430460
47960950029618,0,431490
47960950029707,0,431870
47960950029960,0,431680
47960950030039,0,430930
47960950030110,0,431490
47960950030209,0,431490
47960950030462,0,431900
47960950030543,0,430820
47960950030624,0,430790
47960950030977,0,430510
47960950031000,0,430510
47960950031191,0,430510
47960950031272,0,430210
47960950031353,0,430440
47960950031434,0,431350
47960950031604,0,431870
47960950031787,0,431340
47960950031868,0,431560
47960950032406,0,431490
47960950032678,0,431490
47960950032759,0,432300
47960950032830,0,431410
47960950032910,0,430920
47960950033054,0,431990
47960950033216,0,430770
47960950033305,0,432160
47960950033488,0,430463
47960950033801,0,431690
47960950033992,0,432000
47960950034026,0,431405
47960950034107,0,431690
47960950041901,0,430510
47960950048914,0,430350
47960950052008,1,351880
47960950053837,0,431490
47960950054302,1,351880
47960950054485,1,351880
47960950055295,1,351880
47960950055538,0,430920
47961628000206,0,351620
47962550000155,1,355030
47964424000130,1,351620
47988423000125,0,351620
47988423000397,0,351620
48051361000193,0,355030
48060727000271,1,310620
48093892001382,1,350660
48103063000108,1,351300
48138812000124,0,352310
48140925000164,1,352940
48169536000161,1,353080
48170757000150,1,353870
48193726000114,0,351040
48200141000184,1,355730
48200141000265,1,353070
48200851000104,0,355670
48209233000125,1,351670
48240709000190,1,355030
48241905000180,1,355030
48268130000136,0,354210
48295562000136,0,354140
48295562001108,0,354140
48296321000101,1,353440
48330252000105,1,352640
48334726000197,1,350840
48345706000200,0,412550
48347736000167,1,354640
48432371000179,1,350280
48459838000174,0,354340
48524730000118,1,354890
48539407007392,0,354870
48539407007554,1,260790
48540447000503,0,351840
48556450000191,0,351840
48557508000545,1,354980
48626741000109,0,352670
48662175000190,1,351860
48662175000867,1,352430
48662175000948,1,355370
48662175001081,1,352430
48662175001405,1,351460
48662175001839,1,354090
48662175002134,1,351860
48662175002215,1,351860
48674378000105,0,354260
48674378000288,0,354260
48697973000158,0,354060
48699706000110,1,355030
48708267046156,1,355690
48725956000187,1,352640
48744858000197,1,355030
48754139001048,0,330420
48754139001200,1,430920
48785828001958,0,351350
48790539000118,0,355030
48801096000113,1,352740
48812648000199,1,354140
48827950000110,1,352340
48925192000173,1,355030
48985899000175,0,352390
48995765000135,1,351230
49024151000179,0,354980
49031933000135,1,351880
49032337000170,1,351880
49032964006737,1,260790
49035678000107,1,351880
49066103000143,1,354980
49066103000577,1,355030
49141690000198,1,351410
49189822000151,1,355100
49192362000110,1,354850
49213747000117,1,353190
49213747011585,1,353190
49213747011828,1,355170
49219660000157,1,351620
49254634000160,0,354520
49270655000411,1,351880
49270655000764,1,351880
49270655000926,1,351880
49270671000161,0,351960
49284714000168,0,355030
49293194000150,1,355030
49319528000389,1,350190
49324056000190,0,355030
49324056000271,0,355030
49324221000880,0,230100
49339948000165,1,355030
49361181000170,1,355030
49381734000157,1,353970
49389513000125,0,351040
49393549000182,1,351518
49395742000152,1,353870
49416407000193,1,354910
49418890000145,1,353200
49418890000226,1,355700
49418890000498,1,355700
49533078000160,0,352940
49544703000170,1,354530
49546740000117,0,352230
49546740000460,0,352230
49554769000140,0,355220
49557960000146,1,355030
49561293000175,0,352390
49561343000114,1,350840
49563117000172,0,352390
49565740000164,0,355010
49578008000129,0,350640
49586449000172,1,350210
49601107000184,1,352220
49605157000130,1,353870
49605157000210,1,352180
49606312000132,1,352180
49615255000158,1,354070
49648587000210,1,411180
49654502000125,0,351110
49656192000188,1,355280
49656192000269,1,355280
49656192000420,1,355280
49681778000526,1,355610
49681778000607,1,351980
49682396000193,1,352570
49682396000274,1,352570
49696206000197,1,352230
49697808000169,0,352230
49705130000119,1,355070
49808421000132,1,350950
49814056000179,0,351880
49814056000330,0,351880
49844996000100,0,352600
49861982000286,1,352530
49883721000186,1,352980
49894132000101,0,353550
49895931000194,0,352530
49906605000135,1,355250
49911589000179,1,350370
49911589000411,1,352260
49957137000128,1,354100
49967961000169,1,354980
49967961000240,1,354980
49976251000103,1,352270
49979230000133,1,352270
49991599000161,1,354560
49991599107390,1,353500
49991599107632,1,354570
50031780000105,1,350370
50031780013274,1,352260
50046887000127,1,350950
50048198000151,1,350950
50088582000188,1,420910
50088582000692,1,420910
50096593000100,1,353080
50105865000190,1,352330
50109271000158,0,353870
50109271001391,0,353870
50109271001472,0,353870
50109271001634,1,355170
50115500000147,1,352340
50119585000131,1,352340
50152222000106,0,354880
50155134000150,1,352390
50182674000122,1,354780
50188150000149,0,352940
50201599000108,1,354730
50220417000219,0,352390
50220482000163,1,352390
50221019000136,1,352390
50221019000802,1,520870
50221019001027,1,520870
50221019001370,1,520030
50221019003828,0,431010
50221019004719,1,352390
50221795000136,1,352390
50221795000306,1,352390
50222694000260,0,352390
50223718000115,0,352390
50231778000180,1,352390
50290329004876,1,350610
50318658000114,0,351440
50346824000196,1,352640
50347533000112,0,355450
50374818000142,0,355220
50376938000189,0,352430
50376938000936,0,353740
50411321000157,0,353630
50415611000179,1,352930
50415611000845,1,352930
50415611001060,1,352930
50418557000115,1,350550
50426386000176,1,354340
50433143000165,1,352930
50479476000397,1,353060
50480953000172,1,352690
50480953000253,1,352690
50480953000334,1,352690
50480953000415,1,352690
50493170000123,0,354340
50551522000150,0,352530
50564053000103,1,354870
50564053000294,1,354870
50564053000880,1,354870
50564053002238,1,354870
50565936000138,1,352480
50567288000159,1,330455
50567288000663,1,330225
50567288000744,1,330455
50572395000175,1,354660
50582170000108,0,353070
50582170000442,0,353070
50632496000194,0,355170
50668441000134,1,530010
50668722001916,1,420540
50719061000181,0,351620
50739135000141,0,352590
50739135000575,0,352590
50739135001032,0,350960
50739135001202,0,355650
50739135001385,0,352400
50739135001466,0,350840
50739135001547,0,352590
50739135001709,0,352590
50739135001890,0,352590
50746668000150,1,352530
50747286000141,1,352530
50747757000111,1,352530
50748748000145,1,352530
50749399000186,1,352530
50751908000105,0,352530
50751908000377,0,352530
50751908000458,0,352530
50753755000135,1,352530
50755909000128,1,352530
50757335000127,1,352530
50760990000134,1,352530
50766104000180,1,353490
50778851000138,0,350600
50778851000219,0,350600
50795566000125,0,355220
50795566000206,0,355220
50795566000630,0,355220
50819523000132,1,355220
50925551000134,1,352590
50929447000118,1,352590
50930072000106,1,352590
50932102000113,1,354880
50932409000114,1,354880
50932540000181,1,354880
50935576000542,1,317070
50936392000173,1,354780
50937564000123,1,352590
50940386000190,1,354870
50942135000144,1,350960
50948587000133,1,352590
50956614000110,0,352590
50958412001189,1,351110
50958990000143,0,355030
50962729000117,1,353070
51022317000160,1,353350
51035368000126,1,354580
51078772000187,0,354330
51086080000180,1,354805
51090934000100,0,350650
51093193000103,1,350280
51093193000456,1,350280
51096477000153,1,355230
51103562000100,1,351100
51137859000188,1,354870
51137859000692,1,354870
51200038000300,1,351880
51271211000108,1,352590
51274850000119,1,352600
51279149000192,1,352590
51314847000181,1,352470
51332203000116,1,352640
51332575000142,1,352640
51334506000178,0,352640
51366185000193,1,355250
51374569000158,1,352660
51381903000109,0,352670
51385391000140,1,352440
51414233000171,1,352670
51422988002161,0,352800
51422988002242,0,352800
51425130000298,1,352680
51462471000152,1,351380
51469187000108,1,352690
51473692000126,0,352690
51482776000126,1,352260
51483469000160,0,350920
51507788000168,1,352900
51509537000112,1,352900
51609568000145,1,350570
51619104000110,1,354990
51641405000140,1,354850
51663763001206,0,354980
51665073000133,1,354340
51722957000263,1,355030
51722957000506,1,355030
51722957003955,1,355030
51722957004501,1,355030
51722957005303,1,355030
51722957010226,1,355030
51722957011540,1,355030
51723435000103,1,353440
51759512000177,0,353440
51759546000161,1,355030
51760080000203,1,350840
51775690000191,1,410690
51780468000268,1,354990
51807535000100,1,350740
51832046000108,0,352080
51832640000107,1,352740
51835007000164,1,355240
51843514000140,1,353570
51843514009600,1,355535
51865855000116,1,352590
51865855001007,1,352590
51866804000109,1,350950
51879831000116,0,350950
51887917000190,0,352590
51894202000750,0,314810
51927044000100,1,350950
51979359000193,1,354850
51990778000126,1,351740
51998045000138,1,355030
52007010000152,1,351380
52034139000150,1,352900
52045697000110,1,352900
52049244000162,1,352900
52059573000194,1,352900
52123064000183,1,352550
52123916000132,1,352900
52123916000213,1,352900
52123916001023,1,412240
52123916002852,1,352900
52189420000161,1,353550
52223427000152,1,355030
52310885000129,0,351150
52311289000163,1,352930
52375334000143,0,351880
52393204000133,1,353290
52462215000128,1,354870
52489507000154,0,355450
52502507000813,1,351140
52502945000105,1,353050
52502945000709,1,353050
52503802000380,0,314320
52503802000894,0,353050
52516762000149,1,355030
52547072000157,1,353060
52548435002112,0,292200
52548435002708,1,353060
52548435003356,1,310630
52548435004751,0,291072
52548435005561,1,354870
52548435006371,0,430930
52548435012266,1,354870
52548435012509,0,500830
52555711000126,1,353060
52559499000175,1,355280
52562758000117,1,353060
52570058000174,0,353060
52601333000170,1,352590
52612033000196,1,353050
52616232000172,1,351880
52629607000139,1,430920
52717659000167,0,350650
52717659000329,0,350650
52717659000400,0,350650
52717659000590,1,353730
52717659000671,1,351650
52717659000752,0,350650
52717659001210,1,500830
52736949000158,1,353070
52736949000239,1,353070
52736949001987,1,352760
52736949002525,1,353070
52736949004579,1,355090
52736949004650,1,352760
52736949006350,1,351080
52736949006601,1,350100
52738630000161,1,353070
52739950000136,1,353070
52742277000193,0,355730
52744844000140,1,353070
52747607000303,1,355700
52756400000125,1,354870
52761434000450,1,352600
52770005000105,1,353080
52770948000120,1,353080
52770948000200,1,353080
52771516002772,1,310160
52771516006255,1,353070
52771516007308,0,355030
52771516009009,1,352530
52771607000179,1,353080
52775392000164,1,353080
52780673000296,1,353080
52780673000377,1,353080
52781317000106,1,353080
52832961000166,1,353540
52848868000140,1,353130
52853181000100,1,355170
52876612000146,1,354980
52890019000154,1,350370
52910023000137,0,354870
52910023000307,0,354870
52922085000169,0,352940
52956901000155,0,350410
52956901000236,0,350410
52956901000406,0,350410
52956901000660,0,350410
52956901000902,0,350410
52956901001046,0,350410
53002804000196,0,352530
53004313000184,1,354850
53009825000133,1,354940
53020152000112,1,355030
53020152000899,1,355030
53030870000170,0,351040
53112595000133,0,354060
53124228000150,0,352390
53128781000160,1,353030
53135232002086,0,420970
53153649000109,1,355030
53162095000106,1,355030
53168688000180,0,352590
53172300000114,0,353350
53183349000172,1,354330
53191151000130,0,352940
53205084000166,1,351840
53209771000150,0,354980
53210001000127,1,354980
53214755000155,1,354980
53221255000140,1,352450
53221255000221,1,352450
53221255001465,1,352450
53221255002194,1,354980
53221255002356,1,354980
53221255003166,1,354980
53221255003247,1,354140
53221255003328,1,354140
53226064000171,1,355030
53226064000333,1,355030
53226585000129,0,353390
53235180000157,1,354390
53258117001108,1,351880
53296273000191,1,317010
53309845000120,1,353430
53334157000110,1,352450
53354767000185,1,351380
53359089000143,1,355030
53400818000834,1,317010
53408860000125,1,353470
53416038000378,1,350400
53437406000100,0,351880
53471835000196,1,352450
53481107000165,0,354780
53524534000183,1,353490
53558342003375,1,351880
53579868000154,1,351570
53622478000110,1,354640
53653242000140,1,353870
53678264000165,0,354910
53678264000246,0,354910
53678264000408,0,354910
53678264000599,0,354910
53696076000160,1,351380
53706362000169,1,353600
53707188000179,1,354870
53712212000168,1,354780
53712915000196,1,354870
53717971000113,1,354870
53722252000190,1,354780
53730495000170,1,354850
53761995000170,0,351040
53781423000152,1,355030
53781423000314,1,355030
53785903000191,0,351040
53808697000198,1,351380
53811006000105,0,353950
53811006000296,1,351100
53852570000176,1,351960
53856829000157,1,354870
53883138000142,0,350650
53906384000172,0,352180
53943098000187,1,352680
53959433000135,0,351040
53962296000198,0,352460
53975025000177,0,351880
54012406000113,0,350330
54012406000202,0,352670
54012406000385,0,350330
54012406001004,0,352670
54038583000179,1,350520
54045810000193,0,353870
54049754000165,0,352390
54087440000157,0,352590
54105671000146,1,352690
54113683000112,1,351410
54114327000113,1,352390
54134135000179,0,352590
54190673000180,1,352670
54224423000114,1,351518
54228648000149,1,351518
54261649000195,1,355030
54283775000493,1,355030
54283775000574,1,355030
54305743001170,0,520510
54337613000148,1,352390
54360060000144,1,351870
54360623002229,1,354850
54360623003110,1,354100
54360623003209,1,355100
54360656000144,1,354400
54363072000122,0,353870
54363072000556,0,353870
54363072000637,0,353870
54363072000807,0,353870
54367503000129,0,353870
54369566000114,1,353870
54373774000197,0,354515
54405618000160,0,353870
54409008000135,1,353870
54416458000155,1,353870
54424239000118,1,352640
54438908000100,1,352320
54470679000101,0,350590
54470679001183,1,352710
54472873000126,1,354330
54484712000152,1,354780
54498860000126,0,352310
54514294000107,1,351960
54514294000603,1,351960
54514294000875,1,351960
54516661000284,1,354990
54516885000377,1,352940
54517628000198,1,355030
54522339000187,1,354580
54526082000131,0,355030
54526082000484,0,352590
54540778000112,1,353670
54562749000232,0,352390
54625819000173,1,355620
54625819002893,1,355620
54625819003008,1,353080
54625819003601,1,351880
54649470000100,0,352140
54677992000115,1,350950
54722822000105,1,355500
54732722000160,1,350570
54760111000125,1,355030
54765185000154,1,351230
54779129000179,1,353070
54813670000156,1,355250
54825237000130,0,351518
54834007000138,1,354850
54836390000163,1,352590
54839998000575,1,317020
54842406000140,1,350600
54842406001465,1,350600
54843040000124,1,353930
54844360000107,0,353930
54846951000105,0,353930
54849872000158,0,350790
54854146000123,1,354520
54866652000132,0,354130
54867247000139,1,353610
54876131000166,0,353540
54890462000150,1,351410
54929021000115,1,353950
54955224000429,0,352680
54963863000193,1,355030
54966338000121,1,352530
54972419000134,1,353390
55006910000173,1,353110
55014617000158,1,351570
55020952000169,1,351570
55040331000147,1,354880
55060289000126,1,354870
55064562000190,1,354000
55064562000433,1,354200
55064562000786,1,354000
55064562000948,1,354000
55064562001081,1,354000
55064562001243,1,354000
55064562001324,1,354000
55064562001677,1,354000
55065601000174,1,354000
55085054000199,1,355030
55090971000161,1,350880
55109565000101,0,354020
55140818000100,0,351040
55146633000102,1,352930
55147797000146,0,352390
55156574000145,1,350330
55163554000100,0,353870
55176960000107,0,351350
55187694000100,1,354070
55187769000152,1,354070
55191845000101,1,354070
55204002000356,1,355670
55204002000518,1,352590
55249627000172,1,351110
55257059000151,1,355030
55261291000325,1,354520
55303002000141,1,351880
55334262004686,1,510760
55334262008401,1,510340
55340921001590,1,510340
55340921001752,1,510760
55340921002562,1,500620
55375471000176,0,355450
55387765000118,1,352530
55408082000108,1,355670
55409759000114,1,350950
55414536000145,1,355030
55415608000179,0,350160
55433114000117,0,350840
55450456000498,1,355220
55450456000579,1,355220
55483564000114,1,260720
55484976000179,1,355030
55499586000172,0,354515
55531925000150,1,355620
55568612000177,1,353080
55610851000148,1,352940
55637920000107,1,352940
55643555000143,1,354980
55643555000305,1,354980
55662563000137,1,351960
55662753000154,0,353870
55667711000106,1,350600
55754444000104,1,350280
55763775000100,0,354990
55775878000190,1,350840
55786131000138,1,354780
55790208000143,1,354330
55814784000183,1,355030
55817217000180,1,352530
55820583000199,0,355170
55820583000350,1,260290
55837041000129,0,354780
55837041000200,0,354780
55837041000390,0,354780
55901086000115,1,351460
55902597000151,0,355040
55923239000125,1,351150
55923486000121,0,351150
55955405000175,0,353250
55967723000156,1,354340
55973366000139,1,354340
55981351000112,1,354990
55981351001518,0,313665
55981351001941,1,430920
55981351002328,1,412550
55981351002409,1,354990
55981351002913,1,354990
56011026000190,0,354340
56012131000143,0,354340
56012628000757,0,354340
56012628001214,0,354340
56012628001729,0,354340
56033079000101,1,353540
56041254000102,0,352390
56050362000141,0,351230
56073307000177,1,352900
56111347000328,1,353080
56127566000133,0,352390
56157928000139,0,351040
56191232000129,1,353540
56191596000109,0,351150
56227416000100,1,355720
56239221000171,1,355250
56305295000169,0,353870
56310360000144,1,354330
56324049000154,0,355030
56350564000109,1,354380
56353923000181,0,354980
56355936000190,1,354980
56359953000103,1,354980
56369960000188,1,354390
56370364000118,1,354390
56370364000380,1,354390
56385396000197,0,355450
56395924000199,0,351040
56433543000157,1,355170
56450877000309,1,350600
56473317000108,0,354870
56505837000147,0,351040
56529589000174,0,353250
56551138000133,1,353080
56554769000106,1,354780
56555535000183,0,354240
56563729000120,0,354400
56596976000123,1,354990
56650658000101,1,354520
56669021000159,1,355030
56669187000922,1,353440
56669187001732,0,330420
56692361000109,1,352530
56720428000163,1,354580
56720428001135,1,354580
56720428001488,1,354580
56723091000148,1,354580
56723091001039,1,354580
56723091001543,1,354580
56723257000126,1,354580
56723257000207,1,354580
56724115000183,1,354580
56726854000104,0,354580
56728058000100,1,354580
56728058000291,1,354580
56728058000372,1,354580
56736010000144,1,350570
56809338000143,1,354640
56813280000292,1,354640
56814395000110,1,354640
56815426000158,1,354640
56816085000135,1,354640
56816572000106,1,354640
56851611000289,0,354850
56851611000360,0,354850
56851611000521,0,354850
56851611000602,0,354850
56885262000135,1,351620
56910508000181,1,351410
56912124000106,1,355030
56912124000289,1,355030
56912124000440,1,354870
56925019000101,1,354750
56935596000176,1,353070
56990435000185,1,355030
56990526000110,1,353180
56992951000572,0,231240
56992951002435,1,420420
56994700000101,1,352390
56995681000200,1,353180
56997992000128,1,351300
57000036000192,1,355220
57010480000431,1,355220
57010597000172,0,350950
57010662000917,0,355030
57010662001050,1,350950
57010662001212,1,350950
57010662001565,1,350950
57010662002707,0,355030
57014490000100,1,352590
57014623000130,1,355030
57014862000190,1,352050
57014896000185,0,355030
57015976000155,0,354130
57038408000170,1,354870
57043838000180,0,352530
57043838000260,0,352530
57043838000341,0,352530
57072308000160,0,350820
57153678000121,1,352900
57211997000146,0,352900
57212870000141,1,351300
57221749000186,1,350320
57229981000160,0,355450
57246266000136,1,354850
57246266003666,1,354850
57246266005103,1,354850
57286247000133,1,355030
57297293000138,1,352690
57313777000123,1,350840
57355778000130,1,355300
57373375000203,1,350840
57407660000109,0,351040
57410466000182,1,350790
57464109000105,0,355030
57484768000286,0,352940
57487159000108,1,352940
57488538000104,0,354780
57492456000133,0,354330
57494031000163,1,354330
57494031001054,1,431240
57494130000145,1,350950
57497539000115,0,354780
57498461000153,1,350950
57500480000177,0,352940
57500654000100,1,352940
57502338000169,1,354780
57502353000107,0,354780
57503229000166,1,354780
57507626000459,1,353650
57508426000178,1,354780
57508426000259,1,354780
57508426000330,1,354780
57508426000500,1,354870
57508426000682,1,354880
57508426000844,1,354780
57508426001140,1,354330
57508426001220,1,354780
57508426001301,1,354780
57508426001573,1,354780
57508426001654,1,354780
57508426001816,1,354780
57508426001905,1,354780
57508426002030,1,352940
57508426002200,1,354780
57508426002383,1,354870
57508426002464,1,351380
57508426002545,1,354870
57508426002979,1,354870
57508426003274,1,354780
57508426003355,1,354780
57508426003517,1,354780
57508426003789,1,354780
57518664000164,0,354780
57535700000106,1,354780
57537805000196,1,354780
57545436000183,1,354780
57550980000113,1,352940
57559387000138,1,354780
57563728000149,1,354780
57573206000128,1,354780
57573412000138,1,352290
57576274000140,1,353340
57579609000184,1,354780
57583320000139,1,354780
57593253000567,1,130260
57593253000648,1,130260
57612731000105,1,352590
57737264000140,1,354850
57761801000197,1,355030
57761801000278,1,355030
57761801000359,1,355030
57761975000150,1,354780
57787996000144,1,355250
57796302000135,1,350960
57837841000175,0,353340
57900219000164,0,353050
57905812000101,1,350600
57909863000101,0,353870
57972598000106,1,350790
58023573000110,0,354105
58063306000177,0,355620
58071036001207,1,355220
58071036001975,1,355220
58071036002009,1,355220
58071036002270,1,355220
58089251000174,1,354070
58092693000170,1,351300
58128190005095,0,310350
58130782000244,1,317070
58131582000125,0,354850
58131582000206,0,354850
58132705000142,1,354850
58135369000191,1,355030
58135369000434,1,411820
58142381000123,1,354870
58149881000197,0,354850
58153297000105,0,354880
58158635000100,0,354850
58159203000105,1,354780
58180316000192,0,354850
58180316000273,0,354850
58180316002217,0,354870
58192238000146,0,350750
58207812000192,0,354850
58216235000600,0,351870
58219551000120,0,354850
58276908000102,0,350280
58289521000190,1,351880
58309998000190,1,353870
58309998000786,1,330390
58317751000205,1,351870
58317751000620,1,354850
58338690000173,1,353440
58439209000136,1,352530
58448531000121,0,350950
58451378000191,1,352940
58482084000127,0,351880
58483249000185,0,351880
58489311000146,1,351880
58502188000156,0,355010
58515115000107,1,352530
58518069000191,0,355030
58518069000272,1,354870
58518069001759,1,350950
58518069001830,1,354100
58526047000173,1,352530
58533514000192,1,354870
58543513000129,0,350950
58565813000290,0,351907
58581406000195,1,354730
58616418000108,1,355030
58635517000137,0,354970
58705021000192,0,352390
58731662008015,0,313670
58731803000104,0,352530
58739426000141,0,354780
58746595000109,1,354980
58750985000152,0,352930
58752056000182,0,352390
58769183000194,1,352530
58772260000165,1,352530
58775958000215,1,353610
58818022000143,0,350570
58852518000567,1,355220
58862905000150,1,354780
58890252000113,1,355030
58890252003210,1,355030
58890252003309,1,355030
58892514000189,0,352680
58910316000877,1,351240
58911694000107,1,353050
58962127000171,0,353870
59013136000189,0,350950
59018861000140,1,350950
59036871000108,1,350950
59104273000129,1,354870
59104273001443,1,350950
59104422000150,1,354870
59104422002446,1,355410
59104422004147,1,354870
59104422004651,1,355410
59104422005704,1,354870
59104513000195,1,351380
59104513000276,1,351380
59104737000105,0,354870
59104760000191,1,354870
59104760000353,1,352050
59104901000176,1,354870
59105999000186,1,355030
59105999000348,0,354390
59105999002804,1,355030
59105999003959,1,420910
59105999005650,1,420910
59105999005730,1,420910
59105999005900,0,420810
59106377000172,0,315960
59106377000849,1,311780
59106955000170,1,354870
59108837000100,1,351380
59109777000131,1,410690
59111666000160,1,351380
59114777000120,1,354870
59124115000130,1,351380
59133181000177,1,355030
59135509000194,1,351380
59135509000437,1,430920
59160069000125,1,351380
59169144000119,1,354870
59179838000560,1,354780
59179838003152,1,412550
59179838003233,1,312980
59201087000108,0,351300
59201418000290,0,500720
59225482000120,1,355030
59225961000147,1,354340
59225961000570,1,354340
59233098000170,1,350390
59244285000159,0,353070
59264051000173,1,353870
59274589000169,1,354760
59275792000150,1,354880
59275792000664,1,354880
59275792000826,1,354990
59275792003680,1,354880
59275792004902,1,354880
59275792005208,1,354990
59275792006603,1,355030
59275792006948,1,354880
59275792008991,1,355220
59275792009610,1,430920
59275792009700,1,353060
59280685000110,1,355220
59280685000209,1,354870
59280685000896,1,355220
59280685001000,1,355220
59298091000136,1,355250
59298299000155,1,354880
59300012000184,0,354780
59309302000199,1,353470
59320820001509,1,410180
59325480000103,1,354880
59369041000100,1,350480
59387001000183,1,350170
59388405000191,1,352590
59399212000136,0,352590
59408005000281,1,355250
59409037000110,0,350650
59418806002948,0,431490
59418806004568,0,431490
59476770000158,1,130260
59499251000105,1,351040
59499251000296,1,351040
59499251000377,1,351040
59541656000164,1,353980
59588111000103,1,355030
59588111000294,0,330455
59588111000960,1,420910
59588111001266,1,520870
59591974000300,1,317080
59596395000180,1,354890
59597849000137,1,354890
59597849000218,1,354890
59610378000150,1,355030
59610394000142,1,354890
59643239000122,1,355250
59648766000120,1,351880
59664391000191,1,354870
59664391000272,1,354870
59722702000121,1,352590
59726042000157,1,350320
59748988000114,1,354990
59752048000107,1,354910
59759084000194,0,354910
59764555000152,0,354910
59775478000217,1,354000
59775478000721,1,354000
59791962001716,1,293070
59803197000140,0,350790
59806612000119,0,350530
59876086000163,0,353282
59894790000149,1,353070
59902262000194,1,352530
59905042000114,1,355250
59907634000175,1,353460
59920405000190,1,352390
59929349000155,1,355030
59929349000317,1,355030
59941799000163,1,350750
59956607000192,1,354780
59958223000109,1,354880
59958546000100,1,354880
59974154000127,1,354980
59975466000155,1,354880
59978064000104,0,354870
59978775000189,1,354880
59984542000199,0,354980
59985697000140,1,354980
59985705000158,1,354780
59986224000167,0,354980
60003761000129,1,354980
60003761000200,1,354980
60007648000111,1,354980
60007648000200,1,354980
60007648000383,1,354980
60007648000464,1,354980
60012341000109,1,354850
60037058000131,1,355030
60037058000301,1,355650
60040599000119,0,350950
60053253000155,1,354850
60074945000180,0,355450
60099553000175,1,351230
60110210000164,1,354980
60136249000150,1,355170
60143104000187,1,354850
60153962000102,1,355030
60153962000455,1,355030
60209525000163,1,352530
60227402000155,1,355720
60250776000191,1,351620
60329174000124,1,355010
60348109000146,1,352530
60355922000143,1,354340
60387727000103,0,351150
60392388000145,1,352060
60394723000659,1,355700
60394723001892,1,240325
60397445000189,1,351380
60398914000850,1,353730
60398914000931,1,353730
60403987000117,1,350840
60409075000667,1,350330
60409075001558,1,350320
60409075002953,1,350280
60409075010034,1,354870
60409075011197,1,350850
60409075014889,1,354970
60409075030574,1,352900
60409075031627,1,354340
60409075044605,1,351240
60412806000119,1,355030
60414596000106,1,355250
60421161000180,1,351110
60421161000504,1,351110
60421161001152,1,351110
60431715000120,0,315960
60434123000162,0,352230
60435351001714,0,290650
60444437000146,1,330455
60444437001541,1,330455
60444437003838,1,330455
60444437004567,1,330455
60444437005105,1,330455
60444437005377,1,330455
60444437005458,1,330455
60444437008473,1,330455
60444437017200,1,330030
60444437041179,1,330600
60444437041330,1,330630
60444437052294,1,330370
60444437072058,1,330455
60444437073291,1,330455
60444437073453,1,330455
60455490000142,1,355250
60463080000143,1,353070
60476884000187,1,353070
60476884000268,1,353070
60476884001582,1,313240
60476884001744,1,354870
60476884003364,1,352690
60476884003798,1,352590
60481231000196,1,352590
60494416000305,0,350160
60494416000488,0,350160
60494416000569,0,353340
60494416000640,0,350160
60494416000801,0,350160
60498706000319,1,411820
60498706000661,1,412570
60498706002524,0,291360
60498706003768,1,510030
60498706004144,1,411990
60498706006600,1,521880
60498706013054,1,521150
60498706013488,1,317020
60498706015189,1,354070
60498706021669,0,291110
60498706025907,0,290320
60498706026202,0,290320
60498706029481,1,500830
60498706029996,1,510040
60498706030730,0,292890
60498706032431,0,292620
60498706034132,1,354970
60498706034485,1,510704
60499605000109,1,352590
60499605000281,1,352590
60499605000443,1,350950
60499605000605,1,352590
60500246003501,1,430920
60500915000198,1,355030
60500915000511,1,355030
60507100000130,1,355030
60545704000171,0,355030
60546801002394,0,410140
60556875000104,1,355030
60561719002258,0,354870
60561800000294,1,354780
60579703003163,1,354730
60594538000950,1,315250
60596863000103,1,353080
60601309000169,1,350570
60618634000134,1,351885
60618642000180,1,351570
60619202000652,1,330455
60619202003406,1,330455
60619202006502,1,330455
60620366000195,0,355030
60620366000357,0,355030
60627312000151,1,355170
60637667000121,1,355030
60643293000157,0,355030
60643293000238,0,355030
60648557000165,0,355250
60657624000108,1,311060
60659463000191,1,351880
60664828001652,0,240325
60664828006883,0,313670
60678471000185,1,351880
60678877000168,1,352730
60680873000467,1,350160
60701190010916,1,354780
60701190011211,1,354870
60701190011300,1,354880
60701190031328,1,354870
60701190032480,1,351380
60701190035587,1,354780
60701190035900,1,352940
60701190037873,1,354870
60701190040580,1,354780
60701190054883,1,354330
60701190062630,1,354780
60701190062983,1,354870
60701190074728,1,354780
60701190075619,1,351380
60701190078472,1,354880
60701190087897,1,354780
60701190104651,1,354870
60701190118288,1,351380
60701190136340,1,354880
60701190136502,1,354870
60701190137908,1,354880
60701190138718,1,354780
60701190142901,1,354780
60701190149671,1,354780
60701190153431,1,354870
60701190155132,1,354870
60701190155728,1,354880
60701190160055,1,354870
60701190161531,1,354870
60701190162007,1,354410
60701190166843,1,354780
60701190168544,1,354870
60701190168706,1,351380
60701190176563,1,354780
60701190190710,1,354880
60701190205415,1,352940
60701190271124,1,354880
60701190271639,1,352940
60701190273500,1,354870
60701190274654,1,354780
60701190280620,1,351380
60701190284021,1,354780
60701190286156,1,354780
60701190289929,1,354880
60701190290501,1,354780
60701190303000,1,354870
60701190303344,1,354780
60701190304235,1,352940
60701190311878,1,351380
60701190313900,1,354870
60701190316756,1,351380
60704863001577,1,310400
60723061000109,1,354870
60723061011577,1,354870
60723061018407,1,354870
60723061021106,1,354870
60723061024555,1,354870
60723061031179,1,354870
60723061031926,1,420930
60723061033708,1,420930
60723061034607,1,354870
60723061040917,1,354870
60761889000747,1,353440
60762713000114,1,355030
60771995000116,0,351880
60774007000192,1,354730
60775020000166,1,355620
60777901000116,0,355030
60799590000196,1,351960
60831104000331,1,355620
60831690000152,1,351960
60831690000233,1,351960
60833803002798,1,320060
60840956000123,1,355030
60840956000204,1,355030
60840956000395,1,355030
60850575000125,0,355030
60850617000985,0,410690
60850617001019,0,353870
60851417000190,0,354060
60851417000602,0,354060
60851961000131,1,355030
60852274000130,1,354870
60853942001388,1,354070
60854833000141,1,352390
60855574000335,0,352800
60856077000190,0,352690
60856077000947,0,352690
60857349000923,0,351380
60860673000909,1,353650
60867520000128,0,355030
60868148000174,1,355030
60868148000255,1,355030
60869336004023,0,351870
60869336005933,1,354990
60869336006158,1,355100
60872306004661,0,355240
60874005000175,0,312090
60874005000256,0,312090
60874005000418,0,314740
60874005000507,0,312570
60874005000680,0,315200
60874005000760,0,310730
60874005000922,0,312090
60874005001228,0,313630
60874005001309,0,310730
60874005001490,0,315340
60874005001813,0,310855
60874005002542,0,313630
60874005002704,0,314640
60874005003190,0,310855
60874005003514,0,313630
60874005003867,0,310730
60874005003948,0,312090
60874005004081,0,310020
60874005005720,0,310730
60874005005991,0,314330
60874005006530,0,314330
60874005008079,0,317080
60880630000472,1,350630
60882719000630,1,350160
60882776000104,1,350950
60886413015179,1,260720
60891884000224,0,352010
60892528000144,1,355030
60894730006308,1,351350
60896248000457,1,354260
60896248000619,1,354260
60896248000961,1,353720
60896248001003,0,353760
60896248001267,1,352990
60896248001429,1,352460
60896248001500,0,355280
60896248001690,1,351480
60896248001771,1,350990
60896248001852,0,353760
60896248001933,1,352030
60896248002077,1,353620
60896248002581,1,350925
60896248002743,0,352330
60896248003120,1,352030
60896248003200,1,353720
60902939000505,0,410690
60917770000125,0,351150
60922168000186,1,355030
60922168000429,0,330390
60922168000500,0,330390
60922168000771,1,355030
60922168000852,1,355030
60922168000933,1,355030
60922168001077,1,330580
60922168001905,0,351880
60922168002472,1,355030
60922168002553,1,330600
60922168002634,1,355030
60922168002804,1,355030
60922168003282,1,355030
60922168003444,1,355030
60933603000178,1,355030
60945169001037,1,351970
60949526000144,1,352310
60960465000205,0,355620
60961968000106,0,355030
60975737003096,0,411990
60975737006354,0,411990
60979457000200,1,261160
60980240000202,1,351880
60984473000100,1,530010
60990751000124,0,355030
60990751001520,0,355030
60990751001600,0,355220
60990751001791,0,355220
60990751001872,0,355030
60990751002178,0,355030
61011094000270,1,355030
61011094000350,1,355030
61011094000431,1,355030
61015087000670,1,350600
61015087000750,1,350600
61015087000831,1,350600
61015087001056,1,350600
61024501000100,1,355220
61039038000162,0,355030
61052007000141,1,353050
61064697000159,1,353440
61064697001635,1,353440
61064838000486,1,430770
61064838000567,0,261160
61064838003400,1,352500
61064838003582,1,260005
61064838003906,1,351040
61064838008118,0,150140
61064838008622,1,315780
61064838009602,1,430920
61064929000330,1,353650
61064929001655,1,431720
61064929002384,1,330040
61064929002708,1,412770
61064929003003,1,510792
61064929003780,0,520800
61064929004328,1,431680
61064929004670,0,530010
61064929004832,1,171820
61065199000473,1,150140
61065199000635,1,130260
61065199001011,1,150080
61067997000191,1,355030
61068276000104,1,355030
61068276001259,1,355620
61068276014822,1,355620
61068557000159,1,355030
61068557000582,1,351570
61074506000997,1,351907
61074555000172,0,355030
61074555000504,0,355030
61076501000146,1,350840
61077079000143,1,351880
61077327000156,1,350920
61077830000101,1,354870
61078796000351,1,355030
61078796000602,1,355030
61078796000947,1,355030
61079117000105,1,355030
61079117000440,0,250940
61079117004607,1,355030
61079117011646,1,355030
61079117017253,1,355030
61079117019701,0,240830
61079117026163,1,355030
61079117026244,1,355030
61079117027992,1,355030
61079117028107,1,355030
61079232000252,1,351350
61080735000833,0,411370
61080735001309,0,411690
61080735001562,0,411690
61080735001724,0,500460
61080735003778,0,411410
61080735003859,0,412810
61080735005630,0,500400
61080735006017,0,410550
61082004000584,1,352260
61082988000250,1,352240
61082988000846,1,352240
61082988001141,1,352240
61082988001494,1,352240
61082988002890,1,352240
61082988002970,1,352240
61082988003004,1,352240
61082988003195,1,352240
61082988003519,1,352240
61083804000277,1,352440
61083804001400,1,352440
61086336014406,1,317070
61088894002402,1,250180
61091724000182,1,351570
61092037003601,1,410580
61092441000155,1,355250
61093001000112,1,354070
61093001000384,1,354070
61093001000627,1,354070
61096244000104,0,355030
61096244000376,0,350410
61096996000175,1,352590
61096996000337,1,352590
61096996000841,1,310670
61097317000182,1,354870
61098869000105,0,350840
61099008000141,1,355030
61099008002780,1,350950
61099008003248,1,354880
61099834003025,0,350010
61099834010234,1,351880
61099834022836,0,354980
61099834024103,1,412770
61099834024375,0,355500
61099834025851,0,317070
61099834028010,0,310560
61099834028362,1,353980
61099834034923,0,420910
61099834043400,1,500330
61099834043752,1,354680
61099834047405,1,351880
61099834053120,1,352310
61099834062110,1,351880
61099834062706,0,420910
61099834063273,0,312770
61099974000169,1,355030
61099974000401,1,355030
61101895002865,1,430930
61102711000161,1,355030
61102778000104,1,351880
61115309000111,1,352670
61116265000225,0,352090
61116265000306,0,353880
61116265000497,0,353470
61116265000659,0,354640
61116265000730,0,350450
61116265001116,0,351140
61116265001205,0,355380
61116265001388,0,352180
61116265001620,0,350055
61116265001973,0,355050
61116265002007,0,353580
61139192000106,1,351880
61139432000253,1,330455
61139432007347,1,330070
61142063000177,1,354870
61142287000189,1,350390
61142550000130,1,355220
61143632000107,1,355030
61148052000609,1,230440
61149829000226,0,352690
61149886000124,1,351880
61152856000177,1,350700
61154480000563,1,351240
61155529000179,1,354870
61156113000175,1,351340
61156113000507,0,330420
61156501008050,1,411820
61156501009021,1,510030
61156501009293,1,510792
61156527000102,1,351880
61160438000636,1,430780
61160438000806,1,521880
61167060000198,0,353390
61167235000167,1,351440
61175303000130,0,355030
61182606000180,1,410490
61182606000775,1,355030
61182606000937,1,410490
61186888000193,1,355030
61186888000274,1,353440
61186888001246,1,355030
61186888002137,1,355030
61186888006558,0,352590
61186888007015,1,355030
61189288006110,1,261160
61189288006209,1,261160
61189288015453,1,261160
61189288020104,0,130260
61189288025416,1,261160
61189288029837,0,130260
61189288032110,1,351880
61190690000183,1,355030
61196119000176,1,354520
61203931000181,1,355030
61204814000132,1,355030
61215646000180,1,352310
61216875000110,1,351880
61217261000152,1,355030
61225728000106,0,352940
61226890000904,1,330240
61231478000206,1,411180
61232997000108,1,352720
61241279000190,0,355220
61245411000131,1,351570
61252540000157,1,350840
61253365000112,1,355030
61277273000172,1,355030
61278388015960,1,250750
61282398000190,1,351230
61283636000182,1,355030
61283636000263,1,355030
61283636000425,1,355030
61283636000506,1,355030
61286647000116,1,410370
61288940004029,1,351860
61308862000170,1,355030
61309746000338,1,352100
61322558000188,1,355030
61322558000269,1,351500
61322558000340,1,353060
61322558000501,1,355030
61322558001826,1,355030
61336194000195,1,352730
61340303000148,1,355300
61354023000199,1,355030
61357406000110,1,355030
61365284014750,0,313670
61369047000111,1,355030
61370946000134,1,354870
61372058000150,1,351880
61373304000784,0,353080
61374161000130,0,353080
61381323000248,1,351380
61388385000109,0,354780
61409843000130,1,351880
61409892000335,1,350115
61409892000840,1,315180
61410841000161,1,351300
61413688000126,1,355070
61413852000103,1,355030
61418141000113,1,350570
61418182000100,0,355030
61442737005622,0,315140
61450292000159,1,355030
61453759000114,1,353470
61454393000106,1,130260
61454393000602,0,330455
61454393000793,0,330455
61460150001578,0,410690
61471173000182,1,351880
61479267000106,0,351150
61486650000426,0,355030
61486650000507,0,355030
61486650000698,0,355030
61486650001317,0,355030
61486650001406,0,355030
61486650001589,0,355030
61486650002046,0,355030
61486650002399,0,355030
61486650002470,0,355030
61486650002712,0,355030
61486650002801,0,355030
61486650003018,0,355030
61486650003107,0,355030
61486650003280,0,355030
61486650003441,0,355030
61486650003603,0,355030
61486650003794,0,355030
61486650006386,0,355030
61486650006467,0,355030
61486650006548,0,355030
61486650006890,0,355030
61486650006971,0,355030
61486650007005,0,355030
61486650007196,0,355030
61486650007609,0,355030
61486650007781,0,355030
61486650007943,0,355030
61486650008168,0,355030
61486650008249,0,355030
61486650008320,0,355030
61486650008400,0,355030
61486650008591,0,355030
61486650009130,0,355030
61486650009300,0,355030
61486650009644,0,355030
61486650010065,0,355030
61486650011037,0,355030
61486650014052,0,355030
61486650014648,0,355030
61486650015610,0,355030
61486650016772,0,355030
61486650018716,0,355030
61486650018988,0,355030
61486650019011,0,355030
61486650020966,0,355030
61486650021008,0,355030
61486650021261,0,355030
61486650021342,0,355030
61486650022071,0,355030
61486650022152,0,355030
61486650022586,0,355030
61486650023396,0,355030
61486650026220,0,355030
61486650026301,0,355030
61486650027383,0,355030
61495636002432,1,354870
61497046000152,1,352530
61499281000163,1,350570
61520607000197,1,355030
61520607000600,1,261070
61522512003128,0,110020
61532198000149,1,351380
61532198000653,1,431870
61535662000150,0,350840
61542718000102,1,355030
61543716000120,1,352250
61554671000199,1,355030
61557039000107,0,355030
61558037000124,1,352590
61560934000172,0,350950
61574299000182,0,355030
61585220000119,0,355030
61585220000895,0,350950
61585220001867,0,354980
61585220002596,0,354140
61585220002758,0,350600
61585220005420,0,350600
61586558000608,0,315250
61586558002562,0,315250
61599908000158,1,355030
61599908001553,1,355030
61603288000183,1,351880
61604203000181,1,355670
61620753000518,1,314410
61620753001247,1,317070
61630786000115,1,354890
61649810000320,1,354850
61649810001210,1,351200
61649810004589,0,351220
61649810008061,1,353610
61649810008142,1,350450
61649810008223,1,353610
61649810008738,1,351030
61649810008819,1,352760
61649810009033,1,350550
61649810009114,1,350550
61649810009203,1,350550
61649810009467,1,351200
61649810009548,1,351210
61649810009629,1,351210
61649810010473,1,353070
61649810011526,1,353070
61649810011607,1,353070
61685723000166,1,352390
61705380000154,0,350950
61725214000110,1,355030
61725214001434,1,355030
61725214001787,1,355030
61725214001949,1,355030
61725214002082,1,355030
61725214002678,1,355030
61725214002830,1,355030
61725214003054,1,355030
61725214003135,1,355030
61725214003569,1,355030
61725214003640,1,355030
61725214004026,1,355030
61725214004107,1,355030
61736732000139,1,350850
61736732000309,1,355030
61736732000562,1,350850
61745147000103,1,355220
61747085000160,0,355030
61748117000142,1,350790
61752739000144,1,350920
61779773000102,0,355220
61836813000100,1,351880
61838884000142,0,355030
61838884000223,0,510340
61838884000495,0,354980
61838884000576,1,330455
61838884000657,1,292740
61854147000133,0,350700
61898813001379,1,351880
61898813002774,0,330170
61898813003150,0,312770
61898813003827,0,240810
61923017000105,1,351380
61950325000120,1,355030
61984134000189,0,354400
62004395000158,0,353440
62004395007837,0,353440
62011788000199,1,355670
62032180000140,1,280030
62032313000189,0,355030
62045026000294,1,351820
62070362000106,1,355030
62070362000459,1,355030
62070362001188,1,355030
62071485000161,1,351410
62073200000121,1,355030
62092671000187,1,350840
62092739003739,1,352880
62097886000190,1,355030
62100680000172,0,355030
62125836000170,0,353730
62131099000118,1,351880
62136304000138,1,355030
62136304001100,0,351880
62144175000120,1,355030
62152368000122,1,355250
62152657000121,0,350160
62154521000150,1,410690
62162847000120,0,352340
62166848000142,1,355030
62199161000456,1,352720
62207998000157,1,351880
62220637000140,0,351880
62220637000574,0,351880
62220637001465,0,351880
62220637002356,0,351880
62220637002437,0,351880
62232889000190,1,355030
62232889000270,1,355030
62232889000432,1,355030
62232889001838,1,350570
62249586000180,0,355030
62253943000183,0,352530
62258884004980,1,354100
62287206000100,1,351440
62299771000189,1,354850
62309299000118,0,352680
62312426000138,1,351880
62317458000126,1,355030
62320494000149,1,352670
62340203000184,1,355030
62340203000265,1,355030
62340203001156,1,355030
62340203004252,1,355030
62354055006007,1,150140
62371224000167,1,350400
62382395000272,1,320530
62382395000604,1,530010
62382395000787,1,530010
62384763000130,1,355030
62385299000105,1,351850
62388590000129,1,355250
62398458000106,1,353780
62465117000106,0,355030
62499496001461,1,420540
62520119000142,0,351230
62522453000135,1,351500
62527619000106,1,351370
62532007000292,1,355030
62532833000150,1,350420
62537162000110,1,355250
62545686000234,1,352940
62545686001125,1,352940
62545686001397,1,355250
62559067000118,1,353470
62565007000108,1,351150
62576327000830,1,352050
62576749000139,1,352310
62595061000104,1,355250
62596911000180,0,350570
62606959000122,1,351880
62615398000128,0,355450
62622030000197,0,353870
62625942000112,1,352530
62639158000163,1,355030
62640511000125,1,355220
62673470000173,0,355030
62673470000254,0,355030
62673470000505,0,355030
62673470000688,0,355030
62673470000769,0,350950
62673470000840,0,354850
62673470000920,0,355410
62673470001064,0,354980
62673470001145,0,351880
62673470001226,0,354340
62673470001307,0,350320
62673470001498,0,355220
62673470001579,0,353440
62673470001650,0,354140
62673470001730,0,350280
62673470001811,0,353060
62673470001900,0,354870
62673470002036,0,352900
62673470002117,0,350600
62673470002206,0,354780
62673470002389,0,353870
62673470002460,0,355030
62673470002540,0,354990
62673470002621,0,351620
62673470002702,0,351050
62673470002974,0,354260
62673470003008,0,350550
62673470003199,0,351550
62673470003270,0,352590
62717137000208,0,411990
62717137000461,0,411990
62719083000120,0,355250
62719083000392,0,353800
62719083001283,0,355250
62719083002255,0,355250
62719083003499,0,350850
62719653000182,1,351410
62743539000430,1,315960
62808506000189,1,355030
62808506000340,1,355030
62883152000137,1,352590
62931548000102,1,355030
62932942000165,1,355030
62956800000138,1,352940
62958327000390,1,410690
62969951000120,1,355030
62985767000255,1,351570
63004030001834,1,354780
63004030003616,1,354870
63004030004930,1,354780
63022099000142,0,355280
63022958000101,1,352530
63030373000125,1,354890
63104830000189,1,291080
63328181000108,1,220800
63353015000153,1,230440
63388441000122,1,230440
63388441000475,1,230730
63388441000556,1,231290
63411623000843,1,130260
63460299000187,0,320320
63473235000625,1,230730
63504831000110,0,220800
63521645000190,0,221100
63595557000132,1,120040
63645030000175,1,130260
63661292000123,1,130260
63670145000896,1,150530
63674543000104,1,130260
63691570000195,0,130260
63699839000180,1,130260
63712186000121,1,130260
63712186000202,1,130260
63728349000164,0,130260
63728349000245,0,130260
63728349000679,0,130260
63728349000750,0,130260
63835219000120,1,150220
63880884000217,0,150840
63897649000177,1,351880
63916357000134,0,352390
63925895000195,1,352940
63950604000119,1,354780
63955256000172,1,351620
63960181000118,1,355670
64056617000101,1,352530
64087935000130,1,350840
64139207000124,0,353870
64144330000133,0,352530
64153414000133,1,354340
64158165000179,1,354850
64174857000100,1,355650
64216948000161,1,314110
64373145000110,1,312230
64421761000108,1,313670
64421761000523,1,312840
64492093000100,1,353540
64494149000157,1,352220
64494149000580,1,261160
64501851000281,1,352180
64544273000180,1,353860
64548290000195,1,352530
64550031000360,0,313340
64565732000454,1,431490
64597776000113,1,351460
64641327000125,0,350570
64641327000630,0,330455
64641327000710,0,350570
64648876000121,1,355250
64655368000170,0,350650
64659832000105,1,352530
64666936000139,1,351880
64671829000107,1,352530
64700735000291,1,354670
64734643000141,1,354070
64761455000102,0,352590
64762107000150,0,354105
64778301000123,1,353440
64822141000172,0,355670
64904295001002,1,261160
64904295001428,1,510340
64921901000107,1,350320
64924186000158,1,355170
65011967000114,1,352430
65058380000160,0,354990
65097073000199,1,311860
65107971000180,1,311940
65134074000166,1,310620
65206526000178,1,311940
65277634000131,1,314800
65280257000190,1,316250
65358756000152,1,311800
65364614000106,1,313670
65377046000170,0,313130
65439010000173,1,355030
65441255000135,0,355220
65444713000190,1,351410
65463317000100,0,352220
65463853000105,1,351440
65525404000144,1,355030
65569089000157,1,351960
65593022000158,1,353050
65597296000115,0,351490
65604399000165,1,350840
65659054000109,1,352590
65665986000326,1,351130
65673519000186,1,354780
65732836000126,1,350650
65732836000398,1,350650
65734998000101,1,350160
65763070000147,0,354340
65790610000181,1,353900
65838344000110,1,351380
65841017000117,1,352720
65849838000108,0,355030
65849838000280,0,350570
65849838000604,0,350950
65849838002305,0,355030
65849838002496,1,350920
65911620000128,1,353270
65957557000160,1,355220
65996605000120,1,355250
66021254000102,0,350840
66090366000107,0,353540
66099755000101,0,352640
66120171000162,0,350460
66158833000193,0,353870
66158833000274,0,353870
66187386000109,0,354980
66217399000175,0,313420
66270539000179,0,314930
66444548000139,1,317020
66456724000152,1,313050
66473554000114,0,312870
66473554000548,0,351518
66473554000629,0,351310
66498056000126,1,351870
66511908000178,1,355030
66525908000127,1,354400
66561853000100,0,355280
66582784000111,1,350160
66594904000109,1,351280
66595737000102,0,352940
66596644000100,1,354870
66674953000143,0,354400
66727777000160,1,351960
66736257000114,1,240810
66761057000111,1,355250
66761396000106,0,351550
66767534000156,1,352870
66784828000439,1,351960
66794637000105,1,351960
66794637000296,1,351960
66804618000112,0,353870
66835794000111,0,350330
66857830000148,1,354780
66857830000229,1,354780
66859307000150,1,355030
66862269000195,1,354520
66863689000196,0,355030
66872888000160,0,352900
66872888000241,0,352900
66950536000348,1,351907
66970229000590,1,350950
66970229001139,0,330455
66970229001724,1,410690
66970229001996,1,520870
66970229002968,0,330630
66970229003506,0,330455
66970229003930,1,420540
66970229004235,0,330455
66970229004588,1,353870
66970229004669,1,420910
66970229005479,0,330455
66970229005630,0,330455
66970229006106,1,355030
66970229006440,1,355100
66970229006602,0,330070
66970229007846,0,330455
66970229007927,0,330455
66970229008303,1,355030
66970229009113,1,355030
66970229009385,1,355030
66970229009970,0,330455
66970229010391,0,330455
66973801000141,1,352250
66975699000385,1,430920
67010660000124,0,354980
67071001000106,1,410690
67071001000360,1,410690
67087569000107,0,355030
67109777000160,1,351040
67203208000189,0,355030
67226969000156,0,353060
67267435000178,1,355030
67270140000150,0,350730
67272500000153,1,352940
67274209000114,1,355030
67276683000185,1,355030
67276683000266,1,355370
67335323002150,0,351880
67364703000170,0,355220
67386961000157,0,353870
67411298000101,1,354890
67431114000167,0,354980
67469395000309,1,354670
67490946000154,1,354870
67518555000109,1,353870
67520650000139,1,355250
67522904000158,1,352590
67541961000184,0,353870
67541961000427,0,353870
67541961000699,0,353870
67562884000149,1,355030
67590265000168,0,354780
67599431000197,1,352640
67620377000386,0,352570
67620468000150,1,354640
67640888000106,1,355030
67718726000135,1,352940
67720656000150,1,353870
67730853000150,1,355030
67741363000159,1,354390
67749630000134,1,354870
67763441000116,0,350330
67766584000181,1,354970
67847616000173,1,353490
67927681000109,0,352010
68059674000103,1,350950
68072479000105,1,353870
68098318000190,1,353080
68108232000100,1,353050
68122340000129,1,354980
68132950000456,1,330455
68184548000172,0,351040
68209048000148,1,352530
68242882000135,1,350730
68245877000186,1,354580
68249754000113,0,355450
68272657000141,0,355030
68282672000170,1,354520
68300581000110,0,352690
68316801000102,1,352600
68392844000169,1,354390
68433358000141,1,354780
68534270000116,1,310400
68625151000179,1,330070
68725522000275,1,330240
68761923000108,1,412240
68769397000114,1,430780
68805647000124,0,410690
68893775000177,1,355250
68896422000120,0,351040
68900810000138,1,355030
68915891000140,0,330455
68915891000816,0,330455
68915891002002,0,330240
68944610000349,1,351550
68944610000420,1,352480
68956234000140,0,354750
69004083000193,0,352400
69020915000327,1,354520
69020915000599,1,352320
69026466000162,1,352530
69031953001004,1,430930
69046365000153,1,350840
69090249000131,1,355250
69167625000149,0,350390
69193175000169,1,354330
69236925000132,0,355030
69259356000140,0,355030
69289767000189,1,352940
69289767000340,1,352940
69611606000160,1,220800
69611606000240,1,220800
69611606000321,1,220800
69612281000130,0,221100
69627032000118,0,221100
69699742000404,1,240810
69699742000820,0,250750
69699742001206,0,130260
69699742001397,0,140010
69959740000156,1,261160
70002480000105,1,270770
70029475000196,0,240810
70042429000127,0,240230
70042429000208,0,241450
70042429000399,0,240930
70042429001956,0,240100
70042429002170,0,240020
70064035000170,0,261160
70064035000412,0,261160
70089867000140,1,261160
70120662000857,1,250630
70120662003368,1,251530
70120662004410,1,250630
70133939000100,1,250750
70150974000137,0,240810
70176359000108,1,261160
70176425000131,1,261110
70179726000119,1,260790
70245311000104,1,260790
70356449000172,1,500769
70356449000253,1,500769
70430681000103,0,510760
70940994005251,1,312510
70945936000170,1,355060
70971882000118,0,316720
71002448000192,1,313620
71107577000145,0,354100
71138697000100,1,314480
71161699000110,1,310620
71215057000156,0,313670
71225502000169,1,310400
71237184000156,0,311120
71237184000237,0,311200
71237184000318,0,312020
71237184000407,0,310080
71237184000580,0,311190
71243034000155,0,311230
71243034000236,0,316970
71243034000317,0,313250
71248686000182,1,315690
71304687000105,1,355150
71304687001845,1,350820
71304687002817,1,353320
71324784000151,1,355170
71324792000106,1,355170
71324792000440,0,350560
71337976000100,1,317010
71445811000144,1,130260
71445811000578,1,130260
71445811000730,1,130260
71445811001205,1,130260
71445811001469,1,130260
71448047000160,1,355220
71448047000403,1,355220
71448047000675,1,355220
71448047000837,1,355220
71448047001566,1,355220
71448047001647,1,355220
71448047001728,1,355220
71448047001809,1,355220
71448047001990,1,355220
71448047002023,1,355220
71448047002104,1,355220
71448047002880,1,355220
71448047002961,1,355220
71448047003003,1,355220
71452106000174,0,355220
71466288000132,1,355220
71477426000189,1,355220
71478457000405,0,352690
71478762000146,1,311530
71487094000113,1,355220
71491732000170,1,355220
71522460000128,1,352590
71527618000152,1,350520
71540140000109,1,354780
71542765000100,0,352940
71553069000190,0,354260
71586952000187,0,355030
71593420000177,1,350790
71598288000196,1,350570
71603070000263,1,350010
71610620000190,0,355410
71689897000150,0,350520
71705552000143,1,350730
71745186000156,1,354980
71763932000134,1,351750
71774004000175,1,355170
71796478000118,1,351570
71801849000102,0,352670
71823058000183,0,351040
71830723000166,1,352530
71841902000107,1,355690
71843205000187,0,352940
71853097000123,0,355030
71854319000394,1,354880
71854319000637,1,354880
71917181000163,1,355250
71917181000244,1,355030
71976005000100,1,351040
71976708000120,0,353070
72026560000126,0,352430
72077514000156,0,354980
72077514000318,1,355340
72111321002037,0,314790
72114994000188,1,431690
72183486000151,1,355220
72183486000232,1,355220
72259849000195,1,420420
72262785000262,1,410690
72267552000171,1,410690
72286628000610,1,230730
72290711000159,1,420540
72327984000120,0,430700
72333768000198,1,410860
72368012000184,1,330455
72368822000130,1,432200
72372998000409,1,330200
72381189000625,1,351907
72381213000111,1,420420
72381213000200,0,420435
72407489000121,0,420910
72416381000103,1,410370
72451917000113,1,411370
72457054000191,0,355450
72457542000107,1,355450
72470743000136,1,411820
72487358000100,1,410550
72510266000195,0,410420
72547623000190,1,355500
72557689000160,1,355500
72558109000150,0,432090
72600026000181,1,355030
72682099000160,0,353870
72699119000105,1,355510
72835804000111,1,355630
72840002000442,1,410690
72877954000198,0,354990
72908817000173,1,350410
72908817000416,1,421320
72909179000105,0,355670
72929698000135,0,353640
72951635000185,1,355710
72954225000198,0,351350
72957814000120,0,355710
72957814000200,0,355710
72961519000147,1,355710
72989908000180,1,354870
73004780000111,1,354850
73019507000160,1,354980
73056731000122,1,350750
73103095000142,0,350840
73151326000193,1,354780
73151748000169,0,351620
73214439000190,1,330455
73235509000278,0,317070
73274623000126,1,421310
73296469000193,1,230440
73315442000109,1,421930
73352866000135,1,230440
73410326000160,0,330455
73410326000322,1,350700
73410326000403,1,330390
73410326000675,1,330390
73410326000756,1,330390
73465700000125,1,311830
73471963000147,1,530010
73471963000228,1,355030
73471963000309,1,355030
73471963000490,1,510340
73471963000570,1,530010
73471963000651,1,431490
73471963000813,1,330455
73471963001038,1,211130
73471963001119,1,110020
73471963001208,1,292740
73471963001380,0,320130
73471963001461,1,351565
73471963001542,1,352690
73471963001623,1,410690
73471963002000,1,330040
73471963002190,1,354260
73471963002352,1,431690
73471963002514,0,270430
73471963002603,0,320490
73471963002867,1,430210
73471963003081,1,520110
73471963003162,0,320510
73471963003243,1,354240
73471963003324,1,290850
73471963003405,1,352930
73471963003596,1,420430
73471963003677,1,221100
73471963003839,1,420820
73471963004053,1,412410
73471963004134,1,420400
73471963004215,1,293070
73471963004304,1,291072
73471963004487,1,351880
73471963004568,1,330100
73471963004800,1,411520
73471963005106,1,353650
73471963005297,1,420930
73471963005459,1,330420
73471963005610,1,420540
73471963005963,1,412870
73471963006005,1,110030
73471963006269,1,293330
73471963006420,1,520870
73471963006692,1,250750
73471963006773,1,240810
73471963006854,1,410940
73471963006935,1,421500
73471963007150,1,350320
73471963007311,1,500270
73471963007664,1,354340
73471963007745,1,350950
73471963008040,1,350280
73471963008121,1,353870
73471963008202,1,354140
73471963008393,1,354780
73471963008474,1,355220
73471963008636,1,291080
73471963008989,1,354640
73471963009012,1,354980
73471963009446,1,431440
73471963009527,1,355100
73471963009799,1,350070
73471963009870,1,410480
73471963010029,1,330040
73471963010100,1,330490
73471963010290,1,351350
73471963010452,1,500370
73471963010614,1,250400
73471963010703,0,320120
73471963011009,1,430510
73471963011262,1,350600
73471963011777,1,352440
73471963011858,0,270030
73471963011939,1,351880
73471963012072,1,420460
73471963012234,1,351000
73471963012315,0,320150
73471963012587,0,220800
73471963012668,1,330600
73471963012749,1,330340
73471963013125,1,411990
73471963013206,1,431140
73471963013478,1,431560
73471963013559,1,510760
73471963013630,1,430470
73471963013982,1,421930
73471963014105,1,432240
73471963014440,1,420420
73471963014520,1,521880
73471963014601,1,354390
73471963014792,1,352900
73471963015098,1,355030
73471963015179,1,431410
73471989000195,1,110030
73471989000276,1,355030
73471989000357,1,355030
73471989000438,1,510340
73471989000519,1,530010
73471989000608,1,431490
73471989000861,1,330455
73471989001086,1,211130
73471989001248,1,292740
73471989001329,0,320130
73471989001400,1,351565
73471989001590,1,352690
73471989001671,1,410690
73471989002058,1,330040
73471989002139,1,354260
73471989002309,1,431690
73471989002562,0,270430
73471989002643,0,320490
73471989002805,1,430210
73471989003020,1,520110
73471989003100,0,320510
73471989003291,1,354240
73471989003372,1,290850
73471989003453,1,352930
73471989003534,1,420430
73471989003615,1,221100
73471989003887,1,420820
73471989004000,1,412410
73471989004182,1,420400
73471989004263,1,293070
73471989004344,1,291072
73471989004425,1,351880
73471989004506,1,330100
73471989004859,1,411520
73471989005154,1,353650
73471989005235,1,420930
73471989005405,1,330420
73471989005669,1,420540
73471989005901,1,412870
73471989006045,1,110030
73471989006207,1,293330
73471989006479,1,520870
73471989006630,1,250750
73471989006711,1,240810
73471989006800,1,410940
73471989006983,1,421580
73471989007106,1,350320
73471989007360,1,500270
73471989007602,1,354340
73471989007793,1,350950
73471989008099,1,350280
73471989008170,1,353870
73471989008250,1,354140
73471989008331,1,354780
73471989008412,1,355220
73471989008684,1,291080
73471989008927,1,354640
73471989009060,1,354980
73471989009494,1,431440
73471989009575,1,355100
73471989009737,1,350070
73471989009818,1,410480
73471989010077,1,330040
73471989010158,1,330490
73471989010239,1,351350
73471989010409,1,500370
73471989010662,1,250400
73471989010743,0,320120
73471989011049,1,430510
73471989011200,1,350600
73471989011715,1,352440
73471989011804,0,270030
73471989011987,1,351880
73471989012010,1,420460
73471989012282,1,351000
73471989012363,0,320150
73471989012525,0,220800
73471989012606,1,330600
73471989012797,1,330340
73471989013173,1,411990
73471989013254,1,431140
73471989013416,1,431560
73471989013505,1,510760
73471989013688,1,430470
73471989013920,1,421930
73471989014145,1,432240
73471989014498,1,420420
73471989014579,1,354390
73471989014650,1,355030
73471989014730,1,521880
73471989015036,1,355030
73471989015117,1,431410
73506016000144,1,420460
73514580000109,1,317070
73514861000161,1,410690
73539009000149,1,421120
73604548000114,1,410690
73605156000250,1,280400
73612970000111,0,431490
73612970000464,0,410690
73612970000545,0,330455
73612970000707,0,351907
73631483000104,1,330045
73641771000131,1,520870
73641771000808,1,521170
73663114000195,0,292740
73663114002058,0,292740
73663650000190,1,330490
73674202000273,1,261160
73686370000521,1,320530
73686370001170,1,320150
73686370005590,1,320130
73686370005752,1,320520
73686370006058,1,320530
73686370018811,1,320520
73686370018900,1,320010
73686370019117,1,320090
73686370019702,1,320130
73686370019893,1,320500
73720773000116,0,221100
73783656000282,1,510760
73852469000122,1,330630
73856593000166,0,412770
73856593000328,0,412770
73896722000140,1,352720
73936403000110,1,432040
73936403000200,1,432040
73936403000382,1,432040
73983876000179,1,530010
73986937002529,0,350320
73986937003177,0,354890
74060534000140,1,355030
74072513000730,1,420670
74075938000107,0,230440
74126368000137,1,314330
74169830000183,0,420540
74182593000190,1,420820
74188749000140,0,313130
74188749000221,0,311940
74188749000302,0,316870
74201286000100,1,430790
74293317000108,0,350750
74301482000156,1,510490
74301482000318,1,510250
74301482000407,1,510250
74301482000580,1,510250
74301482000660,1,510682
74301482000741,1,510770
74301482000903,1,510250
74301482001128,1,510250
74301482001551,1,510770
74301482002108,1,510250
74319864000107,0,316720
74365248000192,1,353870
74404229000128,1,355220
74423880000145,1,353870
74424136000165,0,353870
74467457000147,1,350160
74510785000189,1,354980
74511007000104,1,355470
74588765000120,1,354070
74638651000148,1,351880
74640921000155,1,352670
74679226000520,1,420910
75002881000189,1,410690
75076836000179,1,410690
75078816000137,1,410690
75078816000218,1,411520
75078816000307,1,411370
75078816000480,1,410480
75118992000155,1,410690
75126458000190,1,411915
75126979000148,0,410690
75128058000114,1,410690
75171827000167,1,410690
75173575000962,0,291072
75182048000167,1,412550
75190983000175,0,411910
75190983000418,0,411910
75190983000507,0,411910
75190983001147,0,411910
75197160000171,1,430676
75215756002605,0,411460
75228825000167,1,411370
75228825000248,1,412650
75228825000329,1,411370
75228825000400,1,410370
75228825000590,1,412240
75228825000671,1,410980
75228825000752,1,410280
75228825000833,1,411190
75228825000914,0,412000
75228825001139,1,411370
75228825001210,1,412050
75228825001481,1,410080
75228825001643,1,411370
75228825001724,1,412240
75228825001805,1,411370
75228825002020,1,411370
75228825002100,1,411370
75228825002453,1,412240
75228825002887,1,411370
75228825003000,1,411370
75228825003182,1,411370
75228825003263,1,411370
75228825003344,1,411370
75228825003425,1,411370
75228825003506,1,411370
75228825003697,1,411370
75228825003778,1,411370
75228825003859,1,411370
75228825003930,1,411370
75228825004073,1,410370
75228825004154,1,411370
75228825004235,1,411370
75228825004316,1,411370
75228825004405,1,410370
75228825004669,1,411370
75228825004740,1,411370
75228825004820,1,411370
75228825004901,1,411370
75228825005045,1,411370
75228825005207,1,411370
75228825005398,1,411370
75228825005479,1,411370
75228825005550,1,411370
75228825005630,1,412240
75228825005711,1,411370
75228825005800,1,411370
75228825005983,1,411370
75228825006017,1,411370
75228825006106,1,411370
75228825006289,1,411370
75228825006440,1,411370
75228825006521,1,411370
75228825006602,1,411370
75228825006793,1,411370
75228825006874,1,410370
75228825006955,1,411370
75228825007099,1,411370
75228825007170,1,410370
75228825007250,1,411370
75228825007331,1,411370
75228825007501,1,411370
75228825007684,1,410370
75228825007765,1,411370
75228825007846,1,411370
75228825007927,1,410980
75228825008060,1,411370
75228825008141,1,411370
75228825008222,1,411370
75263400000199,0,410150
75271585000183,0,420380
75283564000188,1,410140
75283564000269,1,410140
75283564000340,1,410140
75283564000420,1,410140
75283564000501,1,410140
75283564000773,1,410140
75283564001150,1,410140
75283564001230,1,410140
75283564001311,1,410140
75283564001664,1,410150
75283564001745,1,410150
75283564001826,1,410150
75283564001907,1,410150
75283564002040,1,410150
75283564002121,1,410150
75283564005651,1,410140
75283564005813,1,410150
75283564006119,1,410140
75283564006208,1,410140
75283564006380,1,410150
75283564006623,1,410150
75294801000106,0,411820
75294801000610,0,411820
75294801000882,0,411990
75315333008274,1,230730
75316026000142,1,420390
75339051000141,1,420910
75347385000167,1,420550
75400218000132,0,421660
75400218000302,0,421660
75400218000809,0,421660
75444430000100,1,411180
75456764000195,1,421120
75524413000174,1,410480
75527101000114,1,410480
75527275000187,1,420420
75565572000117,1,420460
75603134000104,1,411990
75609123002762,0,330455
75619056000128,1,410240
75625608000100,1,411660
75637256000960,1,411990
75637256001002,1,411990
75717355000286,1,411810
75717355000367,1,412680
75717355000448,1,411155
75717355000871,1,412730
75729038000107,1,411520
75729038000794,1,411520
75772954000111,1,420540
75776898000193,1,411460
75802041000109,1,410420
75809186000123,0,410420
75813386000150,1,420910
75895409000112,1,421120
75904383000121,0,410430
75904383000202,0,410750
75904383000393,1,411400
75904383000636,0,410430
75904383000717,0,410770
75904383000806,0,410430
75904383001012,0,410430
75904383001101,1,410300
75904383001284,1,411880
75904383001365,0,411727
75904383001446,1,411760
75904383001527,1,411440
75904383001608,1,411080
75904383001799,1,412250
75904383001870,1,410965
75904383001950,1,411295
75904383002094,1,411440
75904383002256,1,411960
75904383002337,0,410250
75904383002418,0,410430
75904383002507,0,410430
75904383002680,0,410430
75904383002760,1,411440
75904383002841,1,411295
75904383002922,1,411400
75904383003066,0,411780
75904383003147,1,410045
75904383003228,0,410430
75904383003309,0,410430
75904383003570,0,410655
75904383003651,1,410170
75904383003902,1,411400
75904383004208,0,412110
75904383004380,0,412500
75904383004542,1,411450
75904383004623,1,411400
75904383004704,1,410304
75904383004895,0,410430
75904383004976,0,410430
75904383005000,0,411373
75904383005190,0,412500
75904383005514,0,410430
75904383005603,0,411373
75904383005867,0,411373
75904383006162,1,410440
75904383006324,1,411820
75904383006405,1,411820
75904383006910,0,410755
75904383007053,0,410430
75904383007215,1,412795
75904383007487,1,412575
75904383007568,1,411745
75904383007649,1,412770
75904383007720,1,412770
75904383007800,1,411722
75904383007991,1,412770
75904383008106,0,410430
75904383008530,1,410650
75904383008610,1,411440
75904383008700,1,411295
75904383008882,1,412795
75904383009269,0,410430
75904383009340,0,410430
75904383009692,1,411440
75904383009773,1,411960
75904383009854,1,412575
75904383010003,1,411250
75904383010194,1,411150
75904383010356,1,410940
75904383010437,1,410442
75904383010780,1,411930
75904383010860,1,410760
75904383011085,1,410650
75904383011166,1,411610
75904383011247,1,410170
75904383011328,1,410940
75904383011409,1,410645
75904383011590,1,412770
75904383011670,1,410445
75904383011751,1,410760
75904383011832,1,411490
75904383012561,1,411450
75904383013290,0,410750
75904383013371,0,410430
75904383013452,1,412065
75904383013533,1,412770
75904383013614,0,410430
75904383016630,1,410337
75904383017288,1,410860
75904383017792,1,412065
75904383017954,1,411220
75948646000102,0,412770
75963827000108,0,411580
75986232000160,0,410690
75986232000240,0,420540
76012145000174,1,410690
76029180000104,1,410580
76068311000154,0,410690
76068311000235,0,410690
76068311000901,0,410690
76080738001735,0,510340
76080738002898,1,140010
76080738003193,0,510840
76080738003436,0,510760
76080738005480,0,510340
76080738007938,1,140010
76080738009124,0,510760
76080738011021,0,420460
76091768000180,1,410480
76093731000190,1,410345
76093731000271,1,411670
76093731000352,1,410820
76093731000433,1,411275
76093731000603,1,410345
76093731000786,1,410345
76093731000867,1,410345
76093731000948,1,411670
76093731001081,1,411670
76093731001162,1,411670
76093731001243,1,411670
76093731001596,1,410345
76093731001839,1,410345
76093731001910,1,410345
76093731002053,1,411275
76093731002134,1,412795
76093731002215,1,410345
76093731002304,1,411275
76093731002568,1,410820
76093731002720,1,411275
76093731003025,1,411670
76093731003106,1,411670
76098219000137,1,410480
76098219000480,1,410480
76098219000560,1,410530
76098219000641,1,410500
76098219000722,1,410335
76098219000994,1,412855
76098219001109,1,410480
76098219001290,1,410480
76098219001370,1,410480
76098219001451,1,410480
76098219001532,1,410480
76098219001613,1,410480
76098219001702,1,410480
76098219001885,1,410480
76098219002342,1,410480
76098219002695,1,410480
76098219002857,1,410480
76098219002938,1,410480
76098219003233,1,412855
76098219003403,1,410480
76098219003667,1,412402
76098219003829,1,411345
76098219003900,1,410530
76098219004124,1,410480
76098219004396,1,410480
76098219004558,1,410405
76098219004639,1,410480
76098219004710,1,410480
76098219004809,1,410480
76098219004981,1,410480
76102714000172,1,410690
76105436000107,1,412080
76107770000108,1,410465
76107770000361,1,412710
76107770000442,1,412750
76107770000523,1,412750
76107770000604,1,411990
76107770001252,1,410465
76107770001686,1,412750
76107770001767,1,410465
76107770001929,1,411990
76108349000103,1,410490
76108349000294,1,411940
76108349000456,1,410490
76108349000537,1,410490
76108349000707,1,411990
76108349000880,1,410490
76108349000960,1,411940
76108349001002,1,410490
76108349001347,1,410490
76108349001428,1,410490
76108349001509,1,412853
76123397000170,0,411520
76125244000162,1,410150
76154749000155,1,412570
76154749000317,1,412405
76154749000902,1,411580
76154749001046,1,412570
76154749001127,1,411605
76154749001399,1,412570
76189406000126,1,410690
76189406000398,1,410690
76189406000630,1,410690
76189406000711,1,410690
76189406001017,1,410690
76189406001106,1,410690
76189406001289,1,410690
76189406001360,1,410690
76189406001602,1,410690
76189406001793,1,410690
76189406002170,1,410690
76189406002250,1,410690
76189406002412,1,410690
76189406002684,1,410690
76189406002765,1,410690
76189406002846,1,410690
76189406003494,1,410690
76283589000144,1,412810
76314301000151,0,420320
76343748000159,1,420910
76361807000111,0,412810
76361807000898,0,412810
76361807000979,0,412810
76361807001002,0,412810
76361807001193,0,412810
76361807001274,0,412810
76361807001355,0,412810
76361807001436,0,412810
76430438002972,1,411370
76430438003006,1,411370
76430438003510,1,411370
76430438003782,1,411370
76430438004401,1,411370
76430438004754,1,411370
76430438005564,1,411370
76460583000286,1,410754
76471358000164,1,410690
76484013000145,1,410690
76487032000206,1,354890
76493899000193,1,410690
76494459000150,0,410690
76494459000231,0,410430
76494459000401,0,410940
76494459000584,0,411520
76494459000746,0,410190
76494459001122,0,410660
76494459001203,0,411840
76494459001394,0,410480
76494459001556,0,410420
76494459001637,0,411915
76494459002609,0,411760
76494459002870,0,412440
76494459004148,0,410940
76494459006353,0,412770
76494459006604,0,411520
76495696000136,0,410690
76497338004907,1,432250
76497338005040,1,431490
76497338005121,1,431490
76497338005202,1,432260
76497338005393,1,430100
76497338005555,1,431560
76498864000147,1,410690
76500180000132,1,412550
76509611000121,1,410750
76509611000393,1,411885
76511260000193,1,410690
76511260000355,1,410690
76515782000163,1,410580
76518323000133,0,410690
76520758000112,1,410690
76524370000190,1,410420
76525658000189,0,410690
76530278000213,1,355030
76530278008893,0,420700
76530278009199,1,330455
76531581000150,1,411370
76535764032428,1,500270
76535764032851,1,520870
76535764032932,1,510340
76554757000199,0,410140
76562198000320,1,420910
76564624000101,1,410690
76564624000284,1,410690
76564624000446,1,410690
76567874000197,1,410690
76590884000143,1,420910
76596659000114,1,410690
76600188000170,0,410690
76610062000187,1,410420
76610062002392,1,412560
76612399000123,0,420540
76630573000241,1,410230
76630573000322,1,410420
76639384000159,1,410690
76639384000230,1,411370
76639384000310,1,411990
76639384000400,1,411520
76639384000582,1,410480
76639384000663,1,411850
76639384000744,1,410830
76639384000825,1,412820
76639384000906,1,410140
76639384001040,1,412810
76639384001120,1,411840
76639384001201,1,410430
76639384001392,1,410640
76639384001473,1,412410
76639384001554,1,410970
76639384001635,1,411820
76639384001716,1,410940
76639384001805,1,412140
76639384001988,1,411180
76639384002011,1,412770
76639384002100,1,410840
76639384002364,1,410550
76639384002445,1,412710
76639384002526,1,412550
76639384002607,1,410150
76639384002798,1,410490
76639384002879,1,411070
76639384003174,1,412230
76639384003255,1,411460
76639384003336,1,411150
76639384003417,1,411580
76650191000107,1,410690
76650522000109,1,411180
76657030000137,0,410580
76670215000181,1,410580
76678101000188,1,410690
76689470000176,0,410690
76693886000168,1,410690
76707728000110,1,410690
76777556000150,1,410480
76821982000144,1,421060
76863828000135,0,420320
76879170000150,0,411460
76879295000180,1,411460
76879295000260,1,411460
76879295000341,1,411460
76881093000172,1,410690
76891100000117,1,411990
76900463000171,1,410180
76900463000929,1,412550
76904192000122,1,412550
76953751000194,1,410690
77051985000109,0,410690
77069110000134,1,410180
77085892000103,1,410690
77118131000100,0,410480
77128882000280,1,410970
77135051000155,1,411990
77151322000166,1,412230
77152338000193,1,412550
77153260000121,1,410690
77153773000132,1,410180
77198794000174,1,412800
77198794000506,1,412800
77198794000760,1,412800
77198794001570,1,412800
77198794001731,1,412800
77198794001812,1,412800
77250777000139,1,410240
77250777000210,1,410240
77294254001590,0,510760
77294254001670,0,510760
77338424000195,1,411370
77338424002058,1,411370
77353662000170,1,411520
77375897000162,1,410690
77378701000193,1,412550
77384378000160,0,410690
77388007000157,1,412550
77469864000181,0,411370
77509511000168,1,420910
77574119000100,1,410690
77574119000526,1,410690
77595395000147,0,411580
77595395000228,0,411580
77595395000902,0,411560
77627610000144,1,410180
77635126000167,1,410690
77637684000161,0,410690
77742278000169,1,411990
77751055000168,0,411580
77752293000198,1,411580
77752293000279,1,412570
77752293000350,0,412350
77752293000430,1,411605
77752293000600,1,412570
77752293000783,1,411560
77752293000864,1,410715
77752293000945,1,411580
77752293001089,1,412570
77752293001160,0,410530
77752293001240,0,410530
77752293001402,0,412350
77752293001593,1,412635
77752293001836,1,412570
77752293001917,0,412350
77752293002050,1,411605
77752293002131,1,410715
77752293002301,0,410530
77752293002484,1,412635
77752293002565,1,412405
77752293002727,1,412405
77752293002808,1,412125
77752293002999,1,411605
77752293003022,1,411580
77752293003103,0,410530
77752293003294,1,412125
77752293003618,1,411560
77752293003707,1,411560
77752293003880,1,411095
77752293003960,1,411095
77752293004185,1,411580
77752293004266,0,412350
77752293004347,0,410530
77752293004428,1,411580
77752293004932,1,410715
77752293005238,1,411605
77752293005904,1,412405
77752293006048,1,411560
77752293006129,1,411095
77752293006200,0,421950
77752293006390,0,412350
77752293006552,1,412635
77752293006633,1,411095
77752293006803,1,412570
77752293006986,1,411095
77752293007010,0,412350
77752293007109,0,500124
77752293007281,0,412350
77752293007362,0,500124
77752293007443,0,500060
77752293007524,0,500430
77752293007605,1,411580
77752293007796,0,410530
77752293007877,0,500124
77752293007958,0,500060
77752293008091,1,410830
77752293008253,0,500124
77752293008504,0,500540
77752293008687,1,412570
77752293008768,0,500770
77752293009063,0,500540
77752293009144,0,500660
77752293009306,0,500090
77752293009497,0,500370
77752293009730,1,412635
77752293009810,0,500370
77752293010070,0,500660
77752293010150,0,500370
77752293010231,0,500790
77752293010312,0,500370
77752293010401,1,412570
77752293010584,1,412570
77752293010665,0,412350
77752293010746,0,412350
77753804000196,1,410690
77782332000108,1,411990
77824738000106,1,410690
77856995000111,1,411790
77856995000200,1,412740
77856995000383,1,411722
77856995000464,1,412770
77856995000626,1,411535
77856995000898,1,412770
77856995000979,1,410200
77856995001002,1,410880
77856995001193,1,410880
77856995001355,1,410200
77856995001436,1,410200
77856995001606,1,411535
77856995001789,1,410480
77856995001940,1,412740
77856995002165,1,410480
77856995002670,1,410480
77856995002912,1,410480
77856995003056,1,411790
77858611000108,1,420540
77863223001340,1,510622
77863223003807,1,510622
77863223004013,1,510622
77863223006652,1,500380
77863223007209,0,500370
77863223007977,0,500450
77863462000167,0,420690
77883189000132,1,410442
77884559000156,0,410940
77884559000237,0,410940
77884559000407,0,410940
77884559000580,0,410940
77884559000660,0,410940
77884559000741,0,410940
77884559000822,0,410940
77884559000903,0,410940
77884559001047,0,410940
77884559001128,0,410940
77884559001470,0,410940
77884559001551,0,410940
77887917000184,1,410940
77948750000114,1,410690
77964484000113,1,410690
77965077000120,1,410690
77986321000131,1,410690
77997187000921,1,410940
77997187001065,1,410830
78120573000146,0,410480
78141926000194,0,411070
78232485000136,1,412550
78367430000133,1,410690
78367521002031,1,410370
78372471000118,1,410690
78381613000103,1,410180
78381613001266,1,410180
78413325000274,0,410690
78413325000355,0,410690
78413325000517,0,410690
78416450000157,1,410690
78416450000238,1,412550
78416450000319,1,410690
78416450000580,1,410690
78416450000742,1,410690
78416450001129,1,410425
78453669000126,0,412550
78527645000174,0,420380
78527645000255,0,420380
78567328000181,1,410690
78571411000124,1,410180
78575511000129,0,410480
78588415000115,1,411370
78606332000101,1,421830
78606522000129,1,410690
78613841000161,1,411370
78614229000103,1,420820
78614971000119,1,411370
78614971000208,1,411370
78614971000380,1,411370
78626140000167,1,420540
78626983000163,1,350570
78641651000158,1,411370
78659661000110,1,420420
78674603000166,1,410480
78694908000130,1,412810
78712056000166,1,410690
78727179000170,1,410690
78738101000151,1,410690
78738101000232,1,410690
78738101000402,1,411820
78738101000828,1,410690
78755055000107,1,411915
78826567000109,0,420380
78827730000158,1,420320
78830700000109,1,420420
78836855000144,1,420910
78837218000192,1,421830
78855830000198,1,421320
78865656000164,1,421690
78876950005300,1,240325
78909389000180,1,411840
78945730000152,1,410690
78945730000314,1,410690
78945730000403,1,410690
78945730000667,1,410690
78956968000183,1,411420
78956968000426,1,411110
78956968000507,1,411480
78956968000698,1,412580
78956968000779,1,411550
78956968000850,1,411480
78956968000930,1,410320
78956968001074,1,411210
78956968001155,1,411310
78956968001236,1,411480
78956968001589,1,411420
78956968001660,1,520620
78956968001740,1,411420
78956968001902,1,520480
78956968002046,1,411480
78956968002127,1,410685
78956968002470,1,410380
78956968002550,1,411490
78956968002631,1,410760
78956968002712,1,410330
78956968003018,1,411420
78956968003107,1,412217
78956968003280,1,412265
78956968003360,1,411420
78956968003441,1,410140
78956968003522,1,410760
78956968003794,1,410685
78956968003875,1,411375
78956968004170,1,411250
78956968004251,1,411730
78956968004766,1,411420
78956968004847,1,411420
78956968004928,1,411420
78958717000642,0,330190
78977451000170,1,421580
79086419000168,0,410690
79086419000249,0,410690
79086419000320,0,410690
79086419000400,0,410690
79086419000591,0,410690
79086419000672,0,410690
79086419000753,0,410690
79086419000834,0,412550
79086419000915,0,410690
79086419001059,0,410420
79114450000165,0,411520
79114450000408,0,411520
79114450000599,0,411750
79114450000750,0,412530
79114450000831,0,411300
79114450000912,0,411520
79114450001056,0,410790
79114450001137,0,410730
79114450001480,0,411060
79114450001560,0,410050
79114450001722,0,411520
79114450002028,0,410780
79114450002370,0,411840
79114450002532,0,410550
79114450002613,0,411810
79114450002702,0,411520
79114450003008,0,411690
79114450003423,0,410220
79114450004071,0,411520
79114450004314,0,411800
79114450004403,0,412720
79114450004586,0,411240
79114450004748,0,412040
79114450006520,0,410140
79114450013305,0,412810
79114450013739,0,412790
79114450013810,0,411520
79114450014115,0,411160
79114450014891,0,412690
79114450015197,0,411520
79114450015278,0,410990
79114450015359,0,410660
79114450015510,0,410725
79114450015944,0,411840
79119871000189,0,410690
79124079000112,1,411520
79124079000201,1,411520
79124079000627,1,411520
79124079000708,1,411520
79124079000899,1,410480
79129383000152,1,411520
79142139000120,1,410690
79213591000135,1,410690
79218855000143,1,411990
79267860000146,1,421010
79271904000101,1,420140
79314712000135,1,420700
79322608000192,0,410690
79327649000171,1,412550
79356762000185,1,421620
79359485000164,1,420910
79360392000150,1,420910
79361127000196,1,420910
79361127000609,1,420910
79361127001168,1,420910
79361127001249,1,420910
79361127001320,1,420910
79370896000150,1,420910
79371027000140,1,420910
79372108000165,0,420240
79372108000246,0,421190
79372108000408,0,421580
79379491000345,1,410480
79379491000507,0,410690
79379491000779,0,410690
79379491001317,0,410690
79379491001740,0,410690
79386678000104,1,420910
79392007000156,0,420420
79399341000131,1,420820
79427589000169,0,420230
79500328000127,1,421120
79571659000158,0,411770
79571659000905,0,411770
79650339000193,1,421930
79655916000482,0,421870
79655916000806,1,315780
79655916002850,0,520110
79664314000149,1,420730
79669354000183,1,421740
79675823000177,1,421930
79690152000113,1,411840
79786794000110,0,410480
79799425000162,1,411520
79846341000132,0,421820
79863569000130,0,412480
79863569000483,0,412480
79863569001021,0,412480
79863569001102,0,412480
79863569003822,0,412480
79863569004209,0,412480
79872776000151,0,420420
79887576000172,1,420540
79897849000160,1,420910
79946141000151,0,421300
80006265000136,1,410690
80021959000142,0,410690
80072325000119,1,421740
80072630000100,1,420540
80150857000127,1,420540
80177215000111,1,410690
80183528000182,1,410690
80185705000160,1,411750
80224348000100,1,411990
80224348000282,1,411990
80224348001092,1,411140
80224348001920,1,411990
80224348002498,1,411770
80224348002579,1,411050
80227796003921,1,354260
80228687000156,1,411990
80228885000110,1,412796
80228885000543,1,412796
80229461000170,1,411990
80230774000148,1,410690
80230774000571,1,410150
80230774000652,1,411990
80230774000814,1,411710
80230774001110,1,411850
80241144000179,1,411990
80242258000133,1,411990
80254576000114,1,411990
80399488000100,1,410690
80402746000160,1,411790
80410343000163,0,420440
80410343000244,0,420440
80474042000101,1,421660
80486608000107,1,420910
80513021000140,1,410180
80539943000126,1,412000
80544885006402,0,510340
80583941000134,0,411370
80653975000158,1,421720
80727720000192,1,421130
80731037000129,1,421620
80731037000390,1,420820
80732928000108,1,420910
80736432000102,0,420420
80736614000175,1,420910
80739154000139,1,421660
80769904000115,1,410690
80788987000190,1,412550
80803802000179,1,410150
80803802000250,1,410150
80852874000106,1,412090
80878531000110,0,412770
80906779000148,0,412240
80906779001624,0,412240
80906779002604,0,412240
80935091000196,1,420910
80938434000176,1,420910
80959513000163,1,421320
80972078000107,1,421690
80972078000379,1,421690
80982044000101,1,420340
80986581000111,1,420910
81001026000156,0,420910
81024580000159,1,420910
81028870000170,1,421930
81031734000130,0,420910
81070617000185,0,410690
81071623000157,1,410690
81071623000408,1,431490
81082679000107,1,411990
81119315000154,0,410690
81130320000168,1,410690
81168809000129,1,420550
81264897000162,1,412580
81304727000245,1,411940
81304727000750,1,420360
81304727000911,0,412550
81315426000136,1,421580
81315426000489,1,421580
81326258000184,1,420540
81326258000346,1,420540
81326258000427,1,420540
81326258000508,1,420540
81326258000699,1,420540
81326258001237,1,420540
81326258001318,1,420540
81351553000190,1,420690
81384752000286,1,420420
81384752000448,1,420420
81516429000138,1,510590
81547044000138,1,421620
81670085000117,1,410690
81676009000542,1,410690
81708497000107,0,410690
81716144000140,1,411820
81716144000655,1,410690
81763880000150,0,411370
81777203000190,1,355030
81777203002487,1,421660
81786121000102,1,421730
82022427000155,1,412550
82054701000178,1,410690
82061425000175,1,410580
82073040000128,0,410690
82088584000163,1,420140
82088584000244,1,420140
82096124000187,0,421580
82097080000100,0,421220
82099029000137,1,420910
82134073000130,1,421190
82134073000211,1,421190
82184821000190,1,420910
82312638000122,0,410690
82339839000466,1,353440
82353079000107,1,411520
82415910000108,1,411460
82446394000170,1,410690
82471608000169,1,410690
82472481000100,1,410690
82490434000181,1,410480
82490434000343,1,410480
82508433000117,1,420540
82508433000460,1,420540
82508433000621,1,420460
82508433000974,1,420420
82508433001008,1,421950
82508433001350,1,420310
82508433001431,1,421010
82508433001512,1,420380
82508433001865,1,420850
82508433001946,1,420690
82508433002080,1,420280
82508433002160,1,421720
82508433002241,1,420500
82508433002322,1,420080
82508433002403,1,420230
82508433002594,1,420430
82508433002675,1,420570
82508433002918,1,420960
82508433003051,1,421120
82508433003132,1,421100
82508433003213,1,421160
82508433003302,1,421570
82508433003485,1,421650
82508433003566,1,421890
82508433003647,1,421970
82508433003728,1,420300
82508433003809,1,420480
82508433003990,1,420100
82508433004104,1,420750
82508433004295,1,421280
82508433004376,1,420250
82508433004619,1,420630
82508433005003,1,421600
82508433005186,1,421780
82508433005267,1,420940
82508433005348,1,421590
82508433005429,1,420270
82508433005500,1,420740
82508433005690,1,420170
82508433005771,1,420160
82508433005852,1,420400
82508433005933,1,420340
82508433006077,1,421330
82508433006158,1,421550
82508433006239,1,420070
82508433006310,1,421680
82508433006409,1,420790
82508433006581,1,420970
82508433006662,1,421340
82508433006743,1,420040
82508433006824,1,421910
82508433006905,1,421210
82508433007049,1,420120
82508433007120,1,421790
82508433007200,1,421520
82508433007391,1,421090
82508433007472,1,420640
82508433007553,1,420150
82508433007715,1,421480
82508433007804,1,421930
82508433007987,1,421540
82508433008100,1,420680
82508433008282,1,421300
82508433008525,1,420710
82508433008606,1,421710
82508433008878,1,421440
82508433009092,1,421290
82508433009173,1,420010
82508433009254,1,420440
82508433009335,1,421610
82508433009416,1,420470
82508433009688,1,420260
82508433009840,1,421750
82508433009920,1,421050
82508433010007,1,420800
82508433010180,1,420660
82508433010260,1,421460
82508433010341,1,420780
82508433010422,1,421920
82508433010694,1,421530
82508433010775,1,421370
82508433010856,1,420350
82508433010937,1,420410
82508433011070,1,420455
82508433011151,1,420770
82508433011232,1,421140
82508433011313,1,421175
82508433011402,1,421420
82508433011585,1,421490
82508433011666,1,421760
82508433011747,1,421880
82508433011828,1,421840
82508433011909,1,421430
82508433012204,1,421110
82508433012395,1,421690
82508433012476,1,420980
82508433012557,1,421450
82508433012638,1,420990
82508433012719,1,420920
82508433012808,1,420490
82508433012980,1,420530
82508433013014,1,420560
82508433013103,1,421260
82508433013286,1,421200
82508433013367,1,421390
82508433013448,1,420020
82508433013529,1,421860
82508433013600,1,420125
82508433013790,1,420950
82508433014096,1,420510
82508433014177,1,421470
82508433014258,1,420220
82508433014410,1,420757
82508433014509,1,421917
82508433014681,1,421917
82508433015068,1,420520
82508433015149,1,420860
82508433015220,1,421000
82508433015572,1,420810
82508433015653,1,421640
82508433015815,1,421335
82508433016030,1,421660
82508433016110,1,420540
82508433016382,1,421040
82508433016625,1,420985
82508433017273,1,421030
82508433017354,1,421020
82508433017516,1,421850
82508433017605,1,421270
82508433017869,1,420130
82508433018164,1,420415
82508433018245,1,421310
82508433018326,1,420765
82508433018407,1,421507
82508433018598,1,421055
82508433018679,1,420775
82508433018830,1,421560
82508433019217,1,421605
82508433019306,1,420515
82508433019802,1,420205
82508433020061,1,421825
82508433020142,1,420545
82508433020223,1,420675
82508433020495,1,420315
82508433020657,1,420030
82508433020738,1,421935
82508433020819,1,421205
82508433020908,1,421189
82508433021386,1,421225
82508433021548,1,420325
82510504000116,1,420540
82511825000135,1,420540
82514472000127,0,420540
82515859000106,1,420540
82516949000103,0,421660
82516949000880,0,421660
82576588000190,1,421630
82584764000136,1,421870
82602327000106,1,420910
82602327000360,1,420910
82602608000150,1,420910
82604042000287,0,351880
82604760000172,1,420910
82607847000101,1,420910
82610726000100,1,420910
82637174000124,0,410690
82638644000174,1,431680
82638644000689,1,421040
82638644004161,1,421480
82638644006610,1,412230
82641986000143,1,420240
82645862000640,1,420460
82647165000890,1,420690
82647884000216,1,420910
82647884000569,1,420240
82647884000640,1,420820
82647884001026,1,420240
82647884001107,1,420200
82647884001379,1,420890
82647884001530,1,420910
82647884002260,1,420820
82647884002340,1,421010
82647884002421,0,420460
82647884002774,1,421480
82647884003401,1,420930
82647884003584,1,421480
82647884005013,1,420290
82648742000192,0,421400
82659285000131,1,420240
82664327000122,1,420240
82666330000185,1,420240
82721770000198,1,421620
82729500000123,1,420380
82739459000176,1,420890
82739772000104,1,420890
82743287000880,1,355240
82743832000162,1,420420
82743832000243,1,420665
82755232000114,1,420740
82770033000185,1,421580
82790122000193,1,421870
82804642000108,1,420420
82804642000531,1,420420
82809088000151,0,421210
82809088000232,0,421210
82829102000189,1,421930
82901000000127,1,421660
82901000001522,1,130260
82945932000171,1,421690
82956996000178,1,420540
82974643000109,1,421190
82988858000170,1,420290
82988858000332,0,420550
82994302000197,1,421120
83011247000130,0,421850
83011247000726,0,421790
83011247001021,0,420420
83011247002346,0,421850
83044016000123,1,421660
83044016000204,1,421190
83044016000395,1,421660
83044016000808,1,420260
83044016000980,1,410940
83044016001367,1,420260
83044016001448,1,410430
83044016001529,1,420810
83054395000132,1,420300
83054395000566,0,420420
83054395000647,1,420900
83054395001023,1,420480
83054395001376,1,421360
83054395001538,1,420380
83054395001880,1,421010
83054395002500,1,421360
83054395002852,1,421720
83054395003158,0,420430
83054395003662,1,421480
83054395004049,1,420300
83054395004120,1,420200
83054395004391,1,420930
83054395005606,1,420930
83054395005959,1,420240
83054395006173,1,421720
83054395006840,1,420900
83054395007145,1,420500
83054395007900,1,420910
83054395010103,0,420420
83054395010600,1,420830
83054395010790,1,431750
83056804000210,1,430460
83056960000109,1,420300
83060327000186,0,420300
83076315000140,1,421310
83108035000176,1,420910
83109108000144,1,420450
83131995000157,1,420590
83131995000238,1,420240
83157628000203,1,421105
83188110000156,1,420380
83188276000172,1,420380
83188474000136,1,420380
83189308000154,1,420380
83189662000189,1,420380
83192807000109,1,420380
83226506001201,1,420780
83226506002003,1,421260
83226506002194,1,421310
83226506002860,1,420430
83286500000169,1,420460
83286500000240,1,421900
83286500000835,1,421900
83286500001300,1,420460
83286500001483,1,421760
83305235000119,1,420420
83305235000208,1,420420
83305235000380,1,420420
83305235000704,0,421140
83305235001786,1,420517
83305235002243,1,420420
83305235002405,1,421970
83305235002758,1,420445
83305235003053,1,421010
83305235003215,1,421185
83305235003304,1,421055
83305235003568,1,420253
83305235003649,1,421200
83305235004297,1,420945
83305235004530,1,420420
83305235004610,1,421950
83305235004700,1,421970
83305235004963,1,421520
83305235005420,1,421970
83305235005501,0,421140
83305235005854,1,420768
83305235005935,1,420420
83305235006079,1,421610
83305235006150,1,421610
83305235006311,0,421187
83305235006400,1,420420
83305235006745,1,421970
83305235006826,1,421575
83305235007040,1,420420
83305235007202,1,420350
83305235007474,1,421690
83305235007636,1,420420
83305235007806,1,420420
83305235008101,1,420350
83305235008284,1,421720
83305235008365,1,421720
83305235008446,1,420640
83305235008527,1,421670
83305235008608,1,421670
83305235008799,1,420660
83305235008870,1,420660
83305235008950,1,420080
83305235009094,1,421520
83305235009175,1,421223
83305235009256,1,421200
83305235009418,1,421200
83305235009507,1,420253
83305235009760,1,420010
83305235009841,1,420810
83305235009922,1,420768
83305235010009,1,420380
83305235010181,1,420213
83305235010262,1,420380
83305235010343,1,420380
83305235010424,1,420790
83305235010505,0,421360
83305235010696,0,421360
83305235010858,1,420790
83305235010939,1,420213
83305235011072,0,421360
83305235011153,1,421690
83305235011234,1,421690
83305235011315,1,421690
83305235011587,1,421690
83305235011668,1,421220
83305235011749,1,421030
83305235011820,1,421200
83305235011900,1,421010
83305235012044,1,420420
83305235012125,1,421220
83305235012206,1,420010
83305235012397,1,420810
83305235012800,1,421165
83305235012982,1,421670
83305235013016,1,420420
83310441001008,0,421720
83310441001601,0,421050
83310441002594,1,421420
83310441002918,1,421290
83310441004104,1,430700
83310441004295,1,430700
83310441004376,1,430700
83310441004457,0,430090
83310441004880,1,412550
83314930000147,0,420420
83314930000651,0,420420
83314930004304,0,420420
83323972000144,1,150140
83353912000174,1,150140
83353912000336,1,150810
83367326000502,1,130260
83367326001150,1,130260
83367326003528,1,130260
83367326003609,1,130260
83367326004176,1,130260
83367326004257,1,130260
83367326004338,1,130260
83367326004842,1,130260
83367326009135,1,130260
83367326010907,1,130260
83367326011032,1,130260
83411843000108,1,421003
83456244000100,1,420280
83476911000117,1,420540
83477901000104,1,420540
83491985000122,1,410690
83493973000137,1,421320
83506030000959,0,411990
83564443000132,1,420540
83577262000140,1,420430
83580423000155,1,150140
83598748000165,1,420540
83626887000155,1,420380
83636019000156,1,420910
83636019000822,1,420910
83645259000117,1,421580
83645259000460,1,421470
83645259000540,1,421820
83647750000187,0,421120
83649434000225,1,421870
83649434000578,1,421870
83664979000120,1,420460
83675413000101,0,421660
83675413000284,1,420420
83701680000106,0,420430
83714428000123,1,421660
83729004000302,1,420460
83744938000143,0,420910
83754234005200,1,211130
83754234005382,1,211130
83754234005463,1,211130
83754234005625,1,211130
83754234006001,1,211130
83754234006605,1,211130
83754234006788,1,211130
83754234006869,1,210530
83754234006940,1,210005
83754234007245,1,210530
83754234010629,1,211130
83754234010700,1,210530
83754234010890,1,210300
83754234010971,1,211220
83754234011439,1,211130
83754234011510,1,210530
83754234012087,1,211130
83754234012249,1,210990
83754234012400,1,211130
83754986000112,1,421605
83754986000201,1,421605
83767053000160,1,150140
83797936000112,1,420910
83802215000153,1,421190
83813139000181,1,421660
83813345000191,1,420540
83834101000195,0,421200
83834101001167,0,421200
83834101001671,0,421200
83835710000169,1,150140
83843912000152,1,420540
83846600000100,1,421190
83863472000103,1,420140
83863472000286,1,420140
83872549000101,0,421660
83874628000143,1,420540
83883306000403,1,420910
83883710000134,1,420540
83896068000128,1,420540
83900902000101,0,420540
83900969000146,1,420540
83901298000138,1,420540
83914598000151,1,150080
83916643000107,1,150140
83930198000130,1,420540
83932699000155,0,420540
83932731000100,1,420540
83934067000120,1,150553
83934323000180,1,420540
83936658000137,1,420540
83942235000120,1,420460
83942235000200,1,420960
83942235000391,1,421900
84010040000708,1,250180
84010040000880,0,130260
84010040001003,0,130260
84010040001429,0,150680
84010040001500,0,130260
84010040001933,0,130260
84046101000193,1,420590
84046101001670,1,510760
84046101001912,0,500370
84046101002722,0,431830
84046101003028,1,420590
84046101004938,0,290320
84046101005748,1,521250
84046101005900,0,290930
84046101006043,0,292890
84046101012876,0,510525
84046101014305,1,520800
84046101022677,0,292620
84046101022839,0,290320
84046101023487,1,510704
84046101024700,1,510760
84046101026150,0,292890
84046101026311,1,520620
84046101028101,1,411820
84046101028284,1,411820
84046101028446,1,411990
84046101028527,0,291110
84046101028950,0,290320
84046101030181,0,431560
84046101034098,0,310350
84046101037003,1,411990
84046101039308,0,292620
84046101039561,1,221120
84046101040144,0,431410
84046101041035,1,221120
84046101041116,0,291110
84107697000194,0,130260
84124361000130,0,130260
84127208000166,0,130260
84228782000100,0,420750
84229889000173,0,420125
84290329000124,1,420820
84297217000103,1,420820
84297217000448,1,420830
84300540000180,0,420820
84300540001900,0,355030
84429869000308,1,420240
84430800000132,1,431140
84430800001104,1,430100
84430800001376,1,430100
84430800001708,1,431140
84433275002233,0,420420
84435874000161,1,420890
84438209000121,1,420890
84449529000187,1,130250
84466424000136,1,130260
84467307000197,0,130260
84467307000510,0,130260
84467307000863,0,130260
84475102000153,1,130260
84475102000234,1,130260
84479351000117,0,130260
84496033000164,0,130260
84496066000295,1,350950
84496066000708,1,350950
84512037000199,1,130260
84556737000185,0,110020
84584994000120,1,420900
84584994000201,1,420900
84590892000380,0,110020
84590900000126,1,420900
84590900010784,1,420420
84601913000153,1,110025
84629146000352,1,110028
84634385000139,0,110012
84683408000103,1,420910
84683408000286,1,420910
84683408000367,1,420910
84683556000110,1,420910
84683762000120,1,420910
84683887000150,1,420910
84683887000230,1,420910
84684455000163,1,420910
84684455001216,1,260520
84684455006951,1,420910
84684455007176,1,354390
84684620000187,1,420910
84685056000117,1,420910
84685338000114,1,420910
84689413000115,0,420910
84693183000168,1,420910
84694405000167,1,420910
84695295000662,1,420890
84695295000905,1,420820
84697051000104,1,420910
84703289000103,1,420910
84704295000177,1,420910
84706431000168,1,110007
84713189000150,1,420910
84713478000159,1,420910
84718451000159,1,420910
84718683000107,1,420910
84718741000100,1,110012
84874726001204,0,350520
84874726002006,1,420985
84874726003169,0,350520
84935402000178,1,420930
84950724000196,1,420930
85031995000100,1,411370
85041333000111,1,410120
85070068000108,0,411520
85094951000120,1,410550
85129518000182,1,421010
85199578000171,1,420420
85218337000122,0,420540
85226611000105,1,420540
85236743000118,1,420540
85248920000186,1,421830
85248987000110,1,421250
85283299000191,0,420420
85283299000272,0,420420
85283299000353,0,420420
85283299000434,0,420420
85319317000148,0,420730
85333144000112,1,420890
85333144000708,1,420890
85355592000117,1,421100
85446953000130,1,421310
85459857000127,1,421320
85459857000399,1,420240
85460079000196,1,421320
85461739000153,1,421320
85522043000270,1,411370
85667947000103,1,420870
85667947000375,1,420870
85667947000618,1,420870
85667947001002,1,420870
85667947001509,1,420870
85775633000124,1,421480
85776342000150,1,421480
85777555000105,0,421480
85778595000163,1,421480
85778595001135,1,420030
85789782000142,1,421480
85789782000304,1,420510
85789782000495,1,420850
85789782000738,1,420690
85789782000908,1,420990
85789782001114,1,421270
85789782001203,1,421370
85789782001386,1,421400
85789782001467,1,421400
85789782001548,1,421460
85789782001629,1,421940
85789782001700,1,420180
85789782001971,1,420690
85789782002358,1,420030
85789782002862,1,421530
85789782005020,1,421270
85789782005616,1,421460
85789782005705,1,421400
85789782006000,1,421480
85789782006264,1,421370
85789782006426,1,420190
85789782007155,1,420850
85789782007317,1,421780
85789782007589,1,421460
86046448000161,1,421580
86046562000191,1,421580
86046612000130,1,421580
86046612001102,1,421580
86046612001293,1,421580
86046612001374,1,421580
86046612001706,1,421580
86047388000100,1,421580
86108263000134,0,421600
86183449000158,1,410180
86183449000581,1,353180
86183449000662,1,430460
86224458000140,1,421970
86243623000100,1,421720
86250370000100,1,510590
86375011000171,1,421820
86375078000106,1,421820
86375425000109,0,421820
86375912000163,0,421820
86376217000116,0,421820
86379567000136,1,421820
86404233000175,0,313670
86428893000196,1,421870
86431749000109,1,421870
86431749000885,0,420460
86439494000120,1,421870
86439494000201,1,421870
86439494000554,1,421870
86439494000716,1,421870
86444791000164,0,421870
86445822000444,1,311450
86512647000118,1,421880
86512647000622,1,421880
86512647000975,1,421880
86512647001432,1,421880
86512647002595,1,421880
86512647002838,1,421880
86512647002919,1,421880
86527934000100,0,315960
86530342000139,0,310400
86531175000140,1,421900
86547668000179,1,421930
86548088000104,1,421930
86548724000190,1,421930
86548724000270,1,420550
86548724000947,0,421895
86549425000331,1,150140
86554557000190,1,317020
86554946000115,1,421930
86561602000133,1,314290
86603024000150,1,310400
86610706000190,1,314800
86685245000115,1,411520
86724580000185,1,355030
86733102000131,0,350950
86762622000172,1,230440
86814555000192,1,410690
86819323000127,1,520870
86846847000611,0,410690
86865250000100,1,220800
86895505000187,1,510480
87018768000847,0,430600
87025748000127,1,431140
87070843000142,1,431490
87102810001028,1,412090
87102810001451,1,412090
87112736000130,1,431490
87133765000188,0,431490
87190161000173,1,431340
87230553000119,1,430770
87248522000276,1,431490
87248522000357,1,430460
87262580000173,1,430680
87296026014086,0,431890
87300448000109,1,431140
87300448000370,1,431140
87380820000134,1,431490
87456562001790,1,260790
87547428000218,1,355030
87548020000180,1,431490
87548020000260,1,430460
87638334000173,0,430700
87638334000254,0,430700
87638334000416,0,430700
87638334000505,0,430700
87638334000688,0,430700
87638334000769,0,430700
87647756000105,0,431020
87647756000296,0,431020
87647756000377,0,431020
87649521000152,1,430807
87700746000196,0,500660
87700746000277,0,500660
87700746001249,0,510760
87701249000102,1,431750
87819918000145,1,430510
87819918000579,1,431900
87827689000100,1,430510
87827689000372,1,430790
87827689000453,1,430210
87827689000534,1,430860
87827689000615,1,430820
87827689000887,1,430510
87827689000968,1,430790
87827689001000,1,430510
87827689001182,1,430790
87827689001506,1,430210
87827689001697,1,431320
87827689001778,1,431900
87827689001859,1,430080
87827689001930,1,430480
87827689002073,1,430510
87827689002316,1,430510
87827689002405,1,430510
87827689002588,1,430510
87827689002669,1,430510
87827689002820,1,430510
87827689002901,1,430510
87827689003045,1,430510
87833737000173,1,430510
88008057000188,1,431490
88028873000153,1,352590
88028873000668,1,352400
88048459000106,1,430680
88113477000124,1,430510
88113477000639,1,430510
88270863000120,1,431180
88301155002152,1,150140
88301155002900,0,150680
88332580000165,0,430460
88332580000327,0,430460
88332580000408,0,430460
88332580000599,0,430460
88332580000670,0,430460
88332580000750,0,430460
88332580001056,0,432000
88332580001307,0,430310
88332580003008,0,431490
88332580003261,0,430460
88332580003857,0,432150
88332580004071,0,430930
88332580004152,0,430930
88332580004314,0,431840
88332580004403,0,430920
88332580004586,0,430420
88332580004667,0,430300
88332580004748,0,430300
88332580006287,0,431690
88332580006791,0,430470
88332580008069,0,431490
88332580009111,0,430460
88337043000108,1,421840
88370945000146,1,411990
88382049000105,1,431710
88446034000155,0,430470
88610555000104,0,430510
88614938000142,1,430510
88617733000110,1,430510
88622394000160,1,430510
88645403000139,1,430510
88645403000562,1,430510
88645403001372,1,430510
88645403002425,1,430510
88645403002506,1,430510
88647896000308,1,430360
88766936000179,1,430510
88938329000149,0,355030
89003941000192,1,430330
89009963000160,1,431490
89011456000241,0,430440
89032270000198,1,432200
89305239000183,1,430680
89305239002470,1,430100
89305239005657,1,430680
89350011000105,1,430990
89386569000140,1,431240
89408892000178,1,431490
89424824000100,0,430700
89424824002812,0,430700
89424824002901,0,430700
89424824003380,0,430700
89424824004947,0,430700
89424824006052,0,430700
89428734001747,1,430870
89428825000115,0,430700
89548523000180,1,431870
89548523000261,1,420820
89621080000530,1,430770
89637490013204,1,420820
89637490015177,1,310670
89674782001049,0,520510
89674782001200,1,431240
89716179000191,0,430760
89723837000172,1,430770
89723837000504,1,430770
89724447000117,1,430770
89729156000464,1,411990
89738173000115,1,430770
89738553000150,1,430770
89774160000100,0,432145
89774160000606,0,432145
89774160002579,0,432145
89774160003389,0,432145
89774160003460,0,432145
89774160004946,0,432145
89774160005675,0,432145
89774160005918,0,432145
89850341000160,1,231290
89850341001646,0,230420
89890792000120,1,431413
89938500000778,1,432000
89964605000106,1,430510
90041732000112,0,432090
90058082000118,1,431680
90073610000108,1,431180
90116294000104,1,430980
90195892002160,1,317010
90272337000140,1,431480
90272337000736,1,520510
90341447000117,1,431140
90467424000153,1,430510
90573130000106,1,432130
90616277000136,1,431710
90619255000120,1,430490
90726506000175,0,431020
90726506000256,0,431780
90726506001490,0,431780
90726506001570,0,430020
90726506001651,0,431020
90726506001732,0,432140
90726506001902,0,431020
90726506002208,0,431115
90726506002380,0,430540
90726506002461,0,430590
90726506002623,0,432140
90726506002895,0,430020
90726506002976,0,430150
90726506004243,0,431780
90726506004596,0,432140
90726506005304,0,431115
90726506005487,0,430540
90726506005649,0,431020
90726506006297,0,430150
90726506008230,0,430590
90726506010995,1,431890
90726506012181,0,430587
90726506012939,0,431333
90726506014206,0,432140
90778234000157,1,431180
90778234000319,1,431180
90890427000103,1,431490
90971045000104,1,430460
91108027000158,0,430510
91156471000572,1,430300
91156471003245,1,430300
91158253000143,1,431140
91235549000110,0,431490
91235549000978,1,431750
91235549001192,1,420120
91235549001273,0,420240
91235549001354,0,420420
91235549001516,0,420910
91235549001869,1,421660
91235549002407,0,431490
91289603000615,0,421190
91359281000129,1,431240
91360420000134,0,430955
91360420000215,0,431861
91360420000720,0,430955
91360420000991,0,431650
91374561007461,0,500240
91399964000100,0,430930
91455303000154,1,432090
91501783000495,1,432250
91501783000819,1,432250
91589507000188,1,431320
91589507000269,1,431320
91589507000935,1,431320
91589507001079,1,431320
91589507001311,1,431320
91683474000130,0,431340
91693531000162,1,431340
91704981000103,1,430100
92016484000266,1,431750
92034321000125,1,431410
92088509000156,1,430390
92091669000154,1,431240
92195692000784,1,261160
92215763000763,1,261160
92238914000103,1,431440
92238914000294,1,431440
92238914000960,1,431440
92251354000801,1,310620
92294404000153,0,430040
92307727000134,0,430040
92336197000152,1,431303
92396134000191,1,431490
92475250000520,1,421580
92630748000277,1,432240
92660604001154,1,320500
92660604002800,1,260960
92660604011893,0,510760
92667344000177,1,432000
92667948001357,1,420900
92678440001516,1,430990
92741990002342,1,430460
92741990003829,1,430460
92741990004043,1,430460
92741990004639,1,430460
92754738004079,1,351880
92768506000163,1,431490
92783174000196,1,430460
92787175000109,0,431490
92797901000174,0,431490
92821701000100,1,431490
92821701000533,1,431490
92821701001939,1,431490
92821701005683,1,431490
92821701005926,1,431490
92828953000160,1,431490
92902725000193,0,430700
92913524000191,1,431710
92928845000160,0,430610
92951623000168,1,432200
92959006000613,1,431870
92959006000885,1,431870
92959006001008,1,431870
92959006003981,1,431870
92959006004015,1,431870
92964634000182,0,431490
92982255000115,1,431490
93012987000145,1,431490
93015006001608,0,431410
93015006002914,0,431410
93016004000149,0,431640
93017325000168,0,510340
93110872000274,1,430930
93117125000187,0,430680
93139699000156,0,432090
93209765030610,0,260790
93209765034798,0,260960
93262616000111,0,430270
93273860000422,1,510675
93586303000119,0,431240
93586303000208,0,431240
93586303000380,0,431861
93586303000542,0,431240
93586303000623,0,432200
93793842000129,1,430510
93822500000190,0,431560
93989127000166,0,432090
94041845000179,1,432240
94041845000250,1,432240
94201324000131,1,432090
94204179000142,1,432240
94331865000184,1,432090
94343621000111,1,432240
94428422000106,1,432200
94479532000105,1,431800
94551850000121,1,430210
94789468000150,1,432250
94854908000459,1,420730
94854908000963,1,420730
95146627000161,1,431303
95283693000345,1,420820
95322814000159,1,431660
95376133000254,1,411370
95398368000166,1,411370
95400917000190,1,410690
95422697000103,1,431680
95762852000122,1,421010
95764155000100,1,421120
95815635000153,1,421250
95816963000506,0,410690
95816963002703,0,412550
96176813000106,1,354060
96178405000355,1,354850
96203302000136,1,431750
96203302000802,1,431750
96203302001450,1,430950
96203302002341,1,430950
96203302002694,1,430693
96203302004557,1,431750
96203302004808,1,431937
96203302005014,1,431217
96203302005286,1,431750
96203302005367,1,431750
96203302005790,1,430693
96203302006096,1,431937
96203302006177,1,431915
96203302006410,1,430330
96203302006843,1,430693
96206313000170,1,351880
96206313000684,1,351880
96260633000108,1,354210
96261607000102,1,350650
96313689000183,1,351570
96319173000146,1,355650
96339569000155,1,352530
96348677000194,1,355030
96472428000106,0,352900
96484829000186,0,354990
96499728000189,1,350950
96502968000195,1,353870
96507991000172,0,352690
96513486000130,0,354780
96534094000239,0,330455
96534094000662,0,410690
96534094002282,0,330455
96593322000160,1,431830
96598487000125,1,350600
96682224000108,1,351620
96739701000116,1,292740
96754734000135,1,431870
97078463000108,0,431890
97078463000370,1,430250
97078463000450,1,431770
97078463000531,1,431920
97078463000701,1,431770
97078463001180,0,430635
97078463001260,0,431890
97078463001341,0,431890
97078463002666,1,431455
97078463003395,0,431890
97078463003808,0,431890
97078463004014,0,431890
97078463004600,1,430250
97078463004790,0,431890
97078463004871,0,431890
97078463004952,0,431890
97078463005096,0,431890
97191902000194,0,431950
97191902000518,0,431950
97191902000860,0,431950
97388490000187,1,291072
97502322000170,0,430700
97514855000172,1,520110
97748958000873,1,431490
97748958001098,1,431490
97748958001179,1,431490
97755177001020,0,432145
97755607000113,1,432120
97755607000466,1,431990
97755607000628,1,430440
97837181001119,1,317010
97837181001542,1,432130
98102924003380,0,431890
98248644000440,0,430673
98248644000955,1,431041
98248644001099,0,432180
98248644001170,0,431040
98248644001412,0,431040
98248644001501,1,431750
98248644001765,0,432210
98248644001846,0,431790
98408610000123,1,432240
98408610000204,1,432240
98597917000110,0,432260
