a,b,weight
313170,315780,1761
351880,355030,611
410690,412550,482
310620,315780,424
150140,150553,377
260960,261160,357
354780,354870,352
240120,240140,350
310620,311860,331
355030,530010,323
260790,261160,306
351380,354870,295
330170,330455,283
354870,355030,274
353440,355030,250
350570,355030,237
260190,260790,230
250300,251120,226
351350,354850,220
310670,311860,209
310620,330455,201
251120,260360,198
354850,355100,195
330455,330630,194
354870,354880,193
320530,330455,187
410180,410690,179
330455,530010,178
320500,320530,177
310620,310670,168
330350,330455,168
320520,320530,148
150140,355670,145
354780,354880,132
330330,330455,129
330455,355030,127
350950,355030,127
150140,150680,124
350620,355630,124
420540,421660,122
520870,530010,119
353070,353080,119
150553,315780,119
351210,352930,117
352940,354780,117
350950,355240,114
250890,251370,114
352940,354870,114
330240,330455,114
150553,211130,113
500600,500720,109
310620,313170,106
411560,411580,105
313170,320530,105
310620,320530,105
351870,354850,103
354780,355030,98
330455,330510,95
352260,354970,93
350950,352050,92
500540,500720,92
261070,261160,90
350950,352590,90
520140,520870,90
150553,310620,89
354850,355030,88
410180,412550,85
150080,150140,85
211130,320530,85
315780,330455,84
330630,354780,84
431440,431560,83
350950,351907,83
354880,355030,82
313670,330455,81
150543,150553,81
260190,260960,79
520110,520870,79
420890,420910,79
250400,250750,78
313170,314000,75
311780,315960,75
317010,317020,74
311830,313170,71
355220,355700,70
330330,330490,70
230440,230765,70
250300,260360,69
352590,355030,69
351030,352930,69
260720,261160,67
310620,530010,66
313170,330455,66
330100,330455,65
150553,313170,65
352590,352730,65
211130,330455,65
353060,355030,64
350950,352470,63
352390,355220,62
410690,530010,62
261160,530010,62
260290,261160,62
260720,261420,61
350950,353870,60
330200,330455,59
350950,355620,59
410580,410690,58
330455,330490,58
351380,354780,58
430460,431490,58
353190,355170,57
420820,421130,57
352740,353600,56
354100,355100,55
310620,313670,54
313670,355030,54
354870,355410,53
310620,314480,53
350950,354870,52
430460,431340,52
431340,431870,51
350950,355670,51
352440,354990,51
240140,250890,50
260960,261070,50
354100,354850,50
431340,431490,49
260790,260960,49
330225,330455,49
290570,292740,48
320130,320530,48
351620,354340,48
351500,355030,48
350950,353650,48
310620,316720,47
510340,510840,47
150543,310620,47
410690,411370,47
292740,530010,47
500270,520870,47
354330,354870,47
130260,150140,46
310620,314330,46
315780,320530,46
250750,261160,46
230440,530010,46
310670,315780,46
350850,354990,46
330040,330630,45
350950,354970,45
354880,354990,44
310620,317020,44
411370,411520,44
430920,431490,44
520320,521460,43
351350,354780,43
350160,350950,43
355030,355280,43
410690,411990,43
420650,420890,43
150553,330455,43
355030,410690,42
250180,250750,42
412080,412550,41
410345,411670,41
351200,353390,41
330045,330350,41
520870,522140,41
353060,355250,40
352450,354980,40
350960,352590,40
110020,130260,39
410690,421660,39
354340,355170,39
420910,421620,39
292740,293070,39
420240,421320,38
350600,355030,38
420420,420665,38
352940,354880,38
420670,420900,38
330170,330350,38
250750,251370,38
410690,420910,38
351380,354880,37
270030,270430,37
351380,355030,36
260410,261160,36
291920,292740,36
500270,500370,36
431490,530010,36
291072,292530,36
353020,500230,36
350750,355010,36
330414,330455,36
330420,330630,36
410690,411520,36
351190,354180,35
261160,261370,35
410480,410830,35
353870,354400,35
350160,353340,35
430460,431870,35
230440,240810,35
330170,330510,35
280030,292740,35
350320,352930,35
520110,530010,35
351907,355240,34
410480,410690,34
250400,251400,34
420120,421660,34
110020,260720,34
411885,412680,34
410750,412580,34
510340,510760,34
354780,410180,34
312770,313130,34
410690,412080,34
355030,355250,34
355030,355220,34
211130,310620,34
150140,160030,34
260345,261160,33
261420,270730,33
350950,352690,33
354990,355410,33
261110,261390,33
130260,530010,33
352050,354870,33
410345,410480,33
411155,412810,33
230370,230440,32
315250,315960,32
290650,292740,32
240800,240810,32
352590,355670,32
410150,411370,31
354330,354780,31
291480,293330,31
350600,352900,31
410140,411370,31
315770,317010,30
420550,421930,30
210530,211130,30
250320,250750,30
320130,320520,30
431490,431870,30
430210,430510,30
412680,500600,30
354880,355220,30
330320,330350,29
330330,330390,29
420240,420820,29
350320,354340,29
311530,313670,29
352590,355650,29
430460,430920,29
431410,431490,29
431490,431690,29
350530,355010,29
350390,351880,29
351300,355030,28
351350,355100,28
261160,270430,28
320500,320520,28
350950,530010,28
260190,261160,28
330100,330240,28
350720,353550,28
291080,292740,28
353390,355340,28
310350,317020,27
280030,280570,27
352940,354330,27
211130,221100,27
351518,353070,27
410690,420540,27
410480,412770,27
351110,354980,27
350840,352590,27
410420,410690,27
353390,355190,27
351060,355030,27
250460,250750,27
353190,354940,27
430310,431490,26
313170,314590,26
291360,291480,26
240325,240810,26
411370,412240,26
355030,355670,26
350115,355220,26
260410,261110,26
230428,230440,25
330455,410690,25
310160,315180,25
330010,330330,25
260410,260600,25
330070,330455,25
330070,330520,25
522185,530010,25
420240,420890,25
500270,530010,25
354870,412550,25
420540,421190,25
352900,354000,25
354990,355030,25
353340,355240,25
510340,530010,25
313670,313840,24
420890,421580,24
350950,355220,24
353600,354140,24
350950,410690,24
353360,354940,24
320150,320530,24
330340,330455,24
420230,420540,24
320120,320530,24
420460,421870,24
351350,351870,24
311860,315780,24
350950,354580,24
350950,354890,24
350700,355220,24
350450,354580,24
520800,530010,24
350330,352690,24
355030,431490,24
354980,355030,24
355030,420910,24
352600,354140,24
410465,411990,23
350280,354140,23
350600,530010,23
314800,317020,23
221100,530010,23
351907,352470,23
351570,355030,23
354980,355710,23
420900,421930,23
410750,411520,23
260290,260720,23
410690,411820,23
350950,354990,23
410690,411915,23
352940,355030,23
353740,355230,22
350920,355030,22
354330,354880,22
355030,355620,22
353020,354550,22
411810,412730,22
351340,354990,22
354850,354870,22
330045,330320,22
350950,353070,22
313420,317020,22
210750,211130,22
352390,354520,22
351350,355030,22
210860,211130,22
310620,312230,22
521250,530010,22
420840,421100,22
110020,120040,22
210120,211130,22
330225,330420,21
353340,354580,21
310620,311830,21
411520,411840,21
150543,313170,21
330420,330455,21
430160,431440,21
351860,352930,21
313240,354990,21
260005,261160,21
351150,355450,21
310620,314590,21
350570,350920,21
520510,521550,21
420460,420930,21
351200,351210,21
230440,230730,21
130250,130260,20
500270,500320,20
350600,352530,20
350950,354400,20
431680,431690,20
350950,353180,20
350370,354560,20
230440,231290,20
250750,251080,20
500270,500830,20
352710,354160,20
354580,355240,20
315180,354910,20
315180,315250,20
431180,431280,20
314110,314930,20
317010,350820,20
351380,355220,20
420540,530010,20
330045,330455,20
420910,421580,20
411150,411370,20
353030,354980,20
311830,314590,19
310670,314590,19
160030,160060,19
311830,315780,19
211130,211220,19
311940,313130,19
310620,355030,19
240120,240220,19
260290,260790,19
520030,520870,19
500720,500790,19
250750,250890,19
130260,130406,19
410345,412680,19
420985,421750,19
330455,354850,19
330455,351350,19
270430,270930,19
430510,430790,19
261160,330455,19
420390,420900,19
411885,412810,19
150140,530010,19
354340,355030,19
350775,351190,19
130260,330455,19
351880,354870,19
351820,352740,19
354340,355150,19
350950,354390,19
350950,352730,19
353060,354870,18
353870,355170,18
350010,352740,18
520870,521150,18
410370,411370,18
352570,355535,18
312770,316870,18
130260,140010,18
260720,260960,18
313670,316990,18
317020,530010,18
410465,410490,18
150140,150240,18
351907,352590,18
352690,353870,18
410580,412550,18
510340,520870,18
353870,354390,18
330190,330330,18
110012,110020,18
150553,355030,18
330025,330330,18
260400,261160,18
411520,412810,18
350280,350650,18
420460,420540,18
352930,353070,18
351380,352940,18
220770,221100,18
350410,352590,18
430700,431410,18
350600,353470,18
352470,355030,18
350280,355630,18
350600,354340,18
350320,351860,18
430310,430920,18
352220,355030,17
352730,355670,17
352340,355670,17
330070,330330,17
110002,110020,17
350570,353440,17
420230,421660,17
330010,330630,17
411180,411370,17
410640,411370,17
330270,330330,17
292740,330455,17
420240,420750,17
280610,330455,17
410690,431490,17
320500,330455,17
260170,260600,17
351210,353390,17
313670,316250,17
311340,312770,17
420420,420540,17
411520,412580,17
330390,330455,17
311830,311860,17
313170,313620,17
420240,420910,17
312770,316860,17
240120,240420,17
350160,354580,17
354520,355220,16
311860,317120,16
420200,420240,16
420420,421720,16
430060,431490,16
500660,500720,16
431340,431990,16
353140,353960,16
352680,353670,16
420240,421480,16
110020,150140,16
313670,314390,16
310670,316720,16
310260,315180,16
313670,330600,16
310400,317020,16
431490,432300,16
351350,354870,16
430460,430770,16
510267,510340,16
520510,520870,16
510340,510790,16
410690,420820,16
353950,355170,16
352500,355030,16
350210,353320,16
330455,421620,16
354030,355340,16
411370,412710,16
352460,354260,16
520140,522140,16
350370,353570,16
350600,350950,16
350530,351410,15
230440,355030,15
230440,230640,15
313240,355030,15
352390,355030,15
420240,421820,15
230440,230770,15
420580,420910,15
260680,261160,15
150553,320530,15
260720,260790,15
353080,355620,15
352930,354340,15
210030,211160,15
310670,313670,15
312230,313380,15
230420,230730,15
420460,420700,15
150140,150220,15
311860,314590,15
430770,431490,15
350330,352670,15
420420,421950,15
170950,172100,15
313670,317130,15
431490,431840,15
410480,410940,15
411520,412625,15
291072,291560,15
352250,355030,15
250860,251370,15
412230,421480,15
291360,292740,15
352570,353100,15
420140,420460,15
430470,431410,15
351570,355250,15
410550,411370,15
280030,280350,15
354340,354940,15
351518,353080,15
351820,355630,15
330350,330630,15
351550,355710,15
310560,313670,15
330370,330600,15
420590,420820,15
350600,354980,14
351820,353600,14
430770,430920,14
220800,221100,14
420460,421900,14
350440,350775,14
261160,292740,14
350840,352390,14
430460,432000,14
270430,270670,14
291005,292740,14
310670,317120,14
291480,292740,14
270230,270430,14
310670,313170,14
150140,150150,14
352930,353390,14
171820,172100,14
521523,530010,14
270430,270860,14
430510,430820,14
350600,350750,14
420540,420830,14
352930,353400,14
310620,317120,14
354870,355220,14
430510,431490,14
431180,432040,14
410430,411520,14
260120,260410,14
410430,410940,14
310990,316720,14
353060,354880,14
240580,240810,14
315180,317070,14
353110,354850,14
352050,352390,14
353800,354990,14
353740,500830,14
330455,350950,14
130260,355030,14
320320,320530,14
500270,500330,14
510250,510770,14
330170,330320,14
352570,354160,14
353390,354980,14
350960,355650,14
313670,320530,14
352570,354980,14
420360,420390,14
350950,352340,14
313670,314080,14
351380,352590,14
351380,351880,14
353050,354340,14
311940,312770,14
352600,353640,14
350210,351100,14
312230,314520,14
520870,521880,13
270170,270430,13
431140,431340,13
261110,261160,13
150010,150140,13
280030,280740,13
352310,355030,13
352260,353070,13
260170,260410,13
431340,431405,13
351860,352430,13
260170,261160,13
250150,250750,13
230440,261160,13
260410,261540,13
351880,354680,13
240140,240220,13
431440,431490,13
351840,354990,13
210005,210530,13
354390,420910,13
430460,430930,13
420420,421690,13
313440,317020,13
314700,530010,13
420240,420590,13
420240,420290,13
315780,352500,13
316960,317020,13
351200,355190,13
430350,431440,13
320060,330455,13
130260,410690,13
320530,530010,13
351060,353440,13
330030,330630,13
351050,354990,13
410980,411370,13
410480,411580,13
353870,355030,13
350950,353340,13
355030,520870,13
353870,500830,13
330455,520870,13
353980,355030,13
150543,211130,13
350950,352390,13
350210,500600,13
350920,352590,13
350850,355030,13
350410,350950,13
350760,350950,13
150140,150442,13
320040,320530,13
311860,330455,13
311860,314930,13
420540,420910,13
310620,315670,13
310670,320530,13
310670,410690,13
352760,353070,13
311860,312980,13
311830,320530,13
312710,317010,13
520870,522045,12
220390,221100,12
420460,421760,12
330452,330455,12
330455,350570,12
350600,353670,12
353870,355240,12
420540,421800,12
352400,352590,12
352590,353080,12
351510,355030,12
210990,211130,12
350650,354140,12
310620,312770,12
270430,270730,12
350600,351670,12
230440,230523,12
520870,521190,12
350950,354340,12
291080,291840,12
350530,352530,12
310620,312090,12
280030,280290,12
352740,354140,12
421320,421820,12
350410,421320,12
520450,520870,12
312710,317020,12
330370,355030,12
410480,410840,12
431410,431750,12
351350,354100,12
312230,316470,12
351300,353440,12
314810,317020,12
351870,355100,12
315070,351210,12
312230,314710,12
420240,420540,12
500230,500790,12
260790,261070,12
312230,313820,12
352720,354990,12
310690,313670,12
412550,420910,12
320500,421620,12
310670,412550,12
430760,431340,12
411480,411520,12
411370,411840,12
353440,354870,12
420460,420940,12
410690,500270,12
350950,354910,12
330320,330455,12
352340,352590,12
312870,315180,12
261160,352220,12
350600,352680,12
110020,110110,12
150140,150810,12
140010,530010,12
130190,130260,12
150140,150550,12
130260,211130,12
150140,150420,12
171610,172100,12
352880,353550,11
430463,431490,11
352690,353070,11
312770,312800,11
352760,500830,11
330240,330452,11
310620,315120,11
330250,330330,11
280030,280450,11
280030,280210,11
315180,316370,11
431690,431830,11
350950,520110,11
353020,353640,11
430466,431440,11
431690,432240,11
315180,316930,11
312770,313620,11
410690,412820,11
172100,520870,11
430310,430460,11
330020,330330,11
410345,411275,11
520025,530010,11
220220,221100,11
310260,351518,11
510340,510795,11
353870,355220,11
430300,431690,11
510250,510340,11
510180,510340,11
150140,261160,11
350950,352260,11
313670,316070,11
313670,316290,11
350950,353080,11
220840,221100,11
410480,411560,11
353320,353740,11
410550,411520,11
500270,500660,11
310620,313510,11
240260,240810,11
420540,420820,11
431130,431410,11
330600,330630,11
412680,412810,11
420420,420900,11
350330,350950,11
431180,431410,11
330630,354870,11
420140,432260,11
420200,420820,11
260410,261640,11
330455,431490,11
431100,431440,11
150060,150140,11
311830,330455,11
430930,431490,11
311860,313170,11
351518,354910,11
351550,354980,11
260680,261070,11
350330,354390,11
314730,351518,11
270430,270770,11
411370,412810,11
320530,355030,11
240200,240810,11
352590,354870,11
330400,330630,11
420460,420730,11
310730,314330,11
411370,412410,11
350450,350600,11
411420,411520,11
352210,354850,11
230440,230550,11
420420,421930,11
351350,352210,11
311030,315180,11
150543,320530,11
261160,351880,11
431340,432000,11
260410,260790,11
354130,354140,11
351570,353060,11
354980,355340,11
350950,351280,11
354880,430920,11
250690,250750,11
355620,355670,11
310150,313670,11
292740,293330,11
320090,320530,11
350650,350775,11
354260,354850,11
350600,354140,11
250630,250750,11
354990,355220,11
320490,320530,11
211130,280610,11
354780,520510,11
354870,354990,11
421420,421690,11
211130,315780,11
350775,352570,11
291080,291480,11
250750,317020,11
420910,421660,11
350775,353730,11
431690,431740,10
430510,431340,10
250750,251620,10
110020,110030,10
230420,230440,10
310620,314930,10
280030,280480,10
230410,230440,10
354550,412000,10
312230,314790,10
160030,530010,10
120040,130260,10
315070,317010,10
312770,313170,10
230370,230765,10
350280,350775,10
352840,355220,10
431490,432160,10
270430,270630,10
230350,230440,10
354870,355400,10
312770,313940,10
330330,330430,10
240420,240810,10
430100,431140,10
351300,355220,10
431490,432150,10
250180,261160,10
411520,411690,10
350810,354805,10
352050,353180,10
330610,330630,10
350700,352390,10
291480,291800,10
351907,355220,10
314310,317020,10
150140,150170,10
313375,316720,10
351880,355250,10
260410,261530,10
420420,420430,10
420395,421870,10
355030,421660,10
317020,520870,10
521973,530010,10
311860,313190,10
351518,352340,10
352050,354520,10
431280,432040,10
420420,421970,10
260410,261000,10
355220,355400,10
280060,280610,10
150140,150613,10
350760,355030,10
230440,231130,10
411580,412570,10
411580,412635,10
260400,260410,10
314000,320040,10
352230,355220,10
330455,430310,10
260410,260640,10
354980,355370,10
311330,313670,10
411915,412550,10
312090,313630,10
352180,354580,10
280030,530010,10
130260,130420,10
354330,355030,10
353640,500230,10
240810,261160,10
410240,411180,10
320510,320530,10
420890,421740,10
410480,411850,10
310620,312160,10
500370,500540,10
250750,530010,10
353440,530010,10
430280,431690,10
353780,355220,10
353930,354070,10
500370,500660,10
310375,521150,10
291072,291480,10
510490,510770,10
350600,351960,10
420820,420910,10
500660,510623,10
420820,421750,10
350600,352710,10
310110,312770,10
240810,530010,10
354340,530010,10
353190,354340,10
354390,355030,10
410590,411520,10
350600,354640,10
410210,411520,9
420420,421750,9
313670,315580,9
410430,411370,9
260410,260960,9
110020,150812,9
355060,355220,9
354140,355500,9
250600,250750,9
353870,354580,9
352440,353060,9
350550,351200,9
411560,412635,9
352430,355170,9
230440,231180,9
290460,291480,9
330455,330580,9
310420,313720,9
410450,410480,9
520870,521930,9
210910,211130,9
260400,260950,9
316990,317200,9
352260,353080,9
352140,353870,9
510040,510704,9
210300,211130,9
353760,354850,9
420910,421500,9
312090,314330,9
290570,293070,9
411580,411605,9
211130,530010,9
313170,314700,9
350600,353880,9
210005,211130,9
355030,420540,9
351440,354140,9
431020,431410,9
420240,421130,9
350160,355240,9
311840,312770,9
260790,261420,9
351740,354980,9
311860,355670,9
350210,353740,9
350210,354140,9
310160,315250,9
350210,355630,9
230765,230770,9
260720,352940,9
320520,350850,9
170210,172100,9
313630,317020,9
355030,412230,9
420390,421930,9
420910,421250,9
211220,221100,9
230523,291640,9
260410,261090,9
110011,110020,9
314280,317020,9
410400,410690,9
431240,431870,9
250370,250750,9
110020,510340,9
351907,353180,9
310340,312770,9
311930,317020,9
260960,313170,9
351907,352050,9
315770,350820,9
431140,431180,9
354000,354200,9
291480,293135,9
314600,315180,9
317020,521880,9
350950,352670,9
420460,421770,9
330330,330580,9
352600,352740,9
353060,354990,9
350920,350950,9
500270,510340,9
313520,314330,9
270430,270690,9
420810,420910,9
355030,355645,9
351190,353600,9
240610,240810,9
420670,421930,9
313630,315340,9
210330,211130,9
270240,270430,9
330170,330580,9
420840,421720,9
230280,230440,9
431640,431690,9
410530,411580,9
353320,355630,9
310670,313130,9
352900,355030,9
350530,350600,9
292740,355030,9
170550,172100,9
320240,320530,9
211130,261110,9
250750,251530,9
291170,291480,9
420540,431490,9
351110,352885,9
110004,110020,9
350940,354340,9
330320,330510,9
330360,330630,9
230210,230440,9
353080,354910,9
292740,292920,9
313670,317200,9
520870,521380,9
520870,521460,9
350410,355030,9
310740,312230,9
350410,352340,9
520870,521570,9
431410,432080,9
431410,432010,9
230428,230765,9
350400,354140,9
351310,354340,9
312230,312610,9
311000,311860,9
110020,150553,9
312230,315150,9
431440,431880,9
500270,500570,9
352590,355240,9
350590,354340,9
313130,315780,9
310620,315180,9
352590,353070,9
411350,411520,9
500270,500500,9
410480,411460,9
310620,313380,9
240720,240810,8
150130,150140,8
350320,354890,8
430270,431490,8
350600,355010,8
350950,351040,8
421850,421930,8
350550,351210,8
350550,354980,8
420810,421500,8
312950,317020,8
420650,420910,8
351500,355280,8
420390,420670,8
351500,352220,8
312770,314470,8
430040,431690,8
350950,351640,8
250320,250460,8
240140,251370,8
313670,315490,8
150140,351380,8
250110,250750,8
420420,421290,8
313240,315960,8
150140,150360,8
313240,315180,8
430510,430910,8
430510,430860,8
430390,431340,8
420820,431490,8
430640,431340,8
430660,431440,8
350775,353100,8
430300,431490,8
420820,421660,8
313670,315210,8
150140,150180,8
250400,530010,8
313510,314330,8
420540,421480,8
430440,430510,8
260410,261250,8
313840,317200,8
421480,431680,8
430450,431440,8
350950,354980,8
313170,317120,8
230440,230960,8
430905,430920,8
431410,530010,8
310510,312230,8
410480,410720,8
330110,330340,8
410480,410880,8
221060,221100,8
410480,411370,8
410480,411790,8
150553,310670,8
410490,411940,8
500370,500720,8
330190,330490,8
353180,355240,8
330240,330340,8
350280,350330,8
500110,500270,8
310620,317010,8
431870,432000,8
310620,410690,8
431690,431710,8
315180,315960,8
270430,270940,8
330330,330550,8
330350,330414,8
431490,431750,8
352590,353650,8
310710,315180,8
310730,312090,8
330080,330330,8
315280,317020,8
410400,412550,8
291210,291480,8
291560,293135,8
291480,292530,8
291840,292740,8
320060,320530,8
210820,211130,8
291480,291560,8
354980,355600,8
520870,522010,8
520870,521850,8
355220,355450,8
291390,291480,8
354870,431440,8
211130,230440,8
410400,412080,8
520870,521000,8
354780,410690,8
291080,293050,8
316210,317020,8
520320,520640,8
354140,355030,8
354140,354770,8
220190,221100,8
354100,355030,8
354060,355220,8
330040,330420,8
353870,410690,8
352530,355010,8
330240,330630,8
431120,431690,8
412680,500720,8
431080,431340,8
350070,350600,8
314790,353630,8
330455,351880,8
352390,431010,8
311100,315180,8
431140,432130,8
352040,354990,8
411810,412000,8
431240,431340,8
420210,420910,8
330555,330630,8
150050,150140,8
412480,421930,8
210300,221100,8
311430,317020,8
311320,313670,8
431340,432120,8
314730,315960,8
230440,292740,8
350100,350590,8
314730,352340,8
350190,350950,8
351620,354940,8
431410,431720,8
120020,120040,8
330420,354870,8
313240,315250,7
412680,412790,7
420280,420460,7
420290,420820,7
420910,421010,7
420900,431180,7
354100,354870,7
351640,352590,7
120040,530010,7
310350,310620,7
172100,172120,7
291480,291640,7
354990,355540,7
354990,410690,7
353870,354780,7
291480,293290,7
352050,355220,7
355030,412550,7
353720,353760,7
290490,291080,7
354140,354150,7
410240,411370,7
351410,352530,7
354780,355220,7
420240,420480,7
420240,420850,7
250750,251210,7
410040,410690,7
350900,350950,7
354870,410480,7
292740,320530,7
311800,314590,7
410120,410690,7
420420,420435,7
260600,261160,7
420120,431490,7
410480,410540,7
354660,354980,7
291080,291400,7
351840,354680,7
291072,292770,7
313170,315720,7
421290,421730,7
351880,354780,7
410180,411820,7
291070,291080,7
411370,412850,7
290390,291170,7
261110,530010,7
352460,354850,7
280030,280670,7
312770,313960,7
120040,120050,7
280030,280400,7
410750,410940,7
353060,353980,7
352430,354340,7
310670,310900,7
410970,411370,7
261160,355030,7
110020,530010,7
270430,292740,7
352450,354140,7
351110,355690,7
312770,314430,7
351150,355220,7
260190,260410,7
270430,270800,7
310670,330420,7
352670,353070,7
351220,353070,7
310670,354870,7
411210,411520,7
411520,411750,7
411370,530010,7
312230,314590,7
420450,420910,7
352480,354980,7
420420,421670,7
410690,412060,7
260410,260890,7
310620,311910,7
353570,355535,7
350950,353710,7
310800,312230,7
313130,316870,7
352240,355220,7
410480,412140,7
350950,354520,7
353430,354340,7
353400,354980,7
353400,353500,7
311120,312230,7
420420,421210,7
420820,421320,7
420820,421250,7
351020,355220,7
290070,291080,7
410550,412810,7
420820,420840,7
353320,353640,7
310620,312980,7
260005,260960,7
280610,320530,7
353190,353430,7
353190,353360,7
410690,411200,7
353150,354980,7
350970,354990,7
420420,421360,7
421750,421950,7
110020,350320,7
150304,150616,7
330620,330630,7
313670,315110,7
150470,150795,7
520870,521740,7
330220,330455,7
350600,354000,7
350580,354140,7
314710,350950,7
313620,315720,7
314930,316720,7
230440,330455,7
430460,432150,7
350610,354980,7
230420,231290,7
500600,500660,7
430750,431410,7
431990,432120,7
320390,320530,7
431690,431800,7
210300,211220,7
150553,280610,7
230110,230440,7
431440,530010,7
240810,355030,7
320530,330200,7
350520,352930,7
520870,521020,7
230260,230440,7
330320,330630,7
500270,500470,7
313670,317020,7
430480,430510,7
500270,500620,7
350010,353640,7
430310,431870,7
500270,500380,7
330330,530010,7
350520,350600,7
330390,330580,7
431340,431480,7
500830,510704,7
330010,330240,7
510340,510704,7
431490,431760,7
315690,317020,7
240020,240800,7
330455,354870,7
350160,353870,7
313440,350210,7
330025,330455,7
431390,431410,7
330290,330630,7
350380,350950,7
230440,231270,7
315980,317020,7
150812,210030,7
330455,330475,7
520860,520870,7
510170,510340,7
320520,330455,7
430610,431410,7
330170,330630,7
350570,354870,7
330010,330455,7
110020,110028,7
350635,354850,7
240810,241120,7
350650,353730,7
110020,150795,7
240710,240810,7
240810,240830,7
431350,431490,7
316930,317070,7
350650,351650,7
311860,313760,6
352690,354390,6
420300,420420,6
310670,330455,6
260720,353650,6
311860,315670,6
314410,315180,6
431530,431690,6
351670,352900,6
310490,315180,6
172100,530010,6
520110,521800,6
411095,411580,6
311860,314610,6
351570,352310,6
312090,314740,6
320160,320530,6
420380,420890,6
351380,352730,6
410790,411520,6
150140,150210,6
260410,260990,6
500600,500790,6
260410,260880,6
355430,500600,6
420420,421050,6
354090,354340,6
260410,260510,6
355400,355450,6
420420,421420,6
314000,315720,6
150420,150553,6
520870,521310,6
260410,261390,6
260410,261450,6
315250,355030,6
314330,316110,6
351550,353475,6
311860,353870,6
430850,431410,6
350320,351910,6
520870,521120,6
351440,355510,6
351440,352600,6
110020,410690,6
430780,431340,6
431690,431960,6
420395,420460,6
260520,261160,6
431690,432220,6
211130,211400,6
410480,410630,6
320320,320490,6
353870,354670,6
330170,330200,6
410200,410480,6
310830,315180,6
431410,432090,6
431340,431950,6
261160,261420,6
354390,354670,6
352510,354340,6
520540,520870,6
410120,411820,6
291080,291460,6
411990,521880,6
352050,355240,6
431280,431490,6
352050,355030,6
291080,291750,6
431265,431410,6
431340,432260,6
230428,230523,6
330420,351340,6
352310,353060,6
230440,230540,6
410480,411520,6
230440,230760,6
411520,412240,6
310900,315780,6
354340,354760,6
411520,411960,6
520350,520870,6
352390,355670,6
352470,355240,6
510340,510525,6
320470,320530,6
330455,354990,6
352310,355250,6
411520,411710,6
130260,292740,6
352050,352590,6
310020,312230,6
431490,431560,6
354560,355690,6
260950,261160,6
352590,353870,6
354020,355170,6
351880,353060,6
330380,330630,6
352590,354980,6
510340,510792,6
510025,510340,6
351860,354340,6
310160,313900,6
314590,315780,6
310670,354990,6
315070,315770,6
130260,260290,6
352570,412730,6
291080,292860,6
352030,354850,6
150050,160053,6
351970,355220,6
351910,354110,6
410200,411790,6
351907,355620,6
311660,312230,6
230523,230765,6
351907,355030,6
411370,412000,6
410480,411330,6
270100,313420,6
411370,411820,6
431140,432260,6
431140,432040,6
352570,353280,6
354550,411810,6
330280,330630,6
291072,291360,6
410690,411320,6
330240,330330,6
353130,354980,6
410690,411770,6
130260,130340,6
350950,350960,6
315210,317130,6
260110,260410,6
500240,500370,6
520870,522060,6
320080,320530,6
350950,351080,6
240720,240800,6
313670,530010,6
291480,291760,6
420910,431490,6
520870,522160,6
500230,500720,6
353470,411180,6
353500,354030,6
313170,500320,6
310620,315250,6
330060,330455,6
354980,530010,6
350530,351030,6
290840,291080,6
350620,351820,6
330080,330455,6
350520,410240,6
260140,260410,6
312770,313090,6
310620,316110,6
313240,314730,6
353740,354980,6
350950,351380,6
430160,430660,6
430300,430460,6
330100,330220,6
291750,520640,6
350950,354070,6
420900,420930,6
310620,313620,6
420900,420985,6
350950,351880,6
350590,353630,6
410425,410690,6
420900,421850,6
317040,530010,6
210140,211130,6
240810,330455,6
310420,312230,6
290520,291480,6
350950,351518,6
410690,410765,6
350950,354780,6
313670,330390,6
291480,292510,6
350950,354880,6
354990,355480,6
240810,250750,6
320040,320500,6
420820,420830,6
430210,430860,6
260005,261070,6
410580,412080,6
350950,351630,6
430510,432250,6
420540,421870,6
430100,430680,6
310620,316250,6
510250,510490,6
312230,315140,6
420460,421120,6
350660,355030,6
520870,521860,6
210530,210900,6
260290,260960,6
421420,430700,6
410690,420890,6
130260,354390,6
312230,314560,6
150553,317120,6
520870,521710,6
410490,410690,6
431750,431890,6
292250,292740,6
150140,160060,6
250400,250600,6
313420,521150,6
353070,355030,6
421660,421800,6
350700,510760,6
240140,251120,6
312230,313350,6
430510,431820,6
312160,314330,6
430510,431900,6
310620,350950,6
420460,421170,6
500270,500630,6
150140,211130,6
430490,430510,6
330250,330455,6
410480,420420,6
351190,355630,6
280030,280710,6
353350,354980,6
350520,352200,6
330045,330170,6
430510,430680,6
120040,120060,6
420460,421880,6
250750,250970,6
313490,315180,6
410190,411370,5
310990,314740,5
330190,330455,5
431410,432190,5
500370,500450,5
310730,314740,5
230428,292740,5
330170,355030,5
280610,310620,5
500540,500660,5
353400,355340,5
150543,521460,5
431440,431730,5
352500,353440,5
317020,354070,5
315250,317070,5
330430,330490,5
314930,317120,5
411370,420910,5
353360,420840,5
352530,353670,5
150543,530010,5
431410,431890,5
171320,172100,5
500370,500570,5
315210,317050,5
411370,412660,5
500450,500720,5
320500,330240,5
150553,311860,5
313380,314710,5
500540,500600,5
410490,411070,5
310620,313130,5
310840,315180,5
500270,500710,5
410420,412550,5
410490,411990,5
353070,353870,5
410360,411370,5
330170,330414,5
330260,330455,5
352930,353290,5
330250,330490,5
270430,530010,5
315180,316940,5
290980,291080,5
230190,230730,5
310620,317070,5
352930,355010,5
431690,431940,5
230250,230440,5
410690,420240,5
170700,172100,5
354140,354220,5
330240,421620,5
315180,316200,5
310620,520870,5
352940,353650,5
520320,520870,5
410690,421690,5
310620,330630,5
315770,355430,5
510790,510792,5
410750,411885,5
353020,500790,5
150543,520320,5
310620,320520,5
353020,412730,5
315180,317170,5
410690,421580,5
410765,412550,5
315780,317120,5
310620,317130,5
230190,230440,5
310620,317080,5
330270,330490,5
410480,412350,5
411060,411520,5
221100,230440,5
410690,410830,5
310620,314110,5
280210,280320,5
520140,530010,5
410480,411760,5
410690,411070,5
310620,314000,5
320506,320530,5
330390,350700,5
500060,500370,5
410660,412810,5
310620,313820,5
310620,313760,5
352570,353030,5
230020,230440,5
310620,313520,5
280440,421320,5
410345,412795,5
353140,354980,5
320510,320520,5
291060,291080,5
270430,280030,5
354140,354980,5
410690,412230,5
330240,355030,5
330330,330520,5
431550,431690,5
315120,316720,5
220290,221100,5
411095,411605,5
310620,314700,5
352680,500830,5
352670,353930,5
291005,293070,5
352640,355220,5
330350,330510,5
351907,353650,5
351870,354100,5
431410,431690,5
355220,410690,5
312230,315880,5
220700,221100,5
312360,315180,5
240310,240810,5
320130,320510,5
313840,330455,5
210960,211130,5
520870,522020,5
420540,430460,5
355070,355540,5
210467,210860,5
260120,261160,5
420590,421130,5
420665,421750,5
312770,314140,5
354990,355070,5
313720,353190,5
430460,431840,5
312770,315700,5
312770,315720,5
320090,320150,5
110020,280030,5
351000,354140,5
312230,315200,5
420460,421650,5
350570,351300,5
430510,430810,5
430610,431020,5
260410,260520,5
210300,210990,5
353650,353870,5
430580,431410,5
354880,412550,5
310420,314930,5
351350,353870,5
430510,432280,5
430510,432040,5
351340,351840,5
430510,431690,5
355240,355620,5
420430,530010,5
510125,510710,5
312230,313720,5
430510,431320,5
312230,314070,5
313900,315180,5
430510,430940,5
350450,352180,5
420460,420880,5
355220,530010,5
350950,421320,5
350950,355650,5
431410,431660,5
313620,320130,5
430140,431410,5
250750,260360,5
250300,250890,5
350900,352590,5
354990,530010,5
430020,431333,5
350860,354990,5
350850,355410,5
350850,352440,5
317020,500830,5
430010,431690,5
350650,500830,5
350660,353060,5
350820,355150,5
353760,355100,5
410430,411400,5
313310,315180,5
353850,354990,5
350700,355400,5
355030,355100,5
291640,293330,5
313420,317010,5
313380,314070,5
350950,351240,5
350600,354160,5
350950,355640,5
420910,421480,5
150140,292740,5
353650,355240,5
350950,355210,5
240810,240940,5
350950,355040,5
350570,410690,5
350590,351620,5
320020,320530,5
317080,410690,5
420840,421050,5
350590,352710,5
420840,421750,5
350600,350790,5
251120,251370,5
420890,420900,5
350950,353930,5
110002,110110,5
350600,351540,5
350950,352850,5
250060,250300,5
313670,315400,5
353730,354140,5
250180,250400,5
314110,316720,5
314110,317120,5
292740,292870,5
350330,353870,5
261110,261220,5
230440,410690,5
431240,432200,5
311530,314390,5
311530,410690,5
351907,355670,5
311550,315180,5
354520,421750,5
310400,317010,5
330110,330455,5
314700,317020,5
260960,315780,5
291080,292660,5
330630,410180,5
320332,320530,5
291080,292930,5
330630,530010,5
520640,520870,5
350010,354140,5
354680,355030,5
170220,172100,5
311830,313190,5
354730,355030,5
353550,354140,5
291080,291470,5
110020,520510,5
320460,320530,5
520330,520870,5
330455,330480,5
330455,330550,5
354340,354490,5
352410,354340,5
311060,315180,5
431370,431410,5
352320,355220,5
311110,317020,5
291072,293135,5
314760,315180,5
431340,431600,5
411820,412550,5
311230,312770,5
352250,353440,5
431340,432170,5
431340,432130,5
411910,421580,5
352220,355280,5
352210,355100,5
261160,261390,5
411950,412550,5
320313,320530,5
291080,350330,5
260790,354870,5
430770,431340,5
314340,315180,5
350280,354970,5
520870,521040,5
430800,431690,5
420390,421750,5
351410,353870,5
430780,431140,5
320150,320500,5
430770,431870,5
314330,315700,5
314330,315120,5
351570,351880,5
420420,420460,5
420420,420500,5
430700,431490,5
351380,353440,5
420420,420550,5
430700,431413,5
520870,521180,5
260410,261220,5
410465,421930,5
320140,320530,5
350160,353650,5
420380,420910,5
430890,431410,5
315250,354870,5
110020,412730,5
350160,355030,5
431010,431340,5
110020,411990,5
410430,410650,5
351820,354140,5
354780,530010,5
260760,261160,5
311860,313130,5
350210,500830,5
510340,510480,5
230765,230970,5
520870,520890,5
311860,314000,5
311860,314110,5
420300,420540,5
351630,352590,5
350250,354990,5
410430,410750,5
351620,353630,5
311860,316720,5
320230,320530,5
315690,317010,5
353870,354890,4
310400,312230,4
310350,355170,4
350750,353610,4
330045,330630,4
353870,411915,4
354850,420820,4
354870,355250,4
292740,293135,4
292740,292990,4
292530,293330,4
354890,355030,4
354890,530010,4
354970,355030,4
130260,150680,4
320060,421620,4
320040,320520,4
320010,320530,4
317130,317200,4
354990,420910,4
354990,430920,4
317020,521150,4
291750,314700,4
317010,530010,4
317020,411990,4
355010,355030,4
291750,292740,4
291750,291840,4
355030,355240,4
320240,530010,4
292740,410690,4
130260,250750,4
310160,314790,4
353900,355690,4
353920,354550,4
330040,330455,4
353930,354890,4
353980,355250,4
150553,351340,4
330025,330240,4
310170,312770,4
315780,500320,4
310160,353070,4
320500,354870,4
320270,320530,4
354330,355250,4
150553,520320,4
130260,310620,4
354390,354780,4
320350,320530,4
320340,320530,4
354550,355230,4
354550,355430,4
354780,354990,4
320300,320530,4
310400,315770,4
352470,353870,4
130260,352590,4
350330,355170,4
350320,350600,4
350320,351960,4
351380,355670,4
351380,354330,4
350320,355030,4
350330,350850,4
350330,351240,4
311940,316870,4
350330,353080,4
350370,351110,4
150553,314700,4
350370,355690,4
314000,320530,4
314000,315780,4
314000,314590,4
350390,355030,4
350400,351000,4
312230,313670,4
312230,313880,4
312230,314320,4
351550,352480,4
350280,354805,4
350280,350620,4
311860,317020,4
351880,354990,4
311800,311860,4
350050,350950,4
350100,355150,4
350100,500830,4
351860,355690,4
170210,520870,4
314590,330455,4
351840,352720,4
350190,353080,4
150060,150680,4
351790,353400,4
351790,353390,4
351790,352930,4
350210,351440,4
350250,351340,4
351640,355030,4
350250,352720,4
350280,350320,4
351280,353650,4
350450,353880,4
351240,354670,4
350950,354630,4
313130,314590,4
350950,353880,4
313670,316720,4
150140,520870,4
350600,352270,4
313170,320500,4
350620,351190,4
350920,355670,4
313190,315780,4
350650,351190,4
350840,355650,4
350840,350960,4
350810,353100,4
350790,352930,4
350700,352100,4
350780,354340,4
350775,500600,4
350775,354160,4
313375,314930,4
313130,313170,4
350950,354670,4
351200,353570,4
350950,354750,4
351190,351650,4
150140,230440,4
351110,354340,4
350520,352530,4
351040,354210,4
350520,354110,4
350530,350790,4
313720,500540,4
312770,313950,4
150360,150680,4
351030,353610,4
350530,353670,4
350970,355540,4
350960,352730,4
350950,420890,4
350950,355330,4
350570,355220,4
350570,355645,4
150140,330455,4
351880,355620,4
314700,314800,4
351880,530010,4
353180,410180,4
310620,314610,4
330240,330490,4
315180,355030,4
353100,354805,4
330240,354870,4
353080,354340,4
353070,354910,4
353070,354890,4
353060,355220,4
315180,320530,4
353020,500600,4
130260,520870,4
310620,354990,4
353010,354140,4
352930,355170,4
310630,313130,4
352900,410690,4
310670,313010,4
352710,355535,4
330225,330630,4
315180,530010,4
352690,353080,4
353190,500720,4
353740,355630,4
353650,355030,4
310420,317120,4
315250,354990,4
330100,330340,4
330100,330452,4
330170,330330,4
310540,312770,4
353500,354570,4
353460,354140,4
353440,355280,4
353440,355250,4
353440,354850,4
150553,311830,4
310620,310730,4
310620,311000,4
353360,355170,4
353340,353870,4
330210,330455,4
352690,354580,4
150553,250400,4
351907,352670,4
352390,355700,4
311070,315180,4
352340,355030,4
330455,412550,4
330455,420540,4
314730,354880,4
352210,353720,4
352180,352930,4
314720,315180,4
311370,312770,4
352100,355400,4
352100,355220,4
352050,355620,4
352050,354780,4
330540,330630,4
330630,350920,4
351907,354780,4
150543,280610,4
351907,353340,4
311750,312770,4
352390,355450,4
150543,330455,4
330340,330452,4
311050,315180,4
352680,352800,4
330340,330600,4
310670,351380,4
352600,353020,4
330370,330390,4
352590,355620,4
330370,330630,4
352590,355220,4
352590,354880,4
330410,330455,4
352570,352950,4
330411,330420,4
310830,315250,4
352470,355620,4
310900,311860,4
310990,315120,4
352450,355710,4
330455,330470,4
150812,350320,4
210480,210530,4
354160,355535,4
411180,420820,4
420730,421660,4
230440,231340,4
420390,420420,4
410345,410820,4
260620,261160,4
210340,211220,4
420890,421320,4
430920,430930,4
410345,411560,4
430020,431020,4
211130,355030,4
420360,420420,4
520450,521380,4
410240,412410,4
430960,431410,4
210005,210140,4
211160,315200,4
210030,221110,4
520140,520330,4
290690,293135,4
410690,412560,4
431000,431410,4
260720,354870,4
520110,522010,4
411840,412730,4
211130,313170,4
410230,410420,4
110020,291072,4
520870,521800,4
291080,291955,4
430520,431410,4
260410,260620,4
210320,211250,4
410150,412240,4
420420,420945,4
411580,412405,4
260410,261240,4
260410,261360,4
260410,261410,4
420665,430700,4
270670,530010,4
430310,432300,4
520870,521220,4
110004,110012,4
410765,411915,4
431410,431440,4
500230,500830,4
260600,260790,4
520870,521010,4
291070,292740,4
520870,520910,4
291070,292660,4
290100,291080,4
410430,410690,4
431340,432145,4
410150,410690,4
510704,521880,4
240810,292740,4
290460,291800,4
510840,530010,4
510790,530010,4
261110,280030,4
420820,421930,4
260960,320530,4
431110,431690,4
420120,420910,4
430510,431330,4
420120,420540,4
210160,211130,4
410590,412810,4
230550,231180,4
431130,432090,4
412550,420820,4
110020,510795,4
510623,510795,4
240200,240800,4
290080,291480,4
412550,530010,4
230523,231180,4
290320,291110,4
290320,291080,4
410580,530010,4
261110,290980,4
280030,355030,4
420213,420380,4
261160,261640,4
110020,150810,4
261160,261530,4
230440,310620,4
420240,420460,4
510125,510250,4
410430,411150,4
520110,521180,4
420240,420420,4
410690,411620,4
410690,411570,4
411950,412080,4
260005,352500,4
290570,291920,4
411990,412060,4
250400,250630,4
411990,412550,4
260010,260410,4
420800,421750,4
431060,431690,4
431570,431680,4
421660,431490,4
431320,431490,4
430420,431690,4
230440,230690,4
410530,411560,4
420580,421580,4
410860,411520,4
210120,210540,4
355030,510340,4
420910,530010,4
261220,261390,4
411520,411810,4
431410,431790,4
430620,431340,4
430210,430790,4
430470,430610,4
521880,521930,4
430300,431680,4
411520,412040,4
430150,431020,4
420930,421650,4
250890,261420,4
291110,292620,4
355030,420590,4
230428,230770,4
210120,210990,4
231290,250400,4
355220,355670,4
431690,530010,4
420910,421820,4
411370,412180,4
411060,412810,4
431750,431800,4
291360,293330,4
355230,355630,4
431440,431690,4
250180,251370,4
230440,230580,4
355220,355620,4
250750,292740,4
521250,522185,4
411400,411520,4
431410,432180,4
270430,270480,4
430210,430820,4
420450,420890,4
430610,431490,4
431680,431720,4
291080,293010,4
500110,500330,4
250060,260360,4
420420,530010,4
110020,352930,4
410140,411520,4
411520,530010,4
291080,293360,4
291080,292990,4
240325,240710,4
130260,130353,4
421130,421250,4
260400,261530,4
291560,292530,4
291080,292870,4
420430,420900,4
430100,431340,4
420890,421660,4
352570,353730,3
420910,421950,3
431240,431490,3
330455,500270,3
420820,431180,3
270100,500720,3
313862,353475,3
352210,352460,3
431560,431730,3
313130,313620,3
311530,313840,3
310730,311860,3
411370,411660,3
431560,530010,3
420820,421480,3
314700,330455,3
270100,270430,3
352530,355030,3
350520,353670,3
352210,353760,3
350950,351370,3
352590,352850,3
314730,315180,3
270100,353020,3
431240,520510,3
412405,412570,3
330550,530010,3
313170,355030,3
140010,240810,3
311510,312230,3
310670,410180,3
420820,421620,3
110020,140010,3
431490,432240,3
330490,354870,3
352090,353470,3
352050,353650,3
110020,120020,3
420930,421175,3
352590,353340,3
420820,431140,3
330600,355030,3
310670,355670,3
412550,520510,3
311430,311930,3
431280,431410,3
431240,431950,3
330490,330520,3
313170,351340,3
230370,231130,3
110020,317020,3
352240,355450,3
270030,270800,3
411520,412790,3
411620,411820,3
261160,350950,3
352390,355060,3
250970,251080,3
352390,354870,3
311070,316370,3
313170,313190,3
314800,314810,3
352390,354060,3
352390,352590,3
350950,352900,3
352340,410690,3
110030,530010,3
420890,421620,3
313130,320530,3
411605,412350,3
230440,230970,3
352210,354260,3
261160,351350,3
314800,317040,3
352430,353740,3
150140,355030,3
411580,412350,3
261160,354990,3
314800,317010,3
352450,353030,3
352450,354110,3
110020,150680,3
352390,520870,3
411535,412770,3
411535,411790,3
150543,351350,3
411520,412800,3
352470,352590,3
350950,352140,3
420890,421130,3
420890,421010,3
251080,251620,3
352250,354880,3
230440,250750,3
420900,431140,3
313860,330455,3
310800,313820,3
420910,421690,3
314740,316720,3
411840,412810,3
330455,421130,3
352230,352240,3
261160,280030,3
431440,432110,3
240325,241220,3
261530,261640,3
313170,316190,3
250860,250890,3
431410,432290,3
330414,330630,3
431370,431390,3
411770,411990,3
150010,150550,3
330455,354780,3
150543,315780,3
110020,521308,3
150543,520640,3
431350,432160,3
420890,420930,3
311120,314990,3
352260,353870,3
352260,353100,3
430480,430790,3
411440,411930,3
311160,315180,3
230440,231140,3
150812,240140,3
150140,330240,3
352030,354260,3
351340,355410,3
351340,352660,3
420430,420540,3
420430,420820,3
260360,260950,3
420540,421720,3
351310,351620,3
260345,261370,3
160060,310670,3
260345,260960,3
260345,260790,3
350380,351280,3
314330,314800,3
350320,354970,3
351300,353050,3
110020,354980,3
160053,160060,3
260290,261070,3
420460,420910,3
312230,314990,3
260290,260680,3
312160,312770,3
420550,420900,3
430790,431490,3
170210,170550,3
314330,530010,3
420390,421310,3
351440,353640,3
420390,430700,3
420670,421850,3
351380,520870,3
350280,355030,3
420400,420900,3
314000,314610,3
260120,260600,3
430540,431020,3
420420,420910,3
210120,210160,3
350320,350950,3
312090,314640,3
351370,354890,3
351030,355220,3
350320,352900,3
420420,421140,3
260400,260600,3
420460,421175,3
314330,314350,3
110020,354340,3
351190,353020,3
150140,211120,3
351080,355640,3
312710,315070,3
351100,353020,3
312510,315180,3
351190,354160,3
350370,355535,3
351190,354000,3
350330,354970,3
351190,352710,3
350330,353070,3
210120,211400,3
240020,240810,3
150140,221100,3
420540,420930,3
351150,353870,3
351110,353390,3
351110,355630,3
350370,352570,3
312510,355030,3
291640,292740,3
312360,316940,3
351240,354870,3
351210,353570,3
260190,261360,3
420460,530010,3
351240,354390,3
351240,352690,3
312710,352930,3
240120,251120,3
240120,250890,3
312230,330455,3
430700,430750,3
351210,353070,3
351080,354910,3
351200,355340,3
430600,431410,3
351200,355170,3
351200,354980,3
351200,353950,3
210120,210910,3
351080,353070,3
351200,353190,3
350330,352930,3
230765,353870,3
240120,351210,3
420390,420985,3
260890,261160,3
351880,520110,3
150140,310620,3
420800,521440,3
351880,354880,3
311800,311830,3
420205,421480,3
420210,420890,3
260890,261640,3
260010,260510,3
311820,317010,3
311770,315180,3
351880,352900,3
431020,431890,3
313900,353050,3
314590,320500,3
350440,354160,3
350160,351907,3
420240,420430,3
350950,431490,3
350950,510340,3
431100,431560,3
420810,421010,3
313940,313950,3
311530,520510,3
350450,351410,3
352010,354340,3
261000,261160,3
431180,431490,3
351960,352930,3
351960,352270,3
351910,521150,3
314700,316935,3
330630,355030,3
311530,520870,3
150050,172210,3
431140,431490,3
431140,431280,3
230550,230730,3
260990,261110,3
350950,355160,3
420120,420230,3
420125,421320,3
420125,421820,3
420130,420540,3
431020,431750,3
420240,420900,3
351500,352390,3
420380,421010,3
430920,431870,3
240120,353190,3
420360,420550,3
351020,352230,3
170210,170950,3
420360,420900,3
350390,354870,3
313990,315180,3
430900,431410,3
350390,354680,3
350210,355030,3
420380,421360,3
351518,354880,3
260110,260990,3
351518,352470,3
350280,351190,3
312770,315710,3
311860,355030,3
260110,261110,3
350280,353100,3
351620,352410,3
350210,354160,3
210530,210860,3
420240,431490,3
431010,432170,3
351820,500720,3
351820,355255,3
420240,421580,3
420240,421660,3
311860,312230,3
210030,210255,3
420240,421780,3
420240,430510,3
350190,352590,3
430930,432000,3
420290,420540,3
350190,355030,3
150140,250750,3
350210,350280,3
420730,421870,3
311860,314480,3
350210,352570,3
311860,314740,3
351620,355030,3
351880,354730,3
420540,421570,3
431570,431690,3
354070,354890,3
354030,355710,3
320480,320530,3
150553,520640,3
410345,412065,3
290840,291400,3
290750,292740,3
353960,355340,3
410345,412770,3
290750,291080,3
353930,354630,3
313440,510125,3
421950,421970,3
410370,412550,3
250320,353870,3
350590,355150,3
350700,351970,3
430380,431410,3
320520,330240,3
353870,355450,3
130260,350950,3
130260,351880,3
520510,521010,3
520510,530010,3
353870,354980,3
320380,320530,3
410180,412080,3
430310,432160,3
316720,530010,3
320190,320530,3
320240,320520,3
211130,261160,3
410210,412000,3
354140,530010,3
320260,320530,3
313505,314330,3
410230,412550,3
172100,310620,3
290980,530010,3
211130,314700,3
310160,355030,3
313505,313510,3
354110,510730,3
410345,410860,3
430350,430660,3
211130,330200,3
310170,316860,3
310350,354160,3
320520,350330,3
354340,354890,3
410430,412770,3
353670,410690,3
353650,410180,3
520110,521020,3
430390,431990,3
310420,313030,3
313670,330370,3
315780,320500,3
353650,354780,3
220220,220390,3
410480,410500,3
315780,316935,3
353600,355630,3
353570,355690,3
290390,291480,3
353540,353640,3
353530,354140,3
290320,521880,3
353500,354980,3
330030,330380,3
330040,330280,3
290320,411990,3
520110,521040,3
430390,431870,3
520110,521460,3
330010,330045,3
320520,352900,3
320520,355030,3
310400,310620,3
320520,530010,3
120040,510340,3
353870,354515,3
350590,353360,3
315960,352470,3
320530,330330,3
320530,354850,3
353810,354980,3
320530,354990,3
290600,291080,3
315960,317070,3
320530,431490,3
313440,313862,3
410430,411820,3
353760,354260,3
330010,330025,3
310400,355030,3
353740,355255,3
313510,313520,3
250320,250860,3
290320,317020,3
313620,353870,3
355170,521150,3
354940,411990,3
317070,355030,3
317010,355150,3
317010,355030,3
350600,354890,3
317120,355030,3
292510,293330,3
313670,314590,3
292530,292740,3
355430,355630,3
354880,410690,3
354880,355250,3
110002,110011,3
250180,530010,3
354870,530010,3
313620,316870,3
355535,355690,3
355630,500720,3
355650,355670,3
521150,522040,3
350600,354850,3
291460,292740,3
130260,230440,3
291460,292990,3
355030,355400,3
317020,355030,3
291640,355030,3
291640,411460,3
355030,411370,3
355030,355070,3
355030,355060,3
430210,431410,3
313630,314800,3
317020,520110,3
291760,293330,3
430160,530010,3
317010,520870,3
291800,293135,3
354990,410180,3
354990,355620,3
355030,500660,3
291480,291950,3
430160,431880,3
317010,500720,3
291460,293050,3
410040,410580,3
292740,310620,3
354340,354970,3
130260,261160,3
354760,354890,3
316990,330600,3
291080,293070,3
293070,353870,3
354550,500720,3
410140,530010,3
291080,292400,3
354530,355220,3
350635,351870,3
354520,355030,3
350600,351910,3
410150,411520,3
354400,354580,3
410160,410690,3
430080,430510,3
354390,354990,3
354390,354880,3
250060,251120,3
350640,351650,3
313510,317103,3
320130,320500,3
354780,354850,3
354780,355670,3
354870,410690,3
410140,410690,3
317010,353020,3
320040,320130,3
410040,412550,3
210540,211130,3
354870,355240,3
250180,250320,3
410050,411060,3
250150,250400,3
320040,330455,3
350610,352930,3
354850,421620,3
410050,411520,3
291110,292890,3
521010,521150,3
354850,354990,3
410050,412810,3
410120,412550,3
292740,431490,3
210467,211130,3
320080,320150,3
520890,521040,3
250400,251080,3
430440,432120,3
430460,430470,3
230100,230765,3
500240,500720,3
230030,230440,3
353020,354770,3
230100,230428,3
350530,352090,3
352950,353350,3
352940,355250,3
350850,353800,3
421200,421720,3
350860,351340,3
410830,411560,3
310670,312230,3
310620,420910,3
421190,421660,3
310620,500320,3
352930,353950,3
410830,412550,3
410830,412770,3
410840,412770,3
310630,320530,3
410840,421930,3
313720,500720,3
410750,412730,3
353020,500720,3
500270,500540,3
353030,353740,3
410690,412796,3
221100,261160,3
410690,420420,3
410690,420900,3
330170,351380,3
353070,410230,3
353070,355730,3
500370,500380,3
350750,354105,3
421300,421930,3
310620,330240,3
421290,421750,3
313720,316040,3
250630,250690,3
350530,352930,3
353070,354390,3
270730,355170,3
160030,320530,3
210330,211220,3
110018,110020,3
353060,353730,3
352900,412240,3
350900,351630,3
410690,412770,3
230250,230730,3
411070,411990,3
310670,320520,3
330310,330455,3
352680,510760,3
431690,432270,3
411095,412350,3
313820,314790,3
411095,412635,3
431690,432070,3
411155,411810,3
421050,421100,3
421120,421870,3
431680,432270,3
431680,432260,3
352600,355430,3
352600,355255,3
350920,353060,3
411180,411270,3
350920,353070,3
310670,353650,3
310670,353870,3
430466,431560,3
350370,353100,3
352690,354890,3
352690,355030,3
352710,352900,3
310670,313380,3
352900,354970,3
421050,421420,3
352900,353470,3
431870,431950,3
350900,352850,3
313780,315180,3
352800,353670,3
421050,421290,3
350920,350960,3
352760,354980,3
352760,354110,3
352740,355630,3
352740,353640,3
352730,355030,3
431720,520800,3
330300,330455,3
310670,315250,3
431720,432180,3
140010,150140,3
352710,353470,3
250460,251120,3
150553,291750,3
150553,315180,3
310620,314800,3
353360,354340,3
350760,352340,3
330080,330340,3
350750,355030,3
410690,410940,3
353180,355220,3
330045,330510,3
330080,352390,3
120040,230440,3
330100,330210,3
353180,354580,3
130260,354870,3
350570,352590,3
510515,510760,3
310620,314710,3
350550,421660,3
280320,353870,3
350775,350810,3
130260,411370,3
350760,355210,3
410560,412810,3
410550,411300,3
330060,330220,3
410550,411210,3
410580,411915,3
330070,330390,3
330070,330490,3
430460,430620,3
280610,313170,3
353340,355220,3
250400,251250,3
353190,353630,3
510350,510525,3
220770,220800,3
315250,355220,3
315720,316870,3
290320,292620,3
310560,313170,3
500630,500830,3
500720,500830,3
410480,412855,3
290320,292740,3
421470,421820,3
353080,354870,3
120040,140010,3
310620,315720,3
313670,354870,3
330100,330330,3
410690,411950,3
310560,316250,3
313370,313380,3
220770,221060,3
350775,354180,3
353440,354780,3
313375,314790,3
250400,280030,3
510030,510760,3
353440,354730,3
430450,432055,2
350530,350750,2
350570,354730,2
350520,420985,2
350590,350780,2
350600,353350,2
430470,431000,2
350520,355030,2
110020,261110,2
150304,150840,2
430470,431890,2
350440,354180,2
350370,355170,2
350520,410480,2
350570,352250,2
430450,431560,2
430510,431290,2
350520,353930,2
350570,355670,2
350580,353730,2
350570,352390,2
350570,352500,2
350590,353190,2
350550,350950,2
430470,432010,2
430460,431140,2
430510,431680,2
350450,355010,2
350530,352180,2
430460,431990,2
430460,431950,2
150304,520640,2
430310,432000,2
350390,355250,2
430460,431080,2
430350,431490,2
430535,432200,2
430460,431410,2
350600,351240,2
350390,354880,2
350390,352310,2
350530,355030,2
350460,354980,2
430480,431490,2
350520,351910,2
350530,355170,2
350380,355240,2
430510,431580,2
430510,431410,2
350600,351380,2
430580,431370,2
350410,354870,2
350570,351060,2
150360,150420,2
430210,431490,2
430463,432160,2
430463,432150,2
350530,351860,2
350410,352850,2
430460,430640,2
350550,351740,2
430510,431440,2
350590,353430,2
430460,530010,2
350550,352930,2
430300,431830,2
430390,430770,2
430390,430640,2
430310,431010,2
350400,355500,2
355030,355650,2
330455,351380,2
350370,352260,2
330100,330480,2
330100,330470,2
150553,313670,2
510030,510637,2
510170,510795,2
510180,510637,2
510180,510704,2
330070,530010,2
510250,510795,2
510263,510637,2
510267,510704,2
510340,510350,2
330060,330240,2
330060,330100,2
110011,110028,2
330050,330470,2
330050,330455,2
330050,330340,2
330050,330110,2
510480,510840,2
150553,320520,2
510525,510790,2
510622,510795,2
330040,330400,2
510682,510795,2
330040,330360,2
330040,330170,2
330030,330290,2
330030,330280,2
330030,330040,2
330100,330475,2
510025,510790,2
330020,330550,2
510025,510180,2
431870,432120,2
330250,330430,2
330250,330390,2
432130,432260,2
330250,330270,2
330240,530010,2
432150,432160,2
330240,421130,2
330240,420820,2
500060,500770,2
330240,354850,2
330240,351380,2
500124,500370,2
500230,500660,2
500270,500720,2
330220,330240,2
500270,510622,2
330210,330452,2
330210,330240,2
500270,520110,2
110015,110030,2
500320,500570,2
500320,510340,2
330190,330430,2
500370,500600,2
500540,500710,2
500540,500790,2
500600,510623,2
500769,510760,2
110011,110012,2
330020,330520,2
430610,432010,2
320130,320240,2
150616,150840,2
110004,110011,2
320090,320500,2
320090,320460,2
520870,521973,2
520890,521020,2
150680,160030,2
320060,320500,2
320060,320270,2
320060,320150,2
150680,160060,2
521020,521880,2
320040,320240,2
320020,320480,2
320020,320230,2
521150,530010,2
320010,320120,2
521180,521460,2
521180,522060,2
317070,354850,2
317070,353050,2
317020,522140,2
521310,521880,2
521460,530010,2
521850,521880,2
317020,510840,2
522140,522160,2
317020,420910,2
522140,530010,2
320130,320150,2
320130,320332,2
330020,330490,2
320130,350950,2
520110,521000,2
330020,330190,2
330010,330600,2
330010,330170,2
330010,330040,2
320530,500270,2
520110,521090,2
520110,521250,2
320520,354520,2
520110,522060,2
320520,330420,2
520140,521460,2
320506,330240,2
520320,520510,2
320500,330630,2
150553,510340,2
520320,521308,2
320495,320500,2
520450,521930,2
520480,520620,2
320340,320480,2
520620,521250,2
520640,521460,2
520860,521180,2
520860,522140,2
520870,521170,2
320150,320460,2
320150,320320,2
320130,530010,2
431780,432140,2
150553,261110,2
431760,432160,2
430890,432080,2
430920,431340,2
430920,431680,2
430920,431760,2
430920,431840,2
430920,432300,2
350210,355240,2
350210,352600,2
430960,431790,2
430960,432180,2
350190,410690,2
350190,355160,2
431010,432120,2
431020,431115,2
350160,354400,2
431020,431333,2
431020,431780,2
350160,353180,2
350160,352590,2
350160,352050,2
150543,172210,2
350115,352390,2
350115,351970,2
431020,432180,2
431020,432190,2
431080,431480,2
350060,355040,2
350060,350950,2
350050,350190,2
350010,412730,2
430910,431580,2
350280,350810,2
330270,330550,2
350280,351820,2
430680,430860,2
350330,354340,2
350330,353930,2
430680,431140,2
430680,432040,2
430690,431680,2
350330,352260,2
430693,431750,2
430700,431180,2
350330,350600,2
430700,431280,2
350320,355170,2
430700,432010,2
430760,431870,2
150420,210530,2
110020,230523,2
350320,353870,2
350320,352570,2
350320,352430,2
430810,431260,2
350320,351930,2
430820,431490,2
430850,431180,2
350320,350530,2
350320,350330,2
430850,432180,2
430860,431490,2
350280,353460,2
350280,352090,2
350010,355630,2
350010,352600,2
431140,432300,2
330630,351350,2
330411,412080,2
330411,330455,2
110020,150050,2
431440,432055,2
431440,432240,2
431490,431680,2
330390,330630,2
330390,330600,2
431490,431710,2
330380,330420,2
150550,150810,2
431490,431800,2
110020,130353,2
431490,431900,2
150553,150613,2
431490,431940,2
330360,330420,2
330350,530010,2
110020,120050,2
330340,351060,2
431490,520870,2
330340,330580,2
431560,432110,2
330330,330510,2
431600,432120,2
330330,330420,2
431680,520800,2
431690,432150,2
330320,330414,2
330420,330540,2
330420,353060,2
330420,354880,2
431350,431760,2
330630,351340,2
110020,210005,2
431240,431990,2
330580,355030,2
431240,432120,2
330520,530010,2
330490,330550,2
431333,431780,2
431340,431440,2
330455,431410,2
431340,431690,2
330455,430460,2
431340,530010,2
330455,410550,2
330420,355030,2
330455,355670,2
330455,355220,2
330455,353870,2
330455,353440,2
330455,352590,2
330455,352470,2
431370,432010,2
431405,431990,2
150304,150553,2
431405,432120,2
330455,330620,2
431410,431780,2
330420,412550,2
350600,353440,2
351200,351790,2
430210,431340,2
410690,431010,2
130260,421660,2
410720,410840,2
410720,410830,2
410715,411560,2
353070,354870,2
410690,500320,2
410690,431680,2
353070,355090,2
410530,411605,2
353070,355670,2
410690,430460,2
410690,421320,2
353080,353180,2
410690,412810,2
353080,353440,2
353080,353870,2
410720,411760,2
410750,411155,2
353050,353080,2
410750,412680,2
352900,355670,2
352900,412550,2
352900,421690,2
352930,354580,2
352930,354980,2
410830,412350,2
352930,355190,2
352930,355370,2
410830,410840,2
410820,411670,2
410790,412040,2
410770,411520,2
353020,355430,2
353020,412680,2
410750,500720,2
353080,354390,2
353080,354780,2
410690,412625,2
410660,411520,2
353180,355400,2
410630,411460,2
410590,411840,2
410590,411420,2
410580,510790,2
410580,420430,2
410580,411820,2
353280,355535,2
410550,411350,2
353340,353650,2
410540,410830,2
130260,354980,2
410530,412855,2
353350,355030,2
410530,412405,2
410650,410940,2
410685,410760,2
353080,354800,2
353180,355030,2
353080,355030,2
130260,420540,2
353100,353320,2
120040,150140,2
353100,354980,2
410690,411885,2
353110,410690,2
353130,353810,2
410690,411850,2
353130,354650,2
120040,221100,2
353130,355370,2
410690,411750,2
120040,230280,2
353180,354850,2
410860,412625,2
410880,411790,2
410940,411370,2
411370,500270,2
352510,355170,2
352510,421690,2
352520,352590,2
411370,420540,2
352530,354110,2
411370,412550,2
120020,120060,2
411370,411480,2
352570,353950,2
352570,353960,2
411370,411410,2
140010,280030,2
140010,270430,2
411330,412140,2
352590,352690,2
411370,431410,2
352510,353050,2
411300,411520,2
411370,510790,2
411560,420890,2
411560,412125,2
352440,354870,2
352440,355030,2
352440,355410,2
110030,410690,2
352470,354970,2
352470,355220,2
411460,412770,2
352470,355670,2
352470,500370,2
411400,412065,2
411370,520870,2
352480,355710,2
352480,521150,2
411310,411550,2
352590,354340,2
410940,411520,2
411150,411250,2
411095,411560,2
352680,521250,2
411070,420910,2
411060,411840,2
352710,354340,2
410940,421930,2
352710,500720,2
352720,353850,2
352730,355220,2
352760,355150,2
410940,420890,2
410940,420810,2
410940,411760,2
352900,353370,2
352900,353870,2
352680,355030,2
352670,352690,2
352590,354680,2
411155,411885,2
411275,411670,2
411210,412625,2
411210,411750,2
411200,412796,2
352590,355400,2
411200,412550,2
411200,411990,2
140010,230580,2
352590,411990,2
352590,420910,2
411180,412410,2
352600,353550,2
140010,230440,2
352640,355010,2
411155,412730,2
353360,420820,2
410530,411095,2
352410,354940,2
354520,420420,2
354340,410420,2
410180,410580,2
410160,412630,2
410160,411990,2
354390,354870,2
410160,411200,2
354410,354780,2
354630,354890,2
353390,353950,2
354650,354980,2
410140,521150,2
410140,410370,2
354780,431490,2
354780,500830,2
410140,410150,2
354850,355280,2
120060,230440,2
410180,411520,2
354340,355090,2
354340,354980,2
410250,410770,2
354140,354340,2
410250,410430,2
410210,412625,2
354140,411370,2
354140,411690,2
410210,410690,2
354160,420820,2
354260,355100,2
354260,420890,2
130260,317020,2
410180,421930,2
410180,412820,2
354340,354780,2
130260,313670,2
354850,410690,2
354850,411520,2
354850,421130,2
354910,355030,2
355090,500830,2
354980,410690,2
355030,510622,2
354990,355240,2
130260,150553,2
355030,500270,2
354990,412550,2
355030,432250,2
355030,431440,2
355030,431240,2
354990,520870,2
355030,420200,2
355030,412080,2
355030,410490,2
130260,150360,2
355170,410690,2
354910,354970,2
354850,521150,2
355230,510623,2
354850,530010,2
354870,354980,2
130260,230765,2
410045,410770,2
410045,410345,2
354870,355450,2
410040,411990,2
355670,410690,2
354870,431560,2
354870,520870,2
130260,230190,2
354880,355240,2
355410,355480,2
355250,530010,2
355240,410690,2
410304,410430,2
354100,530010,2
410345,410880,2
120040,410480,2
353630,355170,2
353630,500830,2
410480,410530,2
410465,420670,2
410465,412550,2
353650,354870,2
120040,410690,2
410450,410840,2
410442,411150,2
410440,412575,2
353670,412550,2
353720,354260,2
410430,412250,2
410430,411960,2
353760,354100,2
353610,355010,2
130260,353440,2
410430,411420,2
410480,411345,2
410480,530010,2
410480,421660,2
410480,420820,2
130260,354340,2
353440,355220,2
353440,355645,2
353440,355670,2
120040,330100,2
353470,353650,2
353470,411370,2
353475,354980,2
410480,412402,2
353500,354560,2
410480,412090,2
353500,355340,2
353760,354870,2
410430,411295,2
410345,410940,2
130260,350840,2
410370,412710,2
353880,354640,2
353900,354340,2
410370,412240,2
410345,412800,2
353950,354340,2
354000,354780,2
410345,411885,2
354000,355030,2
354000,410690,2
354000,420890,2
410345,411580,2
354070,354390,2
410345,411520,2
354100,354260,2
353870,530010,2
410400,410580,2
410430,411210,2
353870,355670,2
353800,355410,2
353800,355540,2
410430,411060,2
353870,354000,2
353870,354340,2
130260,352470,2
410430,410860,2
410430,410760,2
353870,354750,2
410430,410550,2
353870,354870,2
410430,410480,2
410430,410442,2
130260,352050,2
410405,410480,2
411570,412820,2
352400,355670,2
150293,210005,2
420768,421690,2
350950,354850,2
110020,320520,2
420820,420890,2
420810,421660,2
350950,355170,2
350950,410765,2
350950,420540,2
420768,421610,2
351220,353500,2
420750,421820,2
150140,260790,2
420750,421480,2
350960,355670,2
420750,421400,2
351000,353550,2
351000,354220,2
420820,421720,2
420830,420930,2
420840,431180,2
150140,350760,2
420940,421870,2
420930,421930,2
420930,421480,2
420910,520110,2
420910,431010,2
420910,421930,2
350950,351490,2
420910,421870,2
350950,351620,2
420900,421003,2
420890,520870,2
150140,411370,2
420850,421480,2
420845,420910,2
350950,354140,2
351020,351150,2
420730,421620,2
351020,352240,2
420540,421130,2
110020,353740,2
351190,352600,2
351190,353320,2
420540,420570,2
351190,353640,2
351190,354140,2
351190,354550,2
351190,355535,2
420540,420545,2
351200,352480,2
351200,352930,2
420530,421970,2
351200,353350,2
150140,170950,2
351210,353950,2
351150,355700,2
351110,355600,2
420730,420940,2
110020,352940,2
351030,352100,2
420700,421870,2
420690,421400,2
420670,420820,2
420665,421100,2
420590,420910,2
351040,352390,2
351040,353180,2
351040,354400,2
351040,355240,2
351050,355030,2
351050,355070,2
351060,355645,2
351100,353320,2
351110,351740,2
350920,355650,2
350920,352730,2
350920,351640,2
430040,431710,2
430040,431110,2
350650,353100,2
350650,412410,2
421930,431280,2
421930,431180,2
421930,431140,2
421870,530010,2
350700,354060,2
150220,261160,2
421870,520110,2
350700,355700,2
421870,421880,2
350720,351190,2
150220,230190,2
350720,353640,2
350650,352570,2
350650,351440,2
350720,354180,2
430060,430310,2
430210,431260,2
430160,432055,2
350600,354990,2
430160,431730,2
350600,355220,2
430160,431490,2
350600,410690,2
350610,351200,2
350610,353950,2
430100,431180,2
350620,351910,2
350620,353550,2
350635,352030,2
430060,432300,2
110020,310400,2
350720,354000,2
350750,350790,2
350900,355030,2
350775,354980,2
421320,530010,2
421320,421480,2
350810,353960,2
350820,354940,2
350840,350850,2
350840,352400,2
150180,150360,2
350840,354520,2
421290,421720,2
421290,421420,2
350880,352710,2
350880,354160,2
421120,421760,2
421105,421930,2
421050,430700,2
421500,421580,2
421530,421780,2
350750,351230,2
421580,430770,2
350750,351540,2
350750,352530,2
350750,353670,2
350750,354870,2
350750,354970,2
350750,354990,2
350750,355240,2
350760,352590,2
350760,352850,2
421720,430700,2
350760,355240,2
421690,421970,2
421690,421720,2
350775,353020,2
421660,421690,2
420490,421720,2
351230,352640,2
140010,431410,2
412550,430700,2
412770,420910,2
412730,500720,2
150050,160027,2
412710,412750,2
352050,353060,2
352050,353440,2
352050,354400,2
150050,150553,2
351280,352690,2
352050,354880,2
412240,412710,2
412090,420890,2
352050,410345,2
352090,412680,2
352090,500600,2
411990,510704,2
352010,354940,2
351980,355610,2
351970,355060,2
412770,520110,2
420200,420830,2
420200,420290,2
420140,421870,2
420140,420700,2
420120,421930,2
420120,421190,2
351907,354990,2
420100,420540,2
150050,160030,2
420040,420400,2
420010,420420,2
351907,410180,2
351907,431490,2
351910,352710,2
412810,500540,2
352130,354940,2
411990,412820,2
352140,353080,2
411790,412770,2
411750,411840,2
411745,412770,2
352340,354100,2
352340,354870,2
411722,411790,2
411710,412810,2
352360,352530,2
352390,354390,2
140010,521880,2
352390,354780,2
411690,411750,2
140010,431690,2
352390,410240,2
352390,520030,2
411580,500370,2
352310,353980,2
411810,412790,2
411990,412796,2
352260,354980,2
352140,354910,2
352180,411180,2
352210,354100,2
411940,412550,2
352220,354520,2
150050,150543,2
411915,411990,2
352230,355030,2
352230,355400,2
411820,420820,2
352250,354870,2
352260,352570,2
411820,412820,2
352260,352670,2
411820,411990,2
420200,421130,2
150050,310670,2
351880,354580,2
351380,354000,2
420400,421850,2
420390,510622,2
420390,431180,2
420390,421003,2
351460,355170,2
351490,410240,2
420390,420930,2
351500,355670,2
420390,420840,2
351510,352220,2
420390,420820,2
150080,150220,2
351540,355300,2
420360,430210,2
351550,355030,2
420420,420445,2
420420,421010,2
420360,421930,2
420420,421055,2
351280,353180,2
351300,351880,2
110020,355030,2
420450,421250,2
420445,421185,2
351310,354325,2
420420,431490,2
420420,421850,2
110020,355230,2
110020,355240,2
351350,420820,2
351350,500830,2
351370,353870,2
351370,354390,2
351370,354750,2
150080,150170,2
420360,421190,2
351880,353870,2
420280,421870,2
110020,412550,2
420240,420930,2
351840,353800,2
420240,420690,2
351840,355410,2
150060,150360,2
351860,354090,2
351860,355170,2
420240,420300,2
420230,421800,2
110020,500270,2
351870,355030,2
351880,351907,2
351880,352260,2
351880,353070,2
351820,353550,2
420290,420750,2
351570,353980,2
351670,352710,2
150060,330100,2
351620,352010,2
420350,421360,2
420350,420768,2
150060,221100,2
420320,420910,2
420320,420540,2
420300,421930,2
351620,355170,2
420300,421720,2
420300,420480,2
351630,355650,2
420290,500270,2
420290,421820,2
420290,421480,2
317020,354970,2
110002,110004,2
280030,320530,2
280290,280740,2
310420,313375,2
291210,292740,2
311820,317020,2
310620,314520,2
210330,210990,2
260120,260510,2
313240,530010,2
315250,355620,2
261160,351340,2
311060,315960,2
310420,310620,2
312840,313670,2
312830,313690,2
311830,312770,2
250750,410690,2
313440,353500,2
315250,520870,2
314800,317100,2
313670,315250,2
291360,293290,2
311830,313620,2
250750,353870,2
210330,210860,2
312800,313130,2
160030,211130,2
291360,320530,2
291360,330455,2
231290,290980,2
280300,280570,2
260110,261410,2
315250,353070,2
311430,314800,2
313620,351907,2
313620,320500,2
315250,317120,2
260030,261160,2
221120,290320,2
291080,354970,2
290750,292990,2
310670,314070,2
270100,355630,2
315250,350950,2
291080,530010,2
280610,315780,2
315250,351340,2
315250,351350,2
261160,351040,2
311820,313440,2
311787,530010,2
250400,311530,2
250320,251530,2
280450,280710,2
311800,314610,2
311800,330455,2
280440,280490,2
314810,316210,2
291170,293330,2
311060,350760,2
311430,316960,2
291210,291360,2
312870,317070,2
291360,351880,2
314330,354970,2
260960,350320,2
310400,352530,2
280060,320530,2
312770,320530,2
210330,210340,2
312770,317020,2
160040,160060,2
210320,211220,2
313670,330100,2
260990,261160,2
260140,261160,2
311430,313420,2
280030,411370,2
290320,510704,2
314330,317080,2
312770,313670,2
315770,500660,2
291400,292860,2
311840,313940,2
313440,352570,2
314790,354340,2
220700,220800,2
310350,314810,2
260170,260290,2
250190,250630,2
230690,230760,2
230640,520030,2
313670,330490,2
280030,314330,2
250750,270430,2
210120,211220,2
310400,313630,2
250750,330455,2
220770,230730,2
290320,500830,2
315580,316070,2
221100,261110,2
210005,211160,2
315580,330240,2
221100,250400,2
313300,317170,2
210170,211130,2
261000,261540,2
231290,316720,2
313670,317010,2
310620,314990,2
221100,231290,2
312770,410690,2
230428,352900,2
315770,317020,2
313670,317120,2
310400,315780,2
310400,314800,2
221100,221110,2
291360,510704,2
314800,315340,2
311830,314610,2
221060,260110,2
230730,231130,2
270240,270800,2
290320,510525,2
160027,160030,2
250300,250720,2
315250,316370,2
230020,230580,2
311070,316200,2
291080,351880,2
250400,261160,2
290100,292740,2
315120,520870,2
230370,230770,2
250970,251210,2
310600,314470,2
290080,292530,2
291070,291400,2
210160,210990,2
251210,251620,2
310590,316250,2
230210,231180,2
230210,230765,2
315180,315290,2
313620,313940,2
250890,260360,2
310590,314930,2
314590,320530,2
210005,210160,2
251370,260720,2
261160,270230,2
230370,291005,2
261160,320530,2
313620,314140,2
313170,316935,2
311090,315180,2
314520,314710,2
310560,315780,2
230765,350840,2
310620,311340,2
230730,261160,2
261420,351210,2
314590,317200,2
311530,316990,2
290320,291460,2
313240,316370,2
170950,520870,2
251080,251210,2
314930,355220,2
261160,310620,2
170950,530010,2
311530,315210,2
311530,317130,2
311530,317200,2
230280,231270,2
261160,291480,2
261160,291360,2
310620,311530,2
315070,355430,2
230280,230770,2
311100,314760,2
314590,315250,2
310730,311910,2
250970,251620,2
230280,230370,2
313190,316720,2
313190,314590,2
315120,317080,2
230765,231240,2
230765,231290,2
230260,231340,2
251370,270730,2
313170,314710,2
251370,291005,2
230100,230970,2
314590,351350,2
291072,353870,2
210140,210530,2
230770,231290,2
170550,171610,2
291080,291920,2
311120,311200,2
314810,317200,2
230100,231290,2
230730,261110,2
313130,320500,2
230100,231240,2
290320,292890,2
313130,317130,2
310620,313190,2
311770,316370,2
313130,317020,2
260010,261360,2
313130,315720,2
230030,230730,2
260010,261390,2
261110,291840,2
315220,316720,2
311070,317070,2
150812,211160,2
260010,261530,2
311780,314730,2
261110,270670,2
313130,355030,2
291072,293330,2
315180,350950,2
230110,230760,2
230110,240800,2
313240,353080,2
251370,353870,2
310670,312980,2
270100,317010,2
315180,352590,2
291072,291640,2
310670,313620,2
291072,291760,2
230765,420910,2
291072,292200,2
313170,314080,2
311660,314520,2
314590,330630,2
260005,260790,2
311510,351620,2
250400,250970,2
315180,354870,2
314470,316870,2
260005,260680,2
315180,354990,2
313170,313670,2
314930,320500,2
230770,230960,2
311660,315880,2
310560,310620,2
313170,313380,2
260005,260760,2
260960,350950,2
310350,314280,2
311860,312410,2
260760,261070,2
312230,351620,2
260410,260950,2
312230,317070,2
312230,317020,2
250750,251120,2
314730,315250,2
311860,412550,2
311860,530010,2
316990,420910,2
260410,261170,2
240420,240720,2
211130,211280,2
311910,312160,2
310830,313490,2
314700,315720,2
312230,316040,2
292660,293050,2
292740,292860,2
310830,313310,2
290460,293330,2
292740,293010,2
210990,211400,2
313760,317120,2
313420,354340,2
230440,431490,2
260720,354070,2
230440,510340,2
210860,211280,2
313420,314800,2
313720,353630,2
310670,355030,2
310620,330100,2
270430,355030,2
260360,354400,2
311860,352590,2
312360,317070,2
260790,292740,2
230440,350600,2
315780,355030,2
310670,354390,2
312360,313490,2
316930,316940,2
316930,355030,2
260400,260520,2
230580,231290,2
211130,330240,2
250750,251290,2
313990,314410,2
261160,420540,2
310160,310620,2
316935,354780,2
312320,314520,2
310150,330600,2
311860,354780,2
292200,320490,2
270730,352570,2
211130,320500,2
313950,530010,2
210120,210360,2
310670,354880,2
311860,354880,2
211130,311830,2
270730,270770,2
230440,520140,2
311330,314390,2
310670,520510,2
260600,260880,2
312160,313510,2
292740,510340,2
314700,500320,2
260720,261070,2
260600,260960,2
317010,521150,2
260600,261390,2
240800,240940,2
314700,520320,2
314710,315140,2
310730,316110,2
160030,310670,2
270630,353870,2
311270,314330,2
314700,520640,2
270630,270800,2
310710,316930,2
210030,350320,2
260620,261070,2
261160,520870,2
210530,261110,2
314700,521523,2
292920,293070,2
260640,261250,2
240810,313670,2
270480,270770,2
293010,293360,2
260680,260790,2
312160,530010,2
311320,311800,2
292740,420820,2
260720,292740,2
230550,230690,2
260520,261000,2
292740,330240,2
260720,314590,2
160053,160070,2
310670,530010,2
171820,172065,2
290520,291170,2
250630,421660,2
292740,350600,2
210280,211130,2
260720,292770,2
312230,313375,2
260520,261640,2
210540,210910,2
270480,270630,2
293330,350160,2
317010,354340,2
292740,354850,2
292740,354870,2
260720,290570,2
313840,316290,2
317010,354940,2
292740,420540,2
312230,312770,2
311930,317040,2
260720,270430,2
312230,312320,2
310160,311160,2
313720,314790,2
313380,314330,2
310670,330630,2
250180,270430,2
311860,313665,2
210120,210860,2
313375,355170,2
311860,313670,2
315960,355030,2
313670,354780,2
270430,330455,2
311030,311160,2
290650,290730,2
290600,293010,2
311160,313240,2
210300,230440,2
260290,260410,2
240140,240325,2
170210,172120,2
310620,354980,2
260950,261450,2
230440,280030,2
210120,210570,2
260290,261000,2
260290,261180,2
260290,261370,2
270860,270940,2
220190,220220,2
210300,210820,2
240140,260360,2
210005,240990,2
310320,311860,2
310670,350920,2
315960,353870,2
260960,330455,2
220430,280480,2
220430,260720,2
172100,355670,2
310340,316860,2
291460,291750,2
310670,317070,2
210300,210910,2
210320,210340,2
310340,314140,2
240120,251370,2
260960,261370,2
315780,530010,2
160040,310670,2
280030,291080,2
291480,291955,2
170610,171610,2
311860,313620,2
230440,250400,2
310340,311370,2
260190,261070,2
313670,350950,2
170310,171610,2
315960,350950,2
250180,292740,2
250750,260960,2
310340,310620,2
314110,410690,2
310620,312410,2
310620,320500,2
240140,330455,2
310670,352720,2
316470,354340,2
311230,312160,2
211220,211250,2
313670,510790,2
260880,261160,2
260360,261420,2
210160,210960,2
290460,292740,2
291750,293010,2
311340,313940,2
211130,431490,2
314000,330455,2
312510,315250,2
314730,354990,2
312510,317070,2
260790,431490,2
310670,352590,2
316720,351380,2
260360,260960,2
311160,316930,2
291800,293330,2
291840,292400,2
230640,231180,2
240140,351210,2
230640,231290,2
260790,350570,2
313720,314300,2
291640,293135,2
310620,330070,2
291640,293290,2
310620,316990,2
310170,310620,2
240140,351350,2
210300,210330,2
250110,250970,2
261160,411370,2
314110,314740,2
291640,310620,2
311230,312800,2
260790,353870,2
291800,292740,2
411460,412350,1
411420,411915,1
261250,530010,1
261420,500370,1
411420,411480,1
411375,520480,1
411370,431440,1
411373,411960,1
411420,530010,1
411480,521850,1
411420,412580,1
411490,411610,1
411440,411450,1
411450,411880,1
411460,412560,1
261370,261640,1
411460,500500,1
172210,520320,1
411480,411710,1
411375,412580,1
411400,412770,1
411450,411760,1
261240,261640,1
261250,261540,1
261360,261390,1
411370,521973,1
411450,412500,1
411450,412770,1
411480,411960,1
261360,261530,1
411400,411480,1
261360,291070,1
172210,421320,1
411450,420910,1
411370,500660,1
411400,412795,1
411373,411440,1
411440,411780,1
411440,411490,1
411400,420890,1
411373,412795,1
411180,411885,1
411370,430460,1
410990,411060,1
410980,412850,1
410980,412710,1
410980,412240,1
410980,412000,1
120020,292740,1
410970,420360,1
410970,412410,1
270430,350600,1
410965,411400,1
410940,520870,1
410940,430510,1
270430,353870,1
410940,421420,1
270430,354140,1
270430,354990,1
410980,420820,1
410990,411520,1
410940,412796,1
410990,412810,1
411080,411727,1
411070,421930,1
172100,520110,1
411070,412230,1
411070,412060,1
270430,280150,1
411070,411370,1
270430,291080,1
411060,412790,1
270430,291480,1
411060,411400,1
411050,411990,1
411010,412560,1
411010,411990,1
411010,411070,1
410940,412810,1
410940,412795,1
411080,412500,1
410860,411710,1
270430,421010,1
410860,411350,1
270430,421820,1
410840,412480,1
410840,412140,1
410840,411990,1
410840,411850,1
410840,411760,1
410840,411460,1
410840,411330,1
410840,410940,1
410830,431750,1
410830,431490,1
410830,431410,1
270480,270670,1
410860,411610,1
270430,420820,1
410940,412770,1
410880,411535,1
410940,412680,1
410940,412580,1
410940,412560,1
410940,412350,1
410940,411960,1
270430,410420,1
410940,411450,1
270430,410690,1
410940,411150,1
410880,500500,1
410880,412770,1
410880,412740,1
410880,411990,1
410880,411885,1
270430,420540,1
411080,412250,1
172120,221060,1
411370,430210,1
270100,315770,1
411350,411840,1
411350,411710,1
270100,350520,1
270100,350620,1
411320,412550,1
411320,411990,1
411320,411915,1
270100,350950,1
411310,411420,1
411300,412530,1
270100,352670,1
270100,355030,1
411250,411375,1
411210,530010,1
411210,411960,1
411370,411420,1
120020,230440,1
270100,500540,1
411370,411570,1
261450,261530,1
270030,270240,1
172210,350390,1
270030,270480,1
120020,120050,1
270030,270670,1
270030,270860,1
270030,270940,1
270030,412630,1
270100,270730,1
270100,312710,1
411370,411990,1
120020,130420,1
270100,313630,1
270100,314430,1
270100,355690,1
411210,411480,1
270300,270930,1
411155,500600,1
120020,261160,1
270240,270630,1
411155,412680,1
270240,270770,1
411155,411520,1
411155,411480,1
411150,412240,1
411150,412065,1
411150,411450,1
120020,270770,1
270240,270860,1
411110,411480,1
270240,270940,1
270240,292400,1
270300,270430,1
411155,500370,1
411155,500720,1
411210,411420,1
411160,411750,1
411210,411370,1
270100,500600,1
270100,510622,1
270100,510623,1
411200,411770,1
411180,500720,1
411180,421660,1
172210,314790,1
411180,412660,1
270170,270730,1
411180,412090,1
411180,411990,1
411490,412110,1
120020,230730,1
172120,500270,1
411490,411960,1
261160,290390,1
411490,412575,1
420140,420880,1
110020,500720,1
260950,510792,1
420140,421880,1
420140,421800,1
420140,421770,1
420140,421170,1
420140,421040,1
420140,420910,1
260960,261110,1
260960,320520,1
110020,500830,1
420130,421480,1
210005,211400,1
420130,420205,1
260960,310620,1
420125,420910,1
420125,420890,1
420125,420240,1
260950,411370,1
420200,420320,1
420200,420460,1
420200,420540,1
420210,420380,1
260950,261250,1
420200,431490,1
420200,430210,1
420200,421930,1
420200,421820,1
420200,421780,1
420200,421750,1
420200,421620,1
420200,421480,1
420200,421290,1
420200,421250,1
420200,420910,1
420200,420850,1
260950,261640,1
260950,270730,1
420200,420750,1
420125,420170,1
260960,330240,1
260950,261070,1
412730,500540,1
412770,421100,1
261000,261180,1
412770,420890,1
412770,412795,1
412730,520870,1
412730,510760,1
261000,261250,1
412730,500600,1
412720,412790,1
420120,420750,1
261000,261410,1
412690,412720,1
110020,510622,1
261000,261640,1
412630,420820,1
412625,412810,1
412580,500720,1
412580,412680,1
412770,431870,1
260990,261450,1
412796,420820,1
412810,421690,1
260960,352390,1
420120,420240,1
260960,352470,1
260960,355100,1
420080,421690,1
420080,421575,1
420080,420490,1
420080,420350,1
420070,420540,1
260960,421320,1
420020,421480,1
420010,421140,1
420010,420810,1
420010,420445,1
412820,420910,1
412810,530010,1
260990,261220,1
420210,420450,1
260890,261090,1
411520,411580,1
420290,420480,1
420290,421660,1
260720,313375,1
420290,420850,1
420290,420830,1
260720,330455,1
420290,420690,1
420290,420590,1
260720,352590,1
420290,420460,1
420253,421970,1
420290,420320,1
420280,421770,1
420280,421120,1
420280,420940,1
260720,410180,1
420270,420630,1
420260,421930,1
420260,421660,1
420300,420390,1
420300,420430,1
210030,270730,1
420300,421290,1
420360,421690,1
260680,260960,1
420360,421050,1
260680,261110,1
260680,261370,1
420360,420400,1
110020,411520,1
420350,421720,1
420350,421610,1
260680,261530,1
260680,261640,1
420350,420640,1
420350,420420,1
210030,314430,1
420320,420820,1
210030,292770,1
260720,261110,1
420260,420570,1
420253,421750,1
260890,261000,1
260790,500270,1
110020,420420,1
110020,421600,1
110020,431870,1
260790,355030,1
260790,355670,1
260790,410690,1
420240,420390,1
420240,420360,1
110020,500230,1
420253,421610,1
420230,430460,1
260890,260950,1
420230,421190,1
420230,420830,1
110020,500370,1
420230,420460,1
420213,421360,1
420213,421030,1
110020,420390,1
260790,351880,1
110020,420360,1
260790,330455,1
420253,420445,1
420240,530010,1
260760,260790,1
420240,431140,1
420240,430310,1
420240,421970,1
420240,421930,1
110020,411560,1
420240,421800,1
210030,221100,1
420240,421690,1
210005,520510,1
260790,261170,1
260790,270300,1
260790,270430,1
420240,421190,1
260790,291005,1
412580,412625,1
412570,500790,1
412570,412635,1
172210,521308,1
411620,420230,1
411620,412820,1
411620,412550,1
411610,411930,1
411610,411722,1
411605,412635,1
411605,412405,1
411580,510340,1
411580,500060,1
261160,354330,1
411580,430470,1
411580,421690,1
411580,420910,1
411580,420890,1
261160,352900,1
261160,353650,1
261160,353670,1
261160,353870,1
411670,411790,1
411670,412680,1
411670,412770,1
411670,412800,1
411810,411840,1
261160,312770,1
411790,412740,1
411780,412065,1
411770,412060,1
261160,313170,1
411770,411820,1
261160,317020,1
411745,412795,1
261160,320520,1
411722,412795,1
411722,412740,1
172210,530010,1
411690,411960,1
411690,411840,1
261160,350600,1
411670,520330,1
411580,412125,1
261160,354340,1
412560,421050,1
261160,420900,1
110028,320160,1
261160,420420,1
411520,412710,1
411520,412680,1
110029,510795,1
261160,420820,1
411520,412550,1
411520,412530,1
411520,412140,1
411570,412550,1
261160,430770,1
411520,411990,1
261160,431320,1
261160,431490,1
261160,500270,1
261160,500330,1
261160,510795,1
411520,411670,1
411520,420200,1
411520,420240,1
411520,420420,1
411520,420820,1
411570,412230,1
411570,411820,1
411570,411620,1
411560,421130,1
261160,354780,1
411560,420650,1
411560,412770,1
261160,354850,1
261160,354870,1
411560,411605,1
261160,355670,1
261160,410180,1
261160,410690,1
411520,510704,1
411520,510340,1
411520,500370,1
411520,420910,1
261160,311860,1
261160,311787,1
411820,411915,1
412230,420910,1
412350,420910,1
412350,412770,1
412350,412570,1
412250,412550,1
210005,210325,1
412240,412660,1
412230,431680,1
110020,510840,1
412230,412550,1
411820,412230,1
412180,412410,1
412080,420910,1
412000,412850,1
412000,412560,1
411990,522140,1
261110,313670,1
261110,313820,1
411990,510040,1
412350,421290,1
412350,500090,1
412350,500430,1
261090,261160,1
261070,270430,1
261070,280320,1
261070,330455,1
412550,421660,1
412550,421580,1
412550,421320,1
412550,421130,1
261070,353870,1
261070,410690,1
412550,420580,1
412550,420460,1
412550,412560,1
261070,530010,1
412480,421690,1
412480,421310,1
412480,420820,1
412410,412660,1
411990,510030,1
411990,431410,1
411990,421660,1
110020,520640,1
411880,412500,1
411850,430660,1
411850,412820,1
411850,412770,1
411850,412350,1
411850,412140,1
261160,280320,1
261160,280480,1
411840,412040,1
411840,411960,1
411820,510792,1
411820,510040,1
411820,431560,1
411820,421660,1
411820,420910,1
411820,420540,1
261160,291080,1
110020,520870,1
411915,412080,1
411990,420700,1
411915,412230,1
411990,420380,1
261110,314330,1
261110,350950,1
261110,351110,1
411990,412230,1
261110,510025,1
411960,420210,1
411960,412800,1
411960,412770,1
261160,261250,1
210005,210232,1
411940,420360,1
411940,412560,1
261160,261410,1
411940,411990,1
411915,530010,1
261160,261570,1
410830,412570,1
317020,353870,1
270480,270690,1
355400,355670,1
172100,172210,1
355535,500230,1
355535,412000,1
355450,411990,1
355430,500830,1
291360,317020,1
355430,500540,1
355430,500270,1
355400,410690,1
355400,355410,1
355620,420910,1
355340,355710,1
355330,355640,1
355300,410690,1
355255,410240,1
291360,354070,1
355250,521150,1
355240,500830,1
355240,412810,1
355240,410920,1
355620,420590,1
291360,291640,1
291360,410690,1
355710,520870,1
410050,410430,1
291170,292530,1
410045,410430,1
410040,412560,1
291170,520870,1
410040,411915,1
410040,411760,1
410040,410765,1
291210,291390,1
355670,530010,1
355630,521150,1
355670,500270,1
355670,420890,1
355670,412550,1
172100,230440,1
355670,410240,1
355650,420820,1
355650,411520,1
291360,291560,1
355645,410480,1
291360,355030,1
355240,355400,1
355030,522140,1
355170,355230,1
355170,510623,1
355170,500720,1
355170,500540,1
355170,420910,1
355170,412680,1
355170,411885,1
291400,293050,1
355170,355340,1
355170,355250,1
355160,355210,1
355210,355650,1
355150,355630,1
355150,355170,1
355100,520510,1
355100,431710,1
355100,412240,1
291400,293360,1
355090,355150,1
291460,291840,1
355060,355160,1
355170,530010,1
355220,355280,1
355230,500830,1
355220,421320,1
355230,420590,1
291360,520870,1
355230,355430,1
355230,355255,1
291390,291640,1
355220,520870,1
355220,431490,1
355220,430460,1
355220,421690,1
355220,420910,1
291400,292400,1
355220,412550,1
355220,412080,1
355220,411520,1
291390,292510,1
130190,130250,1
291390,292530,1
355220,355650,1
291390,293330,1
291400,291460,1
410050,410560,1
410050,410660,1
410050,410860,1
410180,420910,1
410190,411520,1
291072,291170,1
410190,410860,1
410190,410640,1
410190,410370,1
410180,530010,1
172100,292740,1
410180,421660,1
410180,421130,1
410180,420820,1
410190,412240,1
410180,420230,1
120060,130420,1
410180,411915,1
172100,291470,1
410180,411420,1
410180,411070,1
410180,410765,1
291072,292740,1
291072,293290,1
410190,412000,1
410190,412710,1
410050,410880,1
410210,411350,1
410210,500540,1
291060,292740,1
291060,293010,1
410210,411960,1
410210,411810,1
410210,411710,1
291060,355030,1
410210,411480,1
410210,411375,1
410210,411210,1
410190,412850,1
410210,410430,1
410200,420830,1
410200,420540,1
410200,412770,1
291070,291955,1
410200,411580,1
410200,410830,1
291070,292400,1
410200,410370,1
410180,410490,1
410180,410480,1
410180,410400,1
410140,410240,1
120060,530010,1
410140,411210,1
410140,411150,1
410140,411070,1
410140,410980,1
410140,410970,1
410140,410830,1
410140,410480,1
291080,354400,1
291080,411520,1
410180,410230,1
291080,412550,1
410120,411370,1
410120,411320,1
291080,520110,1
410050,411840,1
410050,411800,1
291170,291560,1
410050,411210,1
291170,291950,1
291080,350280,1
410140,412217,1
410140,412850,1
291080,293290,1
410170,411880,1
410170,410770,1
410170,410430,1
410160,420890,1
410160,412550,1
291072,320500,1
410160,411620,1
291072,350950,1
410150,421690,1
410150,412580,1
172100,260410,1
120060,521880,1
410150,411210,1
410150,411150,1
410150,410980,1
291080,292250,1
410150,410370,1
410150,410180,1
172100,240810,1
291460,530010,1
130190,140010,1
291060,292660,1
292740,293360,1
292530,350920,1
292620,431410,1
130260,221100,1
292660,292860,1
130260,230280,1
354870,520510,1
354870,500830,1
171820,172120,1
354870,420910,1
354870,412230,1
354880,410580,1
354870,412080,1
354870,411950,1
354870,411820,1
292740,310670,1
292740,314140,1
354870,355670,1
354870,355620,1
292740,317020,1
130260,230640,1
354880,355620,1
292530,320130,1
292740,330210,1
292250,355030,1
292200,293135,1
354970,521880,1
354970,420910,1
354970,355640,1
354970,355240,1
354940,521170,1
292250,292870,1
354940,355150,1
354910,355640,1
292250,530010,1
292510,313170,1
292400,292660,1
354890,521973,1
354890,430210,1
354890,420430,1
354890,355330,1
354890,355240,1
292400,292920,1
354890,354910,1
292400,293010,1
292740,320510,1
292740,330330,1
355030,520110,1
292870,292930,1
354780,421580,1
354780,420910,1
354780,412550,1
354780,411370,1
292770,353100,1
292860,292930,1
292860,293010,1
354780,355620,1
354780,355250,1
354780,355170,1
354780,421720,1
354780,355100,1
130260,260720,1
292870,293290,1
354780,354980,1
130260,261000,1
292930,293050,1
354770,500570,1
354770,412000,1
354770,411520,1
354780,421660,1
171610,500620,1
354870,355170,1
354850,410860,1
130260,230770,1
292740,350570,1
130260,230970,1
292740,350950,1
354850,520870,1
354850,431490,1
292740,351880,1
292740,352900,1
354850,420910,1
292740,411370,1
292740,520140,1
354850,355240,1
354850,355220,1
130260,240800,1
130260,240810,1
354850,354980,1
354850,354890,1
354850,354880,1
292740,430040,1
292740,430460,1
291955,431265,1
291955,292740,1
354980,355500,1
355030,411915,1
291480,355240,1
355030,420890,1
355030,420820,1
291480,355645,1
291480,411520,1
291480,411990,1
291480,520800,1
291480,521150,1
291560,291800,1
355030,411820,1
291480,350950,1
355030,411520,1
291560,293330,1
355030,411210,1
355030,411070,1
291640,292510,1
355030,410540,1
291640,292530,1
355030,410480,1
355030,410370,1
355030,421500,1
355030,421690,1
354980,355535,1
171820,520870,1
355030,520030,1
355030,510760,1
291470,292930,1
355030,500830,1
291480,292920,1
355030,500620,1
355030,500470,1
355030,500330,1
291480,292990,1
355030,432070,1
355030,430460,1
355030,431990,1
355030,431870,1
355030,431560,1
130190,310620,1
291480,330100,1
291480,350635,1
355030,430930,1
355030,430770,1
355030,430510,1
355030,410345,1
355030,410190,1
355030,410140,1
291840,354870,1
291800,292920,1
354990,411990,1
291800,293010,1
354990,410480,1
291800,293290,1
291840,292660,1
291840,293010,1
291840,293360,1
291840,350950,1
171820,330240,1
355030,355710,1
291920,310620,1
354980,520870,1
354980,500370,1
354980,500270,1
354980,421660,1
354980,420420,1
291920,411370,1
130260,160030,1
291955,292250,1
291750,520320,1
354990,431490,1
354990,510340,1
354990,520510,1
355030,355700,1
291640,293070,1
355030,355640,1
130260,150050,1
355030,355480,1
355030,355450,1
355030,355410,1
130260,150060,1
291640,320500,1
291640,350650,1
130260,150442,1
355030,355170,1
355030,355160,1
291640,520140,1
291750,292400,1
291750,292870,1
355030,355040,1
291750,293050,1
291750,354850,1
410220,411520,1
410230,410690,1
410830,411850,1
410660,410690,1
280290,280350,1
410690,410720,1
410685,412217,1
410685,411420,1
280320,280610,1
280320,280710,1
410660,411710,1
280320,292740,1
410660,411420,1
410655,412580,1
410690,410980,1
410655,411373,1
280320,293070,1
410645,411760,1
410640,412710,1
410640,412000,1
120040,230730,1
410630,412770,1
280320,330455,1
410630,410940,1
410690,410970,1
410690,411010,1
280480,280610,1
410690,411560,1
280030,350950,1
280030,352340,1
280030,353870,1
410690,411910,1
280030,354980,1
280030,420460,1
280030,430210,1
280030,521973,1
280060,315780,1
280150,353870,1
280210,280740,1
410690,411480,1
410690,411420,1
280150,354870,1
410690,411330,1
280210,280350,1
410690,411210,1
280210,280400,1
410690,411180,1
410690,411155,1
280320,355030,1
280490,530010,1
410490,411770,1
290080,292510,1
410550,410560,1
410540,412770,1
290080,291360,1
410540,410720,1
410530,510040,1
410530,500370,1
410530,431320,1
290080,291560,1
410530,412570,1
410530,412350,1
410550,410860,1
410530,412125,1
290080,293135,1
290080,320390,1
410530,410715,1
410500,411345,1
410490,420910,1
410490,420820,1
410490,412060,1
290100,292860,1
410550,410590,1
410550,411060,1
280610,291750,1
120040,312770,1
410580,500370,1
410580,430770,1
410580,412560,1
120040,240810,1
172100,355030,1
410580,412060,1
410580,411990,1
280610,351340,1
280610,521150,1
280710,292740,1
290080,291080,1
410560,411400,1
290070,290750,1
410550,412680,1
410550,411710,1
290070,290840,1
120040,320520,1
290070,291400,1
290070,291750,1
410550,411240,1
280030,330455,1
120040,130406,1
420380,420390,1
410720,430300,1
410750,411960,1
270730,315070,1
410750,411745,1
120020,330455,1
410750,411440,1
410750,411180,1
270730,350320,1
270730,351190,1
410725,411690,1
410720,412770,1
120020,310620,1
410720,412350,1
410720,411460,1
270730,352930,1
270730,353640,1
410715,412570,1
410715,412350,1
410715,411580,1
270730,355340,1
410715,411095,1
410750,412110,1
270730,314430,1
410690,412410,1
270670,291840,1
410830,411790,1
410830,411580,1
410830,411520,1
410830,410940,1
270670,270690,1
410790,412530,1
270670,270800,1
270670,280030,1
410780,411690,1
410770,411400,1
270730,313440,1
270690,270770,1
410765,412060,1
270690,355030,1
410765,411570,1
410765,411320,1
410760,411220,1
410760,411080,1
410750,510623,1
410750,412810,1
120020,410690,1
410690,510792,1
410690,510760,1
410690,420460,1
120034,120050,1
280030,280320,1
172100,431490,1
410690,420830,1
172100,411370,1
410690,420750,1
410690,420590,1
410690,420550,1
172100,410690,1
280030,290980,1
410690,500830,1
410690,420390,1
280030,291005,1
410690,420120,1
410690,412850,1
280030,291460,1
280030,291480,1
280030,291920,1
410690,412580,1
280030,315180,1
410690,421010,1
410690,421130,1
410690,421190,1
410690,421250,1
410690,500710,1
270730,500720,1
120020,420240,1
410690,431870,1
410690,431690,1
270770,270940,1
120020,530010,1
270770,292740,1
410690,430955,1
410690,430800,1
410690,430510,1
270800,270860,1
410690,430210,1
410690,421930,1
410690,421850,1
410690,421800,1
120034,120040,1
172100,500270,1
280030,280300,1
290100,293050,1
410490,411200,1
410230,411200,1
290730,291750,1
290650,292920,1
290650,292930,1
410400,411950,1
290730,291080,1
290730,291400,1
410370,500370,1
410370,420820,1
410370,420540,1
410370,412770,1
290730,292870,1
410405,410500,1
290730,292930,1
120040,520870,1
410370,411180,1
410370,411150,1
410370,410690,1
410360,412410,1
410360,411520,1
290730,293050,1
410345,521460,1
172100,314600,1
410405,411345,1
410345,420820,1
290600,292990,1
410430,411373,1
290570,410690,1
290570,430920,1
290600,291060,1
290600,291070,1
290600,291400,1
290600,291750,1
290600,291840,1
290600,292660,1
290650,291005,1
410405,412855,1
410430,410490,1
290650,291080,1
290650,291480,1
410430,410440,1
290650,291920,1
410420,412560,1
290650,291955,1
120040,510790,1
410420,410490,1
410345,421130,1
410345,420240,1
290320,291360,1
410300,411080,1
410304,411295,1
410304,411150,1
410304,410965,1
410304,410940,1
410304,410760,1
410304,410445,1
410304,410440,1
290980,292740,1
410300,411295,1
410250,412500,1
410335,410345,1
290980,292870,1
290980,293290,1
410240,500720,1
410240,412660,1
291005,291080,1
291005,292920,1
291005,420820,1
410240,410370,1
291060,291955,1
410304,411930,1
410335,410480,1
290730,293360,1
410345,411370,1
290750,290850,1
290750,291400,1
410345,412580,1
290840,292400,1
290840,292660,1
120050,120060,1
290840,292740,1
290840,292860,1
290840,293050,1
290840,293360,1
410337,410770,1
410345,411155,1
290850,291080,1
290850,292740,1
290850,293070,1
290980,291060,1
410345,410550,1
120060,130260,1
410337,412770,1
410337,411885,1
290570,354780,1
290570,353080,1
410430,411440,1
120040,353870,1
290320,510622,1
120040,350600,1
290320,510760,1
290320,520320,1
410480,411480,1
290320,530010,1
290390,290460,1
290390,291360,1
290390,291460,1
290390,291840,1
290320,500660,1
120040,354140,1
120040,354980,1
290390,292740,1
290390,293135,1
290390,310620,1
410480,410580,1
290460,291950,1
290460,291955,1
410465,431180,1
410480,411885,1
290320,431750,1
410430,411450,1
410480,420910,1
290320,291480,1
410480,520870,1
410480,510340,1
410480,500540,1
410480,430510,1
290320,291840,1
410480,421580,1
410480,421320,1
410480,421130,1
410480,420890,1
290320,420590,1
290320,291955,1
410480,420540,1
410480,420320,1
290320,293070,1
410480,412795,1
290320,315770,1
410480,412680,1
410480,412550,1
410480,412410,1
410465,431010,1
290460,293135,1
410465,421820,1
290570,291060,1
410442,410445,1
290520,291950,1
410440,411460,1
410430,521850,1
410430,420910,1
410430,420590,1
410430,412810,1
290570,290650,1
410430,412580,1
410430,412110,1
410465,420820,1
290570,291070,1
410430,411915,1
410430,411880,1
172100,351880,1
410430,411760,1
410430,411722,1
410430,411610,1
410430,411580,1
120040,420420,1
410442,411400,1
410442,411610,1
410445,410965,1
410445,411440,1
410465,412750,1
290490,290980,1
290490,291955,1
410465,411940,1
410465,410840,1
410465,410690,1
120040,411520,1
410450,412140,1
410450,411850,1
410450,411790,1
410450,411460,1
410450,410940,1
410450,410880,1
290490,292740,1
410450,410720,1
290490,292870,1
410445,412065,1
410445,411930,1
410445,411450,1
260640,261390,1
420430,520870,1
420380,420430,1
230420,310160,1
431440,431870,1
431440,431830,1
230420,230580,1
230420,230640,1
110020,150080,1
230420,230765,1
431410,522185,1
431410,510790,1
431410,510760,1
431410,432240,1
431440,431950,1
230420,420890,1
230420,430040,1
230428,230630,1
230428,230640,1
230428,350600,1
230428,353870,1
230428,431490,1
210330,210770,1
230440,230590,1
230420,230550,1
230420,230540,1
210320,211110,1
431490,431580,1
230370,231180,1
110020,120060,1
230370,231270,1
230370,231290,1
230370,250400,1
431490,431740,1
230370,530010,1
230410,230550,1
230410,231270,1
230410,231290,1
431440,432070,1
431480,500720,1
431480,431950,1
431480,431800,1
431455,431890,1
230410,240810,1
431440,520140,1
431440,500370,1
230410,251080,1
230410,330455,1
431410,431680,1
431405,432160,1
432080,432290,1
431320,431870,1
230440,314330,1
230440,316250,1
230440,317020,1
431340,431410,1
110020,160053,1
230440,317130,1
431330,432250,1
431320,432145,1
431320,432040,1
431320,431750,1
230440,310900,1
230440,320530,1
431320,431330,1
431290,432040,1
431290,431490,1
431280,431890,1
431280,431750,1
230440,352220,1
230440,354870,1
431265,432290,1
230440,313670,1
230440,293360,1
210320,210530,1
230440,250370,1
230440,240325,1
431405,431870,1
431405,431490,1
431390,432180,1
431390,432090,1
230440,240800,1
431370,432090,1
230440,250180,1
230440,250320,1
230440,250630,1
230440,291640,1
230440,251370,1
431340,520870,1
230440,260720,1
431340,432250,1
230440,261110,1
431340,432150,1
230440,270430,1
230440,270800,1
230440,280320,1
431490,431950,1
431490,432000,1
431490,432010,1
431720,432190,1
431770,431920,1
431760,431870,1
431750,432190,1
230190,230250,1
230190,230260,1
431750,431790,1
431740,432070,1
431720,530010,1
230190,230410,1
230190,230420,1
230110,231180,1
431720,431890,1
431720,431790,1
431720,431750,1
431710,431800,1
431710,431790,1
230190,230540,1
431690,520870,1
431690,500270,1
230190,230550,1
431780,431890,1
431800,431830,1
431490,432070,1
431940,431960,1
432070,432240,1
432055,432110,1
432040,510760,1
432040,432280,1
432000,432145,1
230110,230640,1
431950,432260,1
431950,432040,1
431940,432220,1
431900,432250,1
431800,432240,1
431880,432110,1
431880,432055,1
431870,432145,1
431870,432010,1
230110,230765,1
230110,230960,1
431830,530010,1
431830,432150,1
431820,431900,1
230190,354325,1
230210,230760,1
230210,231270,1
230350,355030,1
431560,432120,1
230350,230410,1
431560,431680,1
431550,431940,1
230350,230640,1
431550,431570,1
431530,432240,1
431530,431710,1
230350,230960,1
230370,230420,1
230250,230420,1
431490,510340,1
431490,500270,1
230370,230428,1
431490,432260,1
230370,230550,1
230370,230730,1
230370,230760,1
431490,432145,1
431490,432080,1
431560,432150,1
230280,231180,1
230280,230765,1
431570,431740,1
431690,431890,1
230250,230540,1
230250,230640,1
230250,230765,1
230250,250750,1
230250,261360,1
230260,230640,1
230260,231130,1
431680,432250,1
431680,432130,1
431680,432070,1
230260,231290,1
431660,432180,1
431640,431830,1
431640,431710,1
230260,260110,1
431640,431680,1
431570,432270,1
431570,432070,1
431265,432090,1
230440,412550,1
431260,432130,1
430790,432250,1
430850,431660,1
230770,231240,1
430820,432280,1
430820,431900,1
430810,431690,1
430810,431490,1
230770,317020,1
430810,430910,1
230770,530010,1
430790,431870,1
430850,431790,1
430790,431680,1
230960,355030,1
430790,431340,1
430790,431260,1
430780,432260,1
430780,432130,1
230970,231290,1
430780,431240,1
230970,430920,1
430850,431720,1
430850,432010,1
230765,230960,1
430910,431320,1
430920,431560,1
110020,230440,1
430920,431410,1
430920,431350,1
230765,251370,1
230765,291080,1
430910,431820,1
230765,293070,1
430910,431490,1
430905,432130,1
230765,352590,1
430905,432120,1
430905,431490,1
230765,320500,1
430900,431720,1
230765,330080,1
430900,431390,1
230765,350950,1
430870,431180,1
430860,431950,1
430770,432145,1
430770,432000,1
231130,231140,1
231290,355170,1
231180,354780,1
110020,250750,1
231290,291640,1
231290,315180,1
430700,431140,1
231290,352500,1
430690,432070,1
430690,431690,1
231290,354890,1
430680,431800,1
231130,231180,1
430680,431340,1
231290,500270,1
430680,430940,1
231290,520450,1
430660,431880,1
231290,530010,1
430640,431950,1
430640,431480,1
430640,431440,1
430700,431560,1
430700,431800,1
231180,260110,1
430700,432090,1
231130,231270,1
430770,431240,1
430770,431180,1
430770,431010,1
110020,230765,1
430770,430780,1
430760,432000,1
430760,431990,1
231130,231290,1
430760,431600,1
430760,431580,1
430760,431490,1
430760,431480,1
110020,231290,1
430760,431010,1
430760,430770,1
231180,231340,1
430750,431000,1
430700,432290,1
230765,250300,1
430920,432010,1
431260,431490,1
431110,431680,1
110020,221110,1
230540,260990,1
230550,231130,1
431130,432080,1
230550,520870,1
230580,231270,1
431120,431680,1
431115,431333,1
431110,431740,1
431110,431550,1
230540,251620,1
431110,431490,1
230630,231290,1
230640,230765,1
431080,432170,1
431080,432130,1
431080,431870,1
431080,431490,1
431060,431960,1
431060,431800,1
431140,431480,1
431140,431870,1
430920,432130,1
431180,431780,1
230440,420820,1
230440,431410,1
230440,431680,1
230440,510840,1
230440,520870,1
431240,431280,1
431225,431490,1
431180,510622,1
230440,521190,1
431180,431690,1
431140,431890,1
230523,231290,1
230523,354880,1
110020,221100,1
431140,510622,1
230523,355030,1
230540,230730,1
230540,230765,1
230540,231270,1
431140,432000,1
431060,431750,1
230640,231380,1
431020,510030,1
430940,431290,1
430960,431780,1
430960,431720,1
430960,431440,1
430960,431020,1
430955,431950,1
430950,431750,1
430940,432150,1
430940,431405,1
430940,431330,1
430930,431870,1
431020,432280,1
430930,431840,1
430930,431730,1
430930,431560,1
230730,355670,1
430930,431440,1
430930,431320,1
430920,520870,1
230760,230770,1
430920,432150,1
230730,250750,1
430960,431890,1
230730,250180,1
230730,231290,1
431020,432240,1
230640,293070,1
230640,330010,1
431020,432090,1
431020,432070,1
230640,431010,1
431020,431720,1
230690,230765,1
431020,431370,1
230690,240810,1
431020,431180,1
230690,250750,1
230730,230765,1
431010,431950,1
431010,431870,1
431010,431490,1
431010,431405,1
230730,231270,1
431000,432010,1
432070,432270,1
432130,432145,1
420380,420460,1
520350,522045,1
520450,521710,1
211130,411820,1
520450,521310,1
520450,521150,1
520450,521010,1
520450,521000,1
520450,520910,1
110004,110030,1
520450,520510,1
520350,521850,1
211130,354870,1
520350,521740,1
520350,521380,1
520350,521310,1
520350,520910,1
520350,520450,1
520330,522140,1
520330,521250,1
211130,520320,1
520320,530010,1
211130,354980,1
520505,521880,1
520320,521550,1
520540,522140,1
211130,310670,1
520800,521250,1
520640,522140,1
211130,315180,1
520640,521308,1
520620,522185,1
210350,210770,1
520620,521220,1
520540,530010,1
520540,522045,1
110004,110029,1
520540,521800,1
520540,521460,1
520540,521180,1
520540,521090,1
211130,350530,1
110004,110028,1
520510,521310,1
211130,354850,1
520510,520910,1
520320,521880,1
110004,120020,1
432130,432200,1
110007,350950,1
520110,521860,1
220040,221100,1
220180,221100,1
520110,521310,1
220190,220390,1
220190,220840,1
220190,221060,1
220200,220770,1
220220,220290,1
520110,520640,1
520110,522020,1
520110,520450,1
520110,520330,1
520030,522140,1
220220,220700,1
520030,520110,1
220220,220800,1
520025,521523,1
520025,520870,1
220240,221100,1
211220,261110,1
211220,220220,1
211130,520860,1
520140,521250,1
211160,351210,1
211160,355030,1
211160,500720,1
211180,261110,1
110004,261160,1
520140,522020,1
520140,521710,1
520140,521380,1
520140,521310,1
520140,521220,1
520110,522140,1
520140,521150,1
520140,521010,1
110004,410480,1
520140,520540,1
520140,520510,1
520140,520450,1
520140,520350,1
211220,211400,1
110004,520870,1
210350,211110,1
520860,521800,1
520860,522020,1
521150,521850,1
521220,521860,1
521220,521800,1
521220,521460,1
521190,521880,1
521190,521250,1
210530,431410,1
521180,521800,1
210530,520870,1
210540,210820,1
521150,521380,1
210530,412550,1
521120,522160,1
521120,521220,1
521090,521860,1
521090,521220,1
521040,521180,1
521020,522140,1
521020,522010,1
210570,210910,1
521020,521850,1
521250,521720,1
210530,317020,1
211130,261390,1
521740,521930,1
210530,211110,1
210467,211220,1
522010,522160,1
210530,211180,1
521880,522045,1
210530,211220,1
521860,522140,1
521800,522060,1
521740,530010,1
521740,521880,1
521310,521570,1
521710,522045,1
521570,522045,1
521570,522010,1
110002,110018,1
521523,522185,1
210530,261160,1
521310,522045,1
210530,313670,1
521310,521850,1
521010,521740,1
521010,521380,1
210570,211130,1
210360,210910,1
210990,211280,1
211110,211130,1
520870,521550,1
211120,211130,1
520870,521440,1
211120,261160,1
211120,291005,1
520870,521250,1
211120,510622,1
210350,211220,1
521000,522140,1
110004,110018,1
211130,230730,1
211130,230765,1
211130,231290,1
211130,240420,1
211130,240810,1
211130,250180,1
211130,250750,1
520870,520880,1
210360,211130,1
210910,260990,1
210910,221100,1
210910,220770,1
521000,521460,1
521000,521040,1
520910,521150,1
520890,530010,1
520890,522160,1
520890,521860,1
520890,521220,1
520890,521120,1
210820,211220,1
210820,211400,1
110002,120040,1
210860,210990,1
110002,500600,1
210860,211220,1
110002,510267,1
520870,522040,1
210860,211400,1
210860,261110,1
210910,211220,1
510840,520870,1
510795,520870,1
220270,220770,1
500330,500375,1
500370,500710,1
221100,291170,1
221100,317010,1
221100,317020,1
221100,330455,1
500370,500500,1
500370,500470,1
221100,354850,1
221100,354880,1
500320,530010,1
500370,500770,1
500320,520910,1
500320,520870,1
221100,354970,1
500320,500830,1
221100,420540,1
500320,500370,1
500320,500330,1
110015,110020,1
221100,430160,1
221100,291005,1
500370,500790,1
500570,500620,1
500450,500660,1
110015,110018,1
221100,261530,1
221100,270430,1
500500,500660,1
500500,500620,1
500470,500830,1
500470,500660,1
500470,500620,1
221100,280030,1
500450,500540,1
500370,500830,1
500380,500620,1
500380,500540,1
500380,500450,1
500375,500470,1
500370,530010,1
500370,520870,1
500370,510790,1
500370,510760,1
500370,510340,1
500270,520140,1
221100,431410,1
500270,520030,1
500100,500630,1
230020,231290,1
500230,510795,1
230020,231340,1
230030,231180,1
230100,230440,1
500230,500600,1
230100,230523,1
500110,500620,1
500110,500320,1
500090,500124,1
500270,510840,1
500060,500790,1
230100,291640,1
500060,500124,1
500060,500090,1
500020,500830,1
500020,500270,1
432160,432300,1
230100,351880,1
230110,230370,1
230020,231140,1
500270,500290,1
110020,110029,1
230020,230765,1
500270,510792,1
500270,510790,1
500270,510760,1
221100,500370,1
500270,510590,1
221100,520870,1
221110,240120,1
500270,500800,1
500270,500769,1
221110,251370,1
221110,260360,1
221110,270100,1
221120,230440,1
221120,230640,1
221120,250300,1
221120,500370,1
221120,500720,1
500270,500375,1
110018,110030,1
500570,500600,1
500570,500660,1
220280,220780,1
110011,510840,1
110011,110018,1
510340,521880,1
220390,220985,1
510340,520110,1
510340,520030,1
220390,221060,1
210330,261160,1
220430,230190,1
110011,500600,1
220430,230730,1
510350,510795,1
220430,260620,1
510267,510760,1
220510,221100,1
110011,530010,1
220525,221100,1
220550,221100,1
510250,510790,1
110012,110015,1
510250,510760,1
220390,220840,1
510480,510525,1
500600,500630,1
510622,510790,1
510760,521550,1
510760,521250,1
510760,520870,1
220290,220390,1
510704,510792,1
220290,220700,1
220350,221100,1
220370,221100,1
510622,510792,1
510622,510730,1
220390,220800,1
510622,510623,1
510590,510840,1
510562,510840,1
510562,510682,1
220390,220670,1
510525,510704,1
220390,220700,1
220390,220770,1
510480,530010,1
220580,221100,1
510250,510480,1
220620,221100,1
221090,221100,1
510030,510704,1
210330,230440,1
510025,510840,1
510025,510480,1
220770,320530,1
220800,221060,1
510020,510180,1
500830,521880,1
210330,230190,1
110012,110028,1
510180,520870,1
500660,530010,1
500660,500830,1
110012,120040,1
221100,230420,1
500630,500660,1
500620,500830,1
221100,230540,1
110012,500270,1
221100,240810,1
220770,220840,1
510030,510792,1
510030,520640,1
510030,521880,1
510180,520140,1
510180,510790,1
220680,221100,1
220700,220770,1
220700,220840,1
510170,510790,1
510170,510623,1
510170,510350,1
220700,221060,1
510125,510795,1
220720,221070,1
510125,510682,1
510125,510637,1
510125,510562,1
510125,510340,1
220720,221100,1
510125,510180,1
510040,521150,1
220750,221100,1
231380,352390,1
430640,430780,1
430640,430760,1
420750,421320,1
260010,260120,1
420800,420985,1
420790,421010,1
420780,421340,1
420780,420930,1
420768,421187,1
420765,421720,1
260010,410450,1
260020,260110,1
420750,420910,1
420810,420820,1
420750,420820,1
260110,260140,1
260110,260200,1
260110,260600,1
420730,420930,1
420730,420910,1
420700,500500,1
260110,261160,1
420700,421170,1
260005,261530,1
420810,420890,1
420690,530010,1
420820,421003,1
420820,421800,1
251370,260950,1
251370,270100,1
420820,421690,1
420820,421580,1
251370,500540,1
251370,500720,1
420820,421190,1
251400,260960,1
251620,290320,1
260005,261370,1
260005,260345,1
420820,420850,1
260005,260410,1
420810,431140,1
420810,421820,1
420810,421720,1
420810,421480,1
420810,421320,1
420810,421030,1
420700,420730,1
420690,421820,1
430620,432260,1
260120,261390,1
420590,521250,1
420590,521150,1
420590,510760,1
420590,431950,1
420590,431410,1
420590,430920,1
420590,421930,1
420590,421820,1
260120,261090,1
420590,420890,1
420640,421200,1
420590,420830,1
110020,350950,1
420590,420690,1
260140,260290,1
110020,351350,1
420580,420890,1
420550,421970,1
110020,351500,1
420550,421050,1
420640,420790,1
420640,421670,1
420690,421780,1
260120,260170,1
420690,421480,1
260110,261220,1
420690,421130,1
420690,420820,1
420670,430100,1
260110,261360,1
260110,261390,1
420670,421003,1
420670,420930,1
420665,432250,1
110020,350330,1
210140,210360,1
260120,260620,1
420665,421050,1
420665,420840,1
420660,421720,1
420660,420768,1
420650,431720,1
420650,421250,1
260120,260880,1
420820,421820,1
420820,421850,1
251370,260790,1
420900,430460,1
250750,410840,1
420910,421003,1
420900,510622,1
420900,432040,1
250750,421320,1
250750,500320,1
420900,430870,1
420900,430700,1
420900,430590,1
420900,421950,1
250750,355030,1
110020,315150,1
250860,261420,1
420900,421660,1
420900,421605,1
420900,421500,1
420900,421480,1
420900,421310,1
250860,330455,1
250860,353930,1
420910,421290,1
110020,313720,1
420820,430700,1
420910,431440,1
420930,421900,1
420930,421880,1
420930,421870,1
250750,260620,1
250750,260790,1
250750,261110,1
210140,211180,1
420910,510340,1
420910,500370,1
420910,431340,1
110020,311860,1
250750,280030,1
420910,430510,1
420910,430390,1
420910,430140,1
250750,291080,1
250750,320520,1
250750,330330,1
250750,350950,1
250750,352390,1
210140,210990,1
420900,420910,1
250890,251530,1
251120,510340,1
251120,290320,1
420840,430700,1
420840,430100,1
420840,421950,1
251120,354870,1
251120,355535,1
420840,421660,1
420840,421130,1
251120,500720,1
420830,421800,1
420890,421870,1
420830,421620,1
420830,421360,1
420830,421290,1
420820,530010,1
420820,520870,1
420820,500370,1
420820,431870,1
251250,251370,1
251250,355030,1
420840,432140,1
420840,510622,1
251120,260960,1
210140,210860,1
420890,421820,1
250890,330455,1
110020,315250,1
420890,421500,1
420890,421480,1
420890,421460,1
250970,260510,1
420890,421100,1
420890,421060,1
251080,260170,1
110020,316935,1
251080,260790,1
420880,421900,1
420880,421870,1
420880,421770,1
420880,421650,1
420850,421820,1
420850,421780,1
420850,421720,1
260140,260890,1
420550,420890,1
420550,420840,1
260410,261070,1
260400,261000,1
420420,421220,1
420420,421190,1
420420,421185,1
260400,261390,1
260400,310350,1
210120,210300,1
420420,421030,1
420420,420985,1
420420,420930,1
260400,260680,1
420420,420920,1
210030,521850,1
420420,420830,1
110020,355340,1
420420,420580,1
260410,261370,1
210030,350570,1
260410,353870,1
260410,354980,1
260400,260890,1
420420,421507,1
420430,420985,1
420420,431280,1
210120,210530,1
420430,420890,1
420430,420800,1
260360,261160,1
420420,520870,1
420420,431870,1
260360,315770,1
420420,431410,1
420420,431340,1
420420,431180,1
420420,421520,1
260360,351907,1
110020,355170,1
260360,355030,1
420420,421800,1
260360,355170,1
260360,410690,1
260360,500540,1
420420,421660,1
420420,421575,1
260410,355030,1
260510,261160,1
260510,261390,1
420390,420540,1
420390,421130,1
420390,421050,1
260600,261540,1
110020,411370,1
420390,420890,1
260600,261570,1
260600,270100,1
420390,420810,1
260600,530010,1
420390,420430,1
420400,421930,1
260620,260790,1
420390,420400,1
420380,421830,1
420380,421580,1
260640,261160,1
260640,261240,1
420380,420820,1
420380,420810,1
420380,420790,1
420390,421660,1
260600,260620,1
420390,421850,1
260520,520870,1
260510,261410,1
420400,421690,1
420400,421290,1
420400,420985,1
260520,260790,1
420400,420670,1
420400,420520,1
420400,420430,1
420400,420420,1
420395,421660,1
420395,420910,1
420395,420880,1
260520,261250,1
260520,261450,1
420390,432040,1
420390,431280,1
420390,431140,1
260520,351370,1
420390,421950,1
420430,420930,1
420430,421003,1
420550,420830,1
420540,420730,1
110020,353650,1
420540,421120,1
260170,261240,1
260170,261420,1
420540,420900,1
420540,420890,1
110020,353870,1
260190,260640,1
420540,420750,1
420540,420700,1
260170,261090,1
260190,260720,1
260190,260880,1
260190,260950,1
420530,421290,1
420510,421935,1
420510,421400,1
420500,421670,1
420480,421820,1
420480,421780,1
260170,261110,1
420540,421580,1
420430,421210,1
420540,431410,1
420550,420820,1
420545,431490,1
110020,352590,1
420540,521570,1
420540,520870,1
420540,500270,1
420540,431990,1
420540,431690,1
420540,431680,1
420540,431340,1
420540,421650,1
420540,430700,1
420540,430510,1
260140,261240,1
420540,430310,1
420540,421930,1
260140,261390,1
420540,421760,1
210120,261110,1
260170,261070,1
420480,421480,1
420480,421335,1
420480,421330,1
420430,431490,1
260290,317010,1
420450,421010,1
260290,330455,1
260290,510340,1
420445,421690,1
420445,421610,1
260290,530010,1
260345,261070,1
354770,355255,1
420430,431440,1
420480,421175,1
420430,431410,1
420430,430210,1
420430,421870,1
420430,421800,1
420430,421750,1
420430,421720,1
420430,421690,1
420430,421360,1
420430,421290,1
420455,420540,1
420455,421189,1
260290,261110,1
110020,354880,1
420480,420930,1
420480,420910,1
420480,420850,1
420470,421210,1
420460,520870,1
420460,430060,1
110020,354220,1
260190,261220,1
260190,530010,1
420460,421820,1
260290,260345,1
110020,354750,1
420460,421660,1
260290,260520,1
260290,260600,1
420460,421130,1
210120,210820,1
420460,421040,1
110020,354870,1
250750,260410,1
420930,421950,1
420930,430510,1
430390,431690,1
430440,431290,1
430440,431010,1
430440,430910,1
240810,330330,1
430420,431340,1
430420,431110,1
430420,430460,1
240810,330380,1
240810,350950,1
430390,431600,1
430440,431405,1
240810,352470,1
430390,431080,1
240810,353870,1
430390,430760,1
240810,354990,1
430390,430460,1
240810,430460,1
430380,430700,1
430380,430580,1
430440,431320,1
430440,431490,1
110020,261420,1
430460,431010,1
240610,520640,1
110020,270430,1
240710,240830,1
430460,431800,1
430460,431690,1
110020,270730,1
240710,241120,1
240710,355030,1
240780,241220,1
110020,280150,1
240810,310560,1
240800,240830,1
430460,430780,1
110020,291480,1
240800,260620,1
240800,530010,1
240810,241200,1
240810,270430,1
240810,292990,1
430440,432280,1
430360,430770,1
430350,530010,1
430350,432110,1
430300,431340,1
430310,430770,1
430300,530010,1
430300,432055,1
250110,251210,1
430300,431740,1
250110,251370,1
250110,280030,1
430300,431570,1
250150,250370,1
430300,431240,1
430350,431840,1
430300,430930,1
250150,250630,1
430280,431710,1
210255,251370,1
430280,431640,1
250180,250460,1
430270,431480,1
430270,431350,1
430270,430905,1
430310,430790,1
430310,430800,1
110020,292740,1
250110,250600,1
430350,431730,1
430350,431560,1
240810,520870,1
110020,291640,1
430350,430920,1
240810,521570,1
430350,430450,1
430310,530010,1
240940,431490,1
240990,241440,1
241200,250750,1
250110,250180,1
430310,431840,1
430310,431760,1
430310,431690,1
110020,291840,1
430310,431440,1
430310,431350,1
430310,431340,1
210300,210320,1
240580,240710,1
430210,530010,1
240120,500720,1
430520,432190,1
430520,431790,1
430520,431490,1
240120,291750,1
430520,431370,1
430520,430610,1
430510,530010,1
430510,432300,1
240120,355170,1
430510,432145,1
240120,260360,1
430510,432090,1
240120,521150,1
210300,210860,1
430510,431780,1
430510,431710,1
240140,240420,1
240140,240710,1
240140,250750,1
110020,251370,1
240120,261160,1
430540,431041,1
430460,432160,1
240020,240710,1
430620,432130,1
240020,240200,1
430620,431140,1
430610,432280,1
430610,432090,1
430610,432080,1
240020,240310,1
430610,431720,1
430610,431690,1
240020,240720,1
430540,431333,1
430610,431390,1
240020,280030,1
430610,430750,1
430600,432180,1
430580,432190,1
430580,431660,1
240120,240810,1
430580,431000,1
430540,432140,1
240140,260720,1
240140,270730,1
430510,431240,1
240325,280610,1
110020,261160,1
430470,431370,1
430470,431265,1
430470,431180,1
240325,260790,1
430470,430960,1
430470,430930,1
430470,430850,1
240325,261160,1
240325,355030,1
430510,431010,1
430463,432300,1
240325,421320,1
430463,431760,1
240420,240800,1
430463,430920,1
430463,430620,1
240420,241120,1
430460,432250,1
430460,432170,1
430470,431490,1
430470,431690,1
240325,250750,1
240325,240820,1
240200,240710,1
240200,240720,1
110020,260960,1
240200,240830,1
240200,530010,1
240260,240720,1
430490,431490,1
430490,431330,1
430490,431260,1
430490,431180,1
430490,430940,1
430490,430910,1
430490,430680,1
240310,241120,1
240310,355030,1
430480,430820,1
430480,430810,1
240325,240800,1
430470,432080,1
430270,430460,1
430210,432250,1
420930,530010,1
421420,421930,1
250400,330455,1
421480,421860,1
421480,421820,1
421480,421780,1
421480,421660,1
421480,421580,1
250400,355030,1
421440,421930,1
250400,430510,1
250400,510790,1
250400,313670,1
421420,421660,1
421400,421820,1
421400,421480,1
421360,421930,1
250400,521973,1
421320,432250,1
421320,430700,1
110020,310620,1
250460,260290,1
421480,530010,1
421500,421950,1
421690,431490,1
250400,260410,1
250400,251530,1
421690,421850,1
250400,251620,1
421670,421720,1
421660,530010,1
250400,260290,1
421660,431410,1
421660,421930,1
421660,421870,1
421630,421660,1
421520,421720,1
421610,421970,1
421610,421690,1
421605,421930,1
421580,500270,1
421580,431870,1
250400,270430,1
421580,421690,1
421575,421690,1
421570,421660,1
250460,260720,1
250600,250690,1
250630,251370,1
421040,421480,1
210160,210910,1
421100,431240,1
421100,421720,1
421050,431140,1
210160,210300,1
421050,421720,1
250750,251250,1
421050,421130,1
421040,431680,1
421010,431680,1
250630,251620,1
421010,421580,1
421003,421950,1
421003,421930,1
421000,421280,1
420990,421480,1
110020,311455,1
420950,421460,1
420945,421970,1
210140,211220,1
421120,421170,1
250690,251080,1
421120,421770,1
421120,421900,1
421250,421690,1
421250,421580,1
421250,421320,1
421223,421520,1
421200,421970,1
250630,260790,1
421200,421360,1
421190,421800,1
250630,260880,1
421187,421970,1
421185,421970,1
421175,421650,1
421175,421205,1
421165,421690,1
421140,421185,1
421130,431490,1
421130,421480,1
421130,421400,1
250630,351870,1
421690,430600,1
421690,431750,1
430210,431950,1
250300,250860,1
430160,430450,1
430160,430350,1
430150,431115,1
250300,250320,1
430150,430680,1
430140,431180,1
430140,430700,1
430140,430680,1
430100,431490,1
430100,431280,1
430160,431100,1
210232,210860,1
250300,251370,1
430100,430510,1
430080,431900,1
430080,431580,1
250300,260620,1
430080,430440,1
430080,430380,1
250300,260720,1
250190,250750,1
110020,310350,1
421690,431870,1
110020,293135,1
430210,431900,1
210232,210990,1
250180,251530,1
250180,261110,1
430210,431330,1
430210,431320,1
430210,430940,1
250180,280030,1
250180,292400,1
430210,430490,1
430160,431480,1
430210,430480,1
430210,430463,1
250180,330240,1
430160,500270,1
250180,330455,1
250180,354780,1
250180,520870,1
430160,431710,1
430160,431560,1
430060,431760,1
250320,250720,1
210170,210960,1
421770,421870,1
250370,353440,1
421870,431140,1
421870,430460,1
250400,250690,1
421850,431180,1
421840,421870,1
421820,431410,1
421820,430820,1
421780,421820,1
421760,421870,1
430060,430270,1
421750,510622,1
421750,431140,1
421750,430700,1
421750,421970,1
250400,251370,1
421750,421930,1
421720,421950,1
421690,432250,1
421690,432200,1
250370,251620,1
250320,421580,1
250320,355430,1
250320,355030,1
430040,432240,1
430040,431750,1
250320,250890,1
250320,251120,1
250320,251370,1
430040,430510,1
430040,430420,1
430020,431780,1
250320,260680,1
430010,432070,1
430010,431830,1
250320,261160,1
430010,431570,1
421950,431180,1
250320,270430,1
421930,510622,1
421930,432130,1
421930,432040,1
421930,431490,1
354770,411210,1
354260,410580,1
354760,355090,1
350450,353470,1
313670,354990,1
150812,510622,1
313670,410120,1
350570,352220,1
350570,351380,1
313670,410580,1
313670,420430,1
350570,350950,1
313670,430160,1
350570,350840,1
350560,355170,1
350550,520870,1
313670,510623,1
350550,355370,1
350550,355030,1
350550,354970,1
350550,353950,1
350550,353810,1
350550,353400,1
350550,353130,1
313670,520330,1
313670,354890,1
350570,352730,1
350570,353060,1
350570,420910,1
350590,351860,1
313670,330280,1
350590,351190,1
350590,351110,1
313670,330350,1
150840,352570,1
350570,530010,1
350570,500270,1
350570,421660,1
350570,411915,1
150360,150375,1
150840,351210,1
313670,330610,1
313670,351500,1
150340,420910,1
350570,354990,1
350570,354880,1
313670,353650,1
350570,354850,1
350570,354390,1
350550,352570,1
313670,521973,1
313670,522140,1
350520,350790,1
313840,314810,1
313840,315110,1
313840,315490,1
313840,317130,1
350520,352260,1
313840,330300,1
313840,351970,1
350520,351540,1
350520,351410,1
350520,350730,1
313820,317130,1
313840,354990,1
350520,350530,1
313860,314080,1
350460,353280,1
350450,412410,1
313862,353020,1
350450,354980,1
350450,354640,1
150360,310620,1
350520,354580,1
313820,317010,1
313690,314300,1
313720,355340,1
350530,410880,1
313720,314430,1
150360,150553,1
313720,315150,1
350530,353640,1
313720,317010,1
350530,352900,1
350530,352360,1
313720,355170,1
350530,351910,1
313820,316990,1
313760,314930,1
150360,260620,1
350530,351240,1
313780,315140,1
313780,316930,1
313820,315220,1
350530,350590,1
313820,315250,1
350520,410940,1
313670,330240,1
350590,352930,1
313670,330220,1
313620,314470,1
313520,431340,1
313550,314590,1
350610,530010,1
350610,510704,1
350610,355710,1
350610,355220,1
313620,313960,1
350610,354890,1
350610,353870,1
350610,351740,1
313520,316110,1
313620,314590,1
350610,351110,1
350610,350790,1
150240,150613,1
350600,431410,1
350600,421130,1
350600,412770,1
350600,412710,1
350600,412410,1
350620,352600,1
150240,150550,1
350600,411820,1
313510,316110,1
313490,314600,1
313490,314720,1
350650,353010,1
350650,352710,1
313490,316940,1
350650,351820,1
313505,315210,1
313505,317103,1
350650,351300,1
350650,351000,1
350620,500660,1
313510,317080,1
313510,521250,1
350640,351190,1
350635,530010,1
350635,355030,1
313520,313760,1
350635,354260,1
313520,315120,1
313520,315700,1
350600,411990,1
313620,314700,1
350590,353350,1
150309,150840,1
313670,314600,1
313670,314700,1
313670,315180,1
313670,315780,1
350600,351880,1
160030,160053,1
350600,351450,1
313670,317070,1
350600,351000,1
350600,350780,1
160030,230730,1
350600,350760,1
150340,150795,1
350600,350730,1
350600,350650,1
350590,354940,1
313670,320020,1
350590,354020,1
313670,320120,1
150840,354160,1
160030,230440,1
313670,313860,1
313620,316190,1
150293,150553,1
350600,355170,1
150240,211130,1
313620,317050,1
150270,330100,1
350600,354940,1
313620,330455,1
350600,354870,1
350600,354780,1
313620,522060,1
350600,354220,1
350600,353360,1
313630,314310,1
313630,314330,1
313630,314740,1
313630,314810,1
350600,353870,1
313630,317010,1
313665,314070,1
160030,250400,1
350600,353370,1
313880,315880,1
350450,353440,1
292990,293360,1
350450,353190,1
350320,353930,1
314330,316860,1
350320,353670,1
350320,353640,1
350320,353630,1
350320,353290,1
150420,261110,1
314330,317020,1
350320,352760,1
350320,352530,1
314330,317130,1
350320,352270,1
314330,320530,1
314330,330455,1
314330,350280,1
350320,351880,1
150420,317020,1
350320,351820,1
350320,351640,1
350320,351080,1
314330,350950,1
350320,353950,1
314330,315340,1
350320,354560,1
350320,420540,1
350330,351300,1
314300,355030,1
350330,351080,1
314300,355170,1
314300,355710,1
314300,521150,1
350320,520870,1
350320,500540,1
350320,421200,1
350320,355630,1
350320,354630,1
350320,355330,1
350320,355220,1
314320,354970,1
314330,314505,1
350320,354990,1
350320,354980,1
314330,314790,1
314330,315250,1
350320,354760,1
350320,350940,1
350320,350850,1
314330,351960,1
314390,330470,1
314390,317200,1
314390,320240,1
314390,320480,1
350280,350950,1
314390,330100,1
314390,330452,1
150420,411990,1
314390,330455,1
350280,350530,1
314390,330475,1
350280,352740,1
350275,352390,1
350250,355480,1
314390,330600,1
314390,330630,1
314390,530010,1
350210,510637,1
350210,510180,1
350210,510125,1
314410,317020,1
350280,352390,1
350280,352900,1
350320,350590,1
314330,510025,1
314330,352390,1
314330,354140,1
350280,530010,1
350280,510623,1
350280,410690,1
150420,320530,1
350280,355510,1
350280,355500,1
350280,354980,1
350280,354870,1
350280,353010,1
314340,316200,1
350280,354640,1
350280,354220,1
150420,330455,1
350280,353730,1
350280,353470,1
314390,315110,1
314390,316250,1
350280,353080,1
350330,352140,1
314300,353390,1
350330,352360,1
350410,351640,1
350410,355220,1
313900,355620,1
313900,421690,1
350410,354680,1
313940,315700,1
150375,150420,1
313940,317020,1
350410,352050,1
350410,351960,1
350410,350960,1
350410,355670,1
150375,160030,1
350410,350710,1
313940,317130,1
313940,320530,1
350400,353730,1
350400,353550,1
350400,353530,1
313950,316870,1
350400,350600,1
350410,355620,1
350410,411370,1
350390,355150,1
350440,500720,1
350450,352270,1
313900,314590,1
350450,351670,1
313900,315170,1
350450,351140,1
350450,350950,1
350450,350750,1
313900,315250,1
350450,350530,1
350440,354980,1
350410,420910,1
313900,351840,1
313900,354340,1
350440,353730,1
350440,351190,1
150360,317010,1
350420,354980,1
350420,350650,1
350410,530010,1
150360,354140,1
350390,420910,1
313960,315710,1
150420,160030,1
350330,354750,1
314080,330455,1
150812,355170,1
350360,355450,1
350330,500720,1
350330,355670,1
350330,355230,1
314110,350115,1
314110,350950,1
350330,354890,1
314140,315700,1
350370,353350,1
314140,317020,1
314220,317200,1
350330,353440,1
314280,314810,1
314280,317010,1
314300,352260,1
350330,352900,1
350330,352800,1
150420,150810,1
314080,314590,1
350370,353500,1
313990,314340,1
314000,315210,1
313990,315960,1
350390,354580,1
313990,317170,1
350390,352050,1
314000,314700,1
350390,351570,1
350390,351380,1
350390,350660,1
350390,350570,1
350380,355030,1
150420,150680,1
350380,354580,1
314000,316935,1
350380,351040,1
314000,317120,1
314000,330240,1
314070,315140,1
350370,354570,1
150420,150613,1
350370,353960,1
150220,355030,1
350650,354970,1
350650,355030,1
350650,355620,1
350950,412550,1
350950,411990,1
350950,411885,1
350950,411150,1
312870,314730,1
150140,260960,1
350950,355710,1
160030,522185,1
312870,315250,1
312870,351310,1
350950,355540,1
350950,355410,1
312870,351380,1
312870,352510,1
150140,313170,1
312870,353710,1
312950,316210,1
312950,530010,1
312980,314480,1
150140,314930,1
150140,315250,1
350950,412770,1
312870,313900,1
350950,420820,1
350960,352340,1
350960,355535,1
350960,355220,1
350960,355030,1
350960,354990,1
350960,354870,1
350960,354580,1
312770,431490,1
312770,510840,1
350960,352400,1
350960,351640,1
350950,421690,1
350950,520870,1
350950,520540,1
350950,520510,1
312800,313520,1
350950,510790,1
312800,315720,1
350950,500270,1
350950,431870,1
312800,316860,1
312980,315670,1
150140,317020,1
150140,330170,1
150140,420540,1
150140,354880,1
150140,354890,1
350950,353060,1
313130,421620,1
313170,313240,1
150140,410690,1
350950,352680,1
160030,420910,1
350950,352480,1
150140,430770,1
350950,353390,1
150140,500270,1
160030,420430,1
350950,352250,1
313170,314430,1
350950,352030,1
150150,150795,1
160030,410830,1
350950,351860,1
350950,351740,1
150140,354390,1
350950,353440,1
312980,315780,1
313130,315700,1
312980,316870,1
313010,354890,1
313030,317070,1
313030,411820,1
313090,313620,1
313090,315700,1
313090,316870,1
150140,350590,1
313130,314800,1
150140,350950,1
350950,353640,1
150140,351040,1
350950,354330,1
350950,354100,1
350950,354000,1
313130,320150,1
350950,353760,1
313130,330630,1
350950,353670,1
150140,352470,1
312770,431410,1
350970,352040,1
350970,352440,1
351100,510795,1
351110,353030,1
351110,352950,1
351110,352930,1
312610,314710,1
351110,352480,1
351110,352140,1
312710,312950,1
351110,351550,1
351110,351190,1
351100,355630,1
351110,353150,1
351100,355030,1
351100,353950,1
351100,353740,1
351100,353640,1
312710,313340,1
312710,313862,1
312710,315280,1
312710,315690,1
351080,354630,1
351110,353130,1
351110,353350,1
160040,310900,1
312510,354780,1
351150,353650,1
351150,352670,1
351150,352640,1
351150,352320,1
351150,351230,1
351110,530010,1
351110,500630,1
351110,500600,1
312510,353860,1
312510,354990,1
312610,313670,1
312510,355240,1
351110,354890,1
351110,354880,1
351110,354650,1
351110,354560,1
312510,500830,1
351110,354140,1
351110,353810,1
351110,353570,1
351080,354390,1
150140,231290,1
350970,353800,1
312770,330045,1
150140,250400,1
351030,352230,1
312770,316190,1
351020,355700,1
312770,316720,1
351020,354000,1
351020,352390,1
351020,352320,1
312770,320260,1
312770,330220,1
351030,355300,1
351000,353530,1
351000,352670,1
351000,351440,1
350970,530010,1
312770,330452,1
350970,355480,1
350970,355410,1
312770,352590,1
350970,354190,1
312770,315180,1
351040,351907,1
351060,354730,1
351040,410690,1
150140,240810,1
351060,351500,1
351050,355410,1
312710,351200,1
312710,352570,1
150140,250320,1
351050,354850,1
351050,353800,1
351040,430770,1
312710,354760,1
312770,313520,1
351040,355030,1
351040,354580,1
312710,354980,1
312710,355170,1
351040,353870,1
351040,353710,1
160040,310620,1
351040,353070,1
351040,352730,1
350950,351670,1
313170,314930,1
313170,315710,1
313380,354580,1
350760,351040,1
150220,150240,1
350760,350920,1
350750,510480,1
350750,420840,1
350750,411370,1
350750,355450,1
313380,316720,1
350750,355220,1
150220,210330,1
350760,351640,1
313380,354990,1
313420,314310,1
350750,354880,1
313420,314430,1
350750,354100,1
350750,353710,1
313420,315770,1
313420,315980,1
350750,353020,1
350760,351630,1
350760,351907,1
350750,352680,1
350775,351200,1
313350,315200,1
350775,354970,1
313375,314110,1
313375,314520,1
313375,315290,1
313375,353650,1
313375,354340,1
350775,352930,1
350775,352710,1
150180,160030,1
350760,352030,1
313380,313665,1
350760,420420,1
313380,314560,1
313380,314790,1
350760,354580,1
350760,353080,1
313380,315140,1
313380,315700,1
313380,316470,1
350750,352900,1
350750,352670,1
350775,355170,1
313440,352480,1
313440,314280,1
350700,355240,1
313440,317010,1
350700,355060,1
350700,355030,1
160030,270430,1
350700,353870,1
350700,352840,1
350700,352590,1
350700,352240,1
350700,355650,1
313440,353475,1
350700,351860,1
350700,351230,1
350700,351150,1
313440,355030,1
313440,500370,1
350650,500720,1
350650,500270,1
313440,510180,1
350700,355450,1
313420,355630,1
350750,351880,1
350720,354200,1
313420,350210,1
313420,350320,1
350750,351150,1
350750,350950,1
313420,350570,1
350720,500600,1
350720,412580,1
350720,355500,1
350720,354980,1
313420,351550,1
350700,410690,1
313420,353080,1
350720,353970,1
313420,353190,1
350720,353540,1
350720,352740,1
313420,354550,1
350710,352590,1
313420,354880,1
350700,421690,1
350775,355030,1
350775,355630,1
160030,410580,1
313240,313990,1
313170,530010,1
150170,150220,1
350920,352340,1
313190,317070,1
350920,351630,1
350920,351350,1
313190,320530,1
313240,313780,1
350900,355650,1
313240,314600,1
350920,354730,1
350900,352730,1
313240,314760,1
350900,351640,1
350900,350960,1
313240,316930,1
313240,330455,1
313240,350850,1
313240,350950,1
313240,351840,1
350920,353080,1
350920,354870,1
350850,520510,1
350940,355170,1
350950,351500,1
313170,317130,1
160030,350210,1
350950,351350,1
160030,330630,1
313170,350320,1
313170,353650,1
313170,353870,1
313170,354780,1
350940,354760,1
350920,354980,1
313170,355410,1
350925,355030,1
350925,354260,1
350920,520140,1
350920,421690,1
313170,520870,1
313170,521460,1
350920,355220,1
150170,150210,1
350850,530010,1
350850,355620,1
350775,412810,1
350820,352010,1
313240,520510,1
150180,150680,1
350840,352050,1
313300,314730,1
313300,315180,1
313300,316940,1
350820,353630,1
350820,352930,1
350820,352410,1
350820,351620,1
160030,320060,1
313300,350950,1
313310,314410,1
350810,352710,1
350790,355040,1
313310,314760,1
350790,352900,1
313310,330630,1
350775,500830,1
313340,352930,1
350840,352470,1
350840,352730,1
313240,352050,1
350850,352900,1
350850,355250,1
350850,355220,1
350850,355070,1
150170,150550,1
150180,150210,1
350850,354880,1
350850,354780,1
350850,353870,1
313240,352390,1
350850,351880,1
350840,352930,1
350850,351380,1
350850,351340,1
350850,351050,1
350840,411520,1
350840,410690,1
313240,353870,1
350840,355220,1
313240,354870,1
350840,352940,1
150420,520870,1
350210,412770,1
314410,351080,1
315210,351880,1
150810,211130,1
330020,330455,1
330020,330430,1
150795,352930,1
315780,350190,1
330020,330080,1
330020,330070,1
150553,354850,1
315780,350950,1
330010,330555,1
330010,330490,1
315780,351350,1
330010,330430,1
330010,330420,1
330010,330400,1
330010,330380,1
330010,330360,1
150553,354870,1
330010,330260,1
150795,150810,1
315780,410550,1
315770,500600,1
315770,420590,1
150553,351350,1
315770,351740,1
330040,330580,1
330040,330555,1
315720,350320,1
315720,520640,1
330040,330411,1
330040,330380,1
330040,330370,1
315770,351620,1
330040,330290,1
330040,330225,1
315770,412580,1
315770,351790,1
315770,351860,1
330030,330620,1
330030,330540,1
330030,330400,1
315770,352010,1
315770,353020,1
315770,353960,1
315770,354340,1
315780,420910,1
330010,330030,1
315780,421660,1
320520,352590,1
320530,330010,1
320520,510622,1
320520,500270,1
320520,420910,1
315960,354390,1
320520,354970,1
320520,354850,1
315960,354990,1
320520,354390,1
315960,421660,1
320530,330220,1
315960,522140,1
320520,330580,1
315980,317010,1
315980,355030,1
315980,520510,1
150553,500320,1
316040,316470,1
316070,316250,1
316070,317130,1
315960,352590,1
320530,330240,1
150553,420910,1
315960,330420,1
320530,510840,1
315780,421900,1
315780,520320,1
320530,420820,1
320530,420540,1
320530,420420,1
320530,410840,1
320530,410690,1
320530,355500,1
315960,330455,1
320530,330290,1
320530,354660,1
320530,354340,1
320530,353870,1
320530,353080,1
320530,352590,1
320530,350920,1
320530,350600,1
320530,330490,1
150553,431490,1
330040,330610,1
330040,330620,1
150553,330420,1
330100,510340,1
330170,330220,1
315250,352390,1
330150,330340,1
330140,330240,1
330120,330600,1
330120,330340,1
315250,352590,1
315250,352720,1
330110,330210,1
330100,355030,1
315250,352260,1
330100,351880,1
330100,330630,1
315250,353050,1
315250,353390,1
315250,353550,1
315250,354730,1
330100,330410,1
315250,354850,1
315250,354980,1
150553,313620,1
315250,351970,1
150553,314590,1
315250,317100,1
330210,330340,1
330210,330220,1
330200,330414,1
330200,330350,1
330200,330330,1
330200,330320,1
330200,330240,1
330190,330520,1
315250,316190,1
330190,330270,1
330170,330390,1
330190,330240,1
330170,530010,1
330170,420540,1
315250,320520,1
315250,330040,1
315250,330240,1
315250,350840,1
330170,330490,1
330170,330475,1
330100,330310,1
315250,355650,1
330040,354780,1
330050,330150,1
330070,330170,1
330070,330080,1
330060,330310,1
315580,316290,1
315670,320530,1
330050,330480,1
315690,354340,1
315690,355430,1
315700,315710,1
315700,316110,1
315490,317130,1
330050,330100,1
330045,510525,1
315700,320320,1
315700,355620,1
315700,355670,1
330045,330414,1
150553,330200,1
150553,330240,1
315710,316860,1
330070,330270,1
315290,316470,1
330080,520870,1
315250,510622,1
330080,431010,1
330080,410690,1
330080,352720,1
315250,430930,1
330080,350970,1
330080,330580,1
330080,330490,1
315250,510340,1
330080,330452,1
330080,330240,1
315290,316040,1
330080,330225,1
330080,330170,1
315280,317010,1
330070,510525,1
330070,510340,1
330070,330580,1
330070,330550,1
315280,354940,1
315280,530010,1
316110,316250,1
320500,530010,1
320500,500660,1
320020,320332,1
317010,351350,1
320040,320510,1
317010,352220,1
320040,320260,1
317010,352480,1
317010,352710,1
317010,353190,1
320020,320520,1
317010,353320,1
320020,320300,1
150680,292740,1
317010,353470,1
320020,320040,1
320010,330240,1
317010,353650,1
320010,320460,1
320010,320340,1
317010,353730,1
320010,320040,1
317200,500370,1
317010,350920,1
320040,354870,1
317200,330455,1
320060,330025,1
320090,320320,1
320090,320270,1
316990,354330,1
316990,354390,1
150680,354260,1
320060,352440,1
320060,350920,1
317010,320530,1
320060,330240,1
317010,330455,1
320040,420240,1
320060,320520,1
317010,330490,1
320060,320460,1
320060,320320,1
320060,320313,1
317010,350210,1
317010,350600,1
320060,320130,1
320040,530010,1
317200,354870,1
317130,330370,1
316990,317010,1
317020,431370,1
317020,520140,1
317020,330455,1
317020,350320,1
317020,510760,1
317020,510704,1
317020,510030,1
317020,350600,1
317020,431490,1
317020,431440,1
317020,421690,1
317020,520510,1
317020,421660,1
317020,350610,1
317020,351110,1
317020,411370,1
317020,355100,1
317020,355090,1
317020,355060,1
317020,352250,1
317020,353475,1
317020,520350,1
317020,330080,1
317130,320490,1
317070,353870,1
317120,420910,1
317120,355220,1
317010,354390,1
317120,350920,1
317070,530010,1
317070,431680,1
317010,355170,1
317010,355690,1
317070,354780,1
317010,411820,1
317020,520910,1
317070,351840,1
317070,350570,1
317070,330630,1
317070,320530,1
317010,500370,1
150680,211130,1
317010,510790,1
317010,520510,1
317020,521850,1
316990,317130,1
316960,521880,1
150553,510025,1
316720,317130,1
316370,354970,1
316470,351620,1
316470,353630,1
320380,330240,1
316470,355030,1
320350,320500,1
320350,320410,1
316720,317040,1
316720,317080,1
150553,521460,1
320480,320520,1
320320,320520,1
320320,320500,1
316720,330455,1
320320,320350,1
316720,350950,1
320313,320320,1
320300,320340,1
316720,351840,1
320270,320460,1
320480,320510,1
316370,330455,1
316720,355030,1
316110,317020,1
320500,412560,1
320500,410180,1
320500,354880,1
316110,317010,1
320500,353870,1
320500,352940,1
320500,351350,1
320500,350950,1
320500,350920,1
320500,330490,1
320480,330310,1
316200,317070,1
316200,317170,1
320500,330170,1
316210,530010,1
316290,317200,1
316290,411915,1
316370,330390,1
320490,320500,1
320480,330410,1
320260,530010,1
316720,410690,1
320090,353870,1
316960,317010,1
320130,330455,1
320130,330250,1
150553,530010,1
150613,171610,1
316935,412550,1
316940,317070,1
320130,320300,1
316940,530010,1
320130,320190,1
150680,530010,1
316935,330240,1
320120,320506,1
320120,320500,1
320120,320480,1
320120,320340,1
320120,320332,1
320120,320280,1
320120,320260,1
320120,320140,1
320120,320130,1
316935,330455,1
320140,320506,1
320240,355030,1
320190,330475,1
320240,350600,1
320240,330455,1
320240,330100,1
316720,510790,1
316720,520140,1
320240,320510,1
320240,320340,1
316720,521150,1
320220,320530,1
316720,521973,1
320140,320520,1
316860,316870,1
320160,320500,1
320160,320490,1
320150,530010,1
150553,521550,1
316860,317070,1
320150,320470,1
316860,330045,1
320150,320410,1
315210,410690,1
330210,330470,1
314410,355030,1
315210,317200,1
330600,530010,1
330600,354980,1
330600,330610,1
314700,521550,1
330580,354390,1
330580,350650,1
330580,330630,1
330580,330600,1
330555,530010,1
330555,500320,1
150812,353020,1
330555,330610,1
314710,314990,1
314710,315150,1
330520,330550,1
330510,355030,1
330510,330580,1
330490,530010,1
330490,420540,1
314710,315670,1
330490,354850,1
314700,353190,1
314700,320040,1
314700,317120,1
350010,350620,1
350010,353730,1
314600,353070,1
350010,353320,1
350010,352880,1
150543,280060,1
314610,316935,1
350010,351440,1
350010,350720,1
350010,350650,1
350010,350210,1
330630,351380,1
314610,355030,1
330630,421620,1
330630,420930,1
330630,410690,1
314700,314810,1
330630,355240,1
330630,354990,1
314700,315780,1
314700,317080,1
330490,353070,1
330490,330575,1
314710,316310,1
330455,410480,1
330455,420890,1
330455,420590,1
314760,316370,1
314760,330020,1
330455,411820,1
330455,411520,1
330455,410830,1
150543,311860,1
314790,314800,1
330455,410370,1
314740,314930,1
314790,315150,1
330455,355620,1
314790,315250,1
150543,314590,1
314790,315770,1
330455,354980,1
330455,354890,1
314790,316040,1
314790,316250,1
330455,420910,1
330455,421250,1
314710,410690,1
330455,431680,1
330470,530010,1
150543,291750,1
150543,310400,1
330455,520110,1
330455,510180,1
330455,500370,1
330455,500320,1
330455,431800,1
330455,431740,1
330455,431640,1
150543,311830,1
330455,431560,1
314730,316370,1
314730,330420,1
330455,430700,1
314730,352470,1
330455,430390,1
330455,430350,1
330455,430160,1
330455,421690,1
350010,353870,1
314600,350950,1
350010,355340,1
350170,355220,1
314520,315140,1
314520,316470,1
350190,354130,1
350190,353870,1
350190,353710,1
314520,330350,1
314520,350950,1
314520,354850,1
350190,350760,1
350160,355620,1
350190,355620,1
314520,530010,1
314590,314610,1
350160,354980,1
350160,354870,1
350160,354630,1
150530,211130,1
314590,314700,1
350160,353930,1
350160,353880,1
350190,355210,1
314480,530010,1
314590,315720,1
150420,522140,1
350210,355230,1
314430,315200,1
350210,354980,1
314430,350950,1
314430,351820,1
314430,352710,1
350210,353730,1
350210,353550,1
350210,353475,1
350210,353020,1
350210,350600,1
350210,353010,1
314430,354780,1
350210,352470,1
350210,352090,1
314480,314610,1
350210,351190,1
314480,315780,1
350210,350650,1
350210,350620,1
350160,353730,1
150543,150795,1
350010,355510,1
350050,355160,1
350070,352530,1
314590,410180,1
350070,350530,1
314590,431870,1
350060,354390,1
350060,353070,1
314590,500320,1
350050,431340,1
350050,355210,1
350050,353870,1
350070,353670,1
350050,352260,1
314590,520320,1
350050,350920,1
314590,521460,1
350010,500720,1
314600,316200,1
350010,411370,1
350010,410480,1
314600,317070,1
350070,352680,1
350070,353880,1
350160,353320,1
150543,210120,1
314590,316720,1
350160,352690,1
314590,317070,1
314590,317120,1
350160,351440,1
350160,351280,1
350160,351040,1
314590,320040,1
350160,350750,1
350115,355060,1
350070,355030,1
350115,352050,1
350115,350700,1
350100,500020,1
314590,352710,1
350100,354780,1
350100,353870,1
350100,353020,1
314590,354780,1
350070,355070,1
314790,316470,1
314790,317070,1
314790,350950,1
330290,330455,1
330320,330360,1
150553,260720,1
315180,317020,1
330310,330410,1
330300,330475,1
315180,330455,1
330300,330410,1
315180,350115,1
330290,330620,1
330290,330380,1
315180,315780,1
330290,330370,1
330290,330360,1
330290,330350,1
315180,350760,1
330280,330620,1
330280,330455,1
330280,330420,1
330280,330400,1
315180,352440,1
315180,317010,1
330320,330580,1
315180,352450,1
330330,330600,1
315110,330580,1
330340,330480,1
150553,150808,1
315120,520140,1
330330,410690,1
330330,354780,1
330330,354340,1
330330,352260,1
330330,330630,1
315120,520320,1
150812,251370,1
315120,520330,1
315140,317130,1
150553,160040,1
330330,330470,1
150553,172100,1
315150,316470,1
315150,354340,1
150553,230730,1
330330,330350,1
330270,330455,1
315180,352510,1
315110,330420,1
330225,330555,1
150553,261160,1
315180,420420,1
330240,330370,1
330240,330350,1
315180,420910,1
315180,421690,1
330240,330310,1
330225,351880,1
315180,520110,1
330225,330540,1
315180,412550,1
150553,280060,1
150553,280320,1
330225,330411,1
330225,330360,1
315210,316720,1
330220,330350,1
330220,330340,1
330220,330310,1
330220,330300,1
330240,330480,1
330240,330520,1
330250,353650,1
315180,354850,1
315180,352690,1
315180,353060,1
315180,353070,1
315180,353080,1
315180,354000,1
315180,354340,1
330240,520870,1
330240,520320,1
315180,354630,1
330240,420910,1
330240,330580,1
330240,410690,1
150812,221110,1
315180,355160,1
330240,354070,1
330240,353650,1
315180,355450,1
330240,351350,1
330240,350950,1
315180,410370,1
315110,330480,1
330340,520510,1
330455,353340,1
330420,355220,1
330452,330490,1
314800,353870,1
330430,330630,1
330430,330550,1
314800,354390,1
330420,500660,1
314800,355220,1
330420,410690,1
330420,355410,1
314800,355250,1
314800,316720,1
314800,520870,1
330420,354780,1
330420,354330,1
314810,317010,1
330420,351380,1
150812,311530,1
330420,350750,1
330420,350490,1
314810,317080,1
314800,316935,1
314800,316210,1
314810,317130,1
330455,351000,1
330455,353080,1
314790,352230,1
330455,352500,1
314790,352470,1
330455,352440,1
330455,352390,1
314790,353070,1
150543,317020,1
330455,351280,1
330455,350960,1
150543,330630,1
150543,320520,1
330455,350920,1
330455,350660,1
314790,355170,1
330455,350410,1
314800,315120,1
314800,315220,1
314800,315690,1
330455,330540,1
330420,330550,1
314810,353070,1
330350,330390,1
315070,350320,1
330380,330455,1
314930,411070,1
314930,520320,1
330370,354890,1
330370,350650,1
314930,530010,1
330370,330620,1
315070,350210,1
330370,330455,1
150812,260110,1
330380,354850,1
330360,330510,1
330360,330455,1
315070,353020,1
315070,355240,1
330350,355030,1
150553,150680,1
330350,330580,1
150553,150795,1
315110,316290,1
330380,330555,1
150550,150553,1
330414,330510,1
330400,330555,1
314810,412710,1
314830,317200,1
314930,315780,1
330410,330475,1
314930,330110,1
330410,330452,1
330400,355030,1
314930,330250,1
330400,330620,1
330400,330420,1
314930,353650,1
330390,500320,1
330390,431490,1
330390,354870,1
330390,354850,1
330390,354780,1
330390,352900,1
314930,330420,1
314930,351030,1
314930,351300,1
351150,353780,1
312510,353050,1
351150,354520,1
310560,314930,1
353080,354990,1
170700,410690,1
353080,354880,1
310620,315880,1
310620,315960,1
170700,172120,1
310620,316860,1
310620,316930,1
353080,354330,1
310620,316940,1
353080,353340,1
170700,171525,1
353070,520870,1
353070,421480,1
353070,420910,1
353070,412630,1
353070,412080,1
310620,320490,1
353070,410160,1
170700,170950,1
353070,355620,1
310620,315710,1
353080,355220,1
353080,355240,1
353100,355170,1
310620,314810,1
353130,354340,1
310620,315140,1
353110,355100,1
353110,355030,1
130260,412770,1
353110,354100,1
353110,353760,1
353100,355535,1
310620,315210,1
353080,355400,1
310620,315220,1
353100,354560,1
353100,353400,1
170720,171610,1
353080,500830,1
353080,412550,1
353080,355730,1
310620,315700,1
353080,355450,1
353070,355220,1
353070,354970,1
310620,330360,1
353030,510760,1
310620,352470,1
353060,353440,1
353050,411810,1
353050,411520,1
353050,355670,1
353050,354970,1
130260,431020,1
310620,352720,1
353050,353070,1
130260,500270,1
310620,352390,1
353030,354890,1
310620,352730,1
310620,353440,1
310620,353870,1
310620,354340,1
130260,510840,1
310620,354780,1
310620,354850,1
353020,412000,1
353060,353870,1
353060,354140,1
170610,172100,1
353060,500320,1
353070,354880,1
310620,330520,1
353070,354780,1
353070,354630,1
310620,350570,1
353070,354340,1
310620,351350,1
353070,353710,1
130260,420820,1
353060,430920,1
353060,354330,1
353060,411180,1
353060,410690,1
130260,420910,1
310620,351620,1
310620,351907,1
310620,352010,1
130260,430160,1
130260,431010,1
353060,354780,1
310620,314790,1
353130,355220,1
310620,314730,1
353360,354020,1
353390,353740,1
353390,353640,1
353390,353570,1
310620,310900,1
353360,412240,1
353360,411990,1
130260,354890,1
310620,311787,1
353360,354070,1
353360,353430,1
353390,354940,1
353350,521850,1
353350,355630,1
353350,355600,1
310620,311800,1
171200,171720,1
353350,353810,1
353340,421320,1
353340,412080,1
353340,355670,1
353390,354780,1
310600,313620,1
310620,311940,1
353440,354330,1
310560,315210,1
130260,353870,1
353440,355010,1
353440,354890,1
353440,354880,1
310560,316290,1
310560,330330,1
310560,330370,1
353440,354640,1
353440,353980,1
130260,354780,1
353440,353930,1
353440,353870,1
353430,355170,1
310560,351150,1
310560,354070,1
310560,500320,1
353390,510340,1
353390,412550,1
353390,355600,1
353340,355620,1
130260,354990,1
130260,412625,1
353180,355170,1
353190,353950,1
310620,313240,1
310620,313665,1
170950,171320,1
353180,355450,1
310620,313720,1
353180,355280,1
310620,313940,1
310620,314070,1
310620,314080,1
353190,354140,1
170930,171050,1
353180,354780,1
170820,170950,1
353180,354330,1
353180,353870,1
353150,354650,1
353140,355630,1
170770,172210,1
353140,354940,1
353190,354110,1
170950,171620,1
353340,354400,1
353280,354980,1
170950,291955,1
353320,500660,1
353320,410240,1
310620,312320,1
353320,355240,1
310620,312510,1
353300,355340,1
353300,353400,1
170950,171820,1
353280,353400,1
353190,354580,1
353280,353390,1
353240,355620,1
353190,522140,1
310620,312870,1
353190,355220,1
130260,355220,1
353190,354980,1
310620,313010,1
353190,354910,1
353020,411810,1
353020,355535,1
310620,354870,1
130420,530010,1
130420,314330,1
352730,355650,1
352730,355250,1
310670,314730,1
310670,314740,1
352730,354780,1
352730,354390,1
352720,355410,1
352720,355030,1
352720,354520,1
352740,353010,1
310670,314930,1
352720,353800,1
310670,315200,1
352710,412810,1
352710,412410,1
352710,410240,1
352710,355630,1
310670,315670,1
352710,355030,1
352730,520510,1
352740,353020,1
170550,170930,1
310670,314700,1
352760,355400,1
310670,314480,1
352760,355090,1
170550,171050,1
310670,314640,1
352760,353870,1
130406,291360,1
352740,410240,1
352740,410180,1
352740,355500,1
352740,353100,1
352740,355430,1
352740,355240,1
352740,354770,1
352740,354180,1
352740,354150,1
130406,431690,1
352740,353740,1
310670,314710,1
130420,310620,1
352710,354550,1
310670,316040,1
310670,314110,1
352670,355240,1
352680,355010,1
352680,354970,1
352680,354890,1
352680,353740,1
140010,172100,1
310670,350840,1
352680,352710,1
352670,500720,1
352670,421690,1
352670,355170,1
310670,330390,1
352670,354890,1
352670,354390,1
310670,350860,1
352670,353870,1
352670,353190,1
352670,352930,1
310670,350950,1
352640,355450,1
310670,351518,1
310670,330510,1
310670,330240,1
352710,354110,1
352690,355240,1
352710,353550,1
170550,170700,1
352710,353100,1
352710,353020,1
310670,317010,1
352690,500830,1
352690,420820,1
352690,411370,1
352690,355710,1
310670,317020,1
352680,530010,1
352690,354980,1
352690,354870,1
352690,354670,1
310670,317080,1
170380,172080,1
140010,150680,1
352690,353440,1
352690,353340,1
310670,320500,1
352760,410160,1
352800,352900,1
353020,355170,1
310620,411370,1
130340,170220,1
130353,150050,1
352940,353870,1
310620,410830,1
352940,353440,1
352930,530010,1
352930,412550,1
352930,411840,1
352930,355670,1
352930,355340,1
130270,230730,1
310620,420200,1
310620,420590,1
310620,421130,1
310620,431490,1
352930,354970,1
352930,354940,1
352930,354805,1
310620,520320,1
352930,354570,1
352940,354850,1
130260,522140,1
130353,150543,1
353020,353100,1
310620,354940,1
353020,354560,1
353020,354220,1
353020,354150,1
353020,354140,1
353020,353740,1
353020,353475,1
353020,353390,1
353020,353320,1
310620,355220,1
130260,521150,1
353010,353460,1
352990,353760,1
352990,353720,1
352970,354940,1
352960,355710,1
352950,353390,1
310620,355450,1
310620,355670,1
352940,355220,1
352930,354390,1
352930,354105,1
352800,353390,1
352880,411180,1
352900,354180,1
352900,354160,1
352900,354110,1
130406,150140,1
310670,313665,1
310670,313720,1
352885,355535,1
352885,355255,1
352885,353570,1
352880,353570,1
352900,354780,1
310670,314000,1
352880,352900,1
352850,355650,1
352850,355160,1
352850,355030,1
352840,355060,1
352800,355450,1
352800,355030,1
310670,314080,1
352900,354340,1
352900,354990,1
310620,520330,1
352900,510760,1
352930,353870,1
352930,353610,1
130353,410180,1
130353,500540,1
352930,353300,1
170555,171620,1
352930,353100,1
130406,130420,1
352920,353220,1
352900,431410,1
352900,355170,1
310670,311780,1
352900,421660,1
352900,420240,1
310670,311787,1
310670,311830,1
352900,411370,1
170555,170700,1
310670,312410,1
352900,355500,1
353440,355240,1
310560,314000,1
352640,353780,1
353440,355620,1
354160,510180,1
354160,500270,1
310160,312870,1
354160,412680,1
354160,411520,1
354160,410690,1
310160,313820,1
354160,355170,1
354160,355030,1
354160,354980,1
354160,354780,1
354150,354770,1
310160,314300,1
354140,510025,1
354140,500830,1
354140,500270,1
354140,412625,1
354140,411810,1
310160,314720,1
354140,411520,1
310160,314730,1
354160,520330,1
354190,355540,1
354220,410140,1
130260,320520,1
310150,330330,1
354340,354870,1
310150,330340,1
310150,330390,1
310150,330455,1
354330,355220,1
130260,315780,1
310160,310710,1
354330,354850,1
354325,355030,1
310160,312510,1
354260,420910,1
310160,311050,1
354260,420650,1
354260,412550,1
354260,412080,1
354260,411200,1
317020,354340,1
354260,355400,1
354260,355220,1
354140,410690,1
310160,314800,1
354140,355280,1
354030,411180,1
310230,313170,1
354070,355630,1
354070,354910,1
310230,313380,1
354070,354870,1
354070,354750,1
310230,314740,1
354060,355450,1
310230,330390,1
310260,310400,1
130260,330170,1
130260,330330,1
354030,354570,1
310260,311100,1
354000,500600,1
310260,312510,1
354000,412550,1
310260,312870,1
310260,313900,1
354000,354880,1
310230,311860,1
310170,315710,1
354140,355220,1
354130,530010,1
171610,261070,1
354140,354990,1
310160,316930,1
354140,354850,1
310160,316940,1
354140,354580,1
354140,354550,1
310160,354260,1
310160,421690,1
354130,510340,1
310170,313960,1
354130,500270,1
354130,500230,1
354130,354150,1
310170,311230,1
310170,311940,1
310170,313950,1
354100,355670,1
354100,355160,1
130260,320530,1
310150,330240,1
310150,316990,1
310150,315110,1
293135,320530,1
354570,354580,1
354560,412680,1
293070,421660,1
354560,355370,1
354560,354570,1
354550,521150,1
354550,500830,1
293135,293290,1
354550,500540,1
293135,530010,1
354570,355610,1
354550,355690,1
293290,310400,1
354550,355255,1
293290,330630,1
354550,355170,1
293290,355030,1
354520,421290,1
354520,421050,1
354520,420910,1
354570,354780,1
354580,354780,1
293330,352530,1
354640,355030,1
354750,354890,1
354680,530010,1
354680,355540,1
293010,530010,1
354670,410690,1
293070,293290,1
293070,310670,1
354640,420820,1
354640,411990,1
354630,355640,1
354580,354880,1
293070,350920,1
354580,412680,1
354580,412550,1
354580,411660,1
354580,411180,1
354580,355620,1
130260,270430,1
354580,355030,1
354580,354980,1
354520,420530,1
354520,410180,1
354340,354990,1
354340,411520,1
310110,313940,1
310110,320270,1
310110,355030,1
354390,354580,1
310150,310560,1
354340,520870,1
354340,420910,1
354340,412350,1
354340,412240,1
354340,411370,1
354390,354890,1
354340,410690,1
354340,410480,1
354340,410425,1
310150,311330,1
354340,355220,1
310150,311530,1
130260,311787,1
310150,313840,1
130260,311830,1
310110,313620,1
354390,354910,1
130260,280480,1
354390,432250,1
354520,355060,1
310020,310510,1
354520,354780,1
354490,355170,1
310020,310740,1
354400,355450,1
354400,355030,1
354400,354970,1
310110,310340,1
354390,421930,1
310110,313090,1
310110,310540,1
354390,420890,1
354390,412550,1
354390,410690,1
354390,355620,1
354390,355240,1
354390,355220,1
310110,311940,1
354390,355010,1
310260,352260,1
354000,354390,1
310260,354890,1
353630,353740,1
353640,355510,1
353640,354180,1
353640,354130,1
353640,353960,1
310420,352680,1
353630,500600,1
310420,530010,1
353630,354940,1
353630,354340,1
310490,311770,1
353640,411370,1
310490,313780,1
353600,354580,1
310510,312320,1
353570,500540,1
310510,312610,1
310510,313350,1
353570,355240,1
353570,355230,1
353570,354980,1
353640,355630,1
353640,421690,1
353550,510030,1
353650,431560,1
310400,530010,1
353710,355240,1
353710,354980,1
353670,431490,1
310420,310670,1
353670,355170,1
353670,354870,1
353670,354000,1
353670,353870,1
353650,420820,1
310420,316040,1
310420,311860,1
353650,355670,1
310420,312610,1
310420,314590,1
310420,315140,1
353650,354580,1
353650,354140,1
310420,315720,1
353640,500830,1
353560,355540,1
353550,500230,1
353720,355100,1
353470,354850,1
353475,354030,1
353475,353500,1
353470,412625,1
353470,412410,1
353470,411750,1
310560,310690,1
353470,410690,1
353470,410150,1
353470,355030,1
353470,354220,1
310540,317120,1
353470,353880,1
310560,311530,1
310560,311830,1
353460,353600,1
310560,311860,1
353440,420420,1
353440,420200,1
310560,313130,1
171420,171660,1
353475,354570,1
353475,355190,1
353550,420650,1
353530,354130,1
353550,412580,1
353550,411180,1
353550,410360,1
353550,355030,1
310510,315200,1
310540,310620,1
353530,530010,1
353530,412000,1
310540,310670,1
353500,500020,1
353475,355340,1
310540,311860,1
310540,313130,1
310540,315720,1
310540,316190,1
310540,316870,1
353500,353960,1
353475,500660,1
353475,355710,1
353475,355535,1
310400,521460,1
310400,520870,1
354000,354160,1
310350,313440,1
310350,311860,1
353870,510795,1
353870,510623,1
310350,312710,1
353870,500270,1
353870,500020,1
353870,421690,1
353870,420910,1
353870,420590,1
353870,411180,1
353880,355010,1
353870,410420,1
353870,355690,1
353870,355630,1
310350,315280,1
310350,315980,1
310350,317010,1
171610,171875,1
353870,355150,1
310350,354340,1
310350,310400,1
353900,354560,1
310350,420550,1
353930,355170,1
130260,330490,1
353960,355150,1
353960,354970,1
353950,411990,1
353950,355690,1
353950,355340,1
130260,350320,1
353950,354020,1
353930,420910,1
353930,355030,1
353900,354980,1
353930,354970,1
353930,354910,1
310340,311940,1
353930,354750,1
310340,313130,1
353920,410750,1
310340,314330,1
353920,354140,1
310340,315710,1
353870,354990,1
353870,354970,1
353730,354220,1
353740,412000,1
310400,317070,1
353760,410690,1
353760,355670,1
310400,352260,1
353760,355030,1
310400,352340,1
310400,352940,1
310400,353440,1
130260,352670,1
310400,355170,1
353800,354780,1
353740,355430,1
310400,520320,1
130260,353060,1
353740,355220,1
310400,520510,1
353740,354660,1
353740,354570,1
353740,354030,1
353730,530010,1
353780,355400,1
171525,172090,1
353870,354910,1
310400,313670,1
310350,431280,1
310350,520510,1
353870,354850,1
310350,530010,1
310375,317010,1
310375,520870,1
310400,311860,1
310400,313240,1
130260,352220,1
353870,354140,1
353800,355030,1
353870,354100,1
310400,314070,1
353850,530010,1
353850,355410,1
310400,314610,1
353810,355600,1
310400,314700,1
353800,420300,1
353800,355070,1
310670,351907,1
352640,353080,1
351150,354640,1
311550,313240,1
351670,354140,1
311860,313420,1
351670,352530,1
351670,352270,1
351670,352230,1
351650,354180,1
351650,353770,1
351650,353730,1
351650,353600,1
351650,353100,1
351650,351820,1
351640,355650,1
351640,352850,1
311860,313900,1
351630,353440,1
351630,352850,1
311860,314520,1
351620,530010,1
351620,431410,1
351620,411480,1
351620,355220,1
351740,352130,1
351740,353150,1
351740,353390,1
351790,355630,1
351820,353870,1
351820,353740,1
351820,353570,1
311840,313960,1
351820,353060,1
150060,170550,1
351820,352570,1
351820,352260,1
351820,351860,1
351790,355190,1
351740,354940,1
351790,355170,1
351790,353570,1
351790,353500,1
311860,312510,1
170210,210140,1
351740,500540,1
351740,355210,1
351740,355030,1
311860,313010,1
351620,355150,1
351620,355070,1
311860,314800,1
351540,353880,1
351550,354660,1
351550,353740,1
351550,353570,1
311860,350390,1
351550,353390,1
351550,352900,1
311860,350570,1
351540,412410,1
311860,351880,1
351540,352270,1
170210,170930,1
351540,352230,1
351540,352180,1
351540,351670,1
351518,355240,1
351518,355090,1
351518,354970,1
311860,352940,1
351518,354630,1
351518,354580,1
311860,330630,1
351550,355630,1
311860,315180,1
150080,150150,1
351620,354780,1
351620,354760,1
311860,315210,1
311860,315250,1
351620,353360,1
351620,353190,1
170210,171610,1
311860,316935,1
311860,316990,1
351570,354870,1
311860,330420,1
351570,354330,1
351570,354140,1
311860,317070,1
311860,320500,1
311860,320530,1
311860,330350,1
351550,510623,1
351550,500720,1
351550,410690,1
311840,313620,1
351820,354220,1
351820,355030,1
351880,355670,1
311770,313780,1
351905,352470,1
351880,520870,1
351880,520450,1
351880,421660,1
351880,420910,1
351880,420540,1
351880,412770,1
351880,410370,1
311780,315250,1
351907,352390,1
170220,351000,1
351880,355240,1
351880,355100,1
150050,260720,1
311787,330455,1
150050,261110,1
351880,354850,1
311800,313130,1
311800,313170,1
351907,352340,1
311770,313670,1
311800,352940,1
311660,314560,1
351907,420910,1
351907,412550,1
351907,411520,1
351907,410690,1
311550,313300,1
311550,314730,1
311550,316940,1
311550,330360,1
311660,313375,1
351907,354880,1
311770,312510,1
311660,315140,1
351907,354400,1
351907,354390,1
351907,353870,1
311660,316040,1
311750,311940,1
351907,353080,1
351907,353070,1
311750,411760,1
351880,354390,1
351880,353440,1
311840,313170,1
170210,230440,1
170220,171610,1
351860,353950,1
351860,353740,1
351860,353430,1
351860,353100,1
150060,150220,1
351860,352880,1
351860,352570,1
351850,355220,1
351840,355030,1
351860,354490,1
150060,150420,1
311830,330630,1
311830,353440,1
311830,354780,1
351840,352530,1
351840,351880,1
311840,313130,1
351820,410140,1
150060,150553,1
311830,314480,1
351860,354560,1
351880,353360,1
351870,431560,1
311820,316960,1
351880,352850,1
351880,352640,1
351880,352440,1
351880,352390,1
351880,352340,1
170220,172120,1
351880,352050,1
351870,530010,1
150050,510760,1
351860,354760,1
311830,312980,1
351870,354990,1
351870,354870,1
311830,313670,1
351870,353760,1
311830,314000,1
351860,355630,1
311830,314080,1
351860,354970,1
351518,354000,1
150080,150210,1
311860,354390,1
351240,352900,1
351240,421690,1
351240,355240,1
351240,354970,1
351240,354910,1
312230,315290,1
160040,521308,1
351240,354070,1
351240,353800,1
351240,353080,1
312230,316720,1
312230,315180,1
351240,352390,1
351230,355450,1
312230,316935,1
351230,352390,1
351210,412000,1
312230,355030,1
150140,170210,1
312230,520110,1
150140,170220,1
312230,315250,1
312230,314890,1
351200,500570,1
160060,160070,1
351340,351380,1
312230,313130,1
351310,353950,1
351310,352440,1
312230,313240,1
351300,530010,1
150140,160040,1
351300,354880,1
351300,354780,1
351300,353080,1
351280,355030,1
351300,352940,1
351300,352250,1
351300,352100,1
312230,314800,1
351300,351518,1
351300,351500,1
351300,351380,1
351280,355670,1
351280,355620,1
351200,530010,1
351200,355690,1
351340,352720,1
312510,320520,1
312510,314730,1
312510,315960,1
312510,316930,1
351190,353960,1
351190,353770,1
312510,317170,1
351190,353570,1
351190,353550,1
312510,317200,1
351190,352880,1
312510,314600,1
312510,350850,1
312510,350920,1
351190,351860,1
312510,350950,1
312510,351880,1
312510,352390,1
351150,355400,1
312510,352900,1
351150,354890,1
351190,354220,1
351190,354570,1
312320,313720,1
312360,316200,1
312320,313880,1
312320,314330,1
351200,354550,1
312320,314710,1
351200,353640,1
312360,312510,1
150140,210530,1
351200,353360,1
312360,314600,1
351200,352710,1
351190,355030,1
351200,352600,1
312410,312980,1
351200,351550,1
312430,353600,1
351190,500230,1
351190,412810,1
312510,313240,1
312510,314470,1
351190,355230,1
312230,312510,1
351340,353870,1
351518,352590,1
351380,412550,1
311930,313440,1
351410,355470,1
351410,355340,1
311930,314700,1
351410,353670,1
351410,352980,1
311930,314810,1
311930,315690,1
351380,420910,1
311930,317010,1
351440,353320,1
351380,355410,1
351380,355250,1
351380,355240,1
150080,230370,1
150080,292740,1
351380,354990,1
150130,160030,1
150130,530010,1
311940,312800,1
351440,352740,1
311910,317080,1
160060,320060,1
150080,221100,1
351518,352510,1
311860,354520,1
351518,352050,1
351510,355280,1
150080,160060,1
351500,530010,1
351500,410580,1
311860,410180,1
311860,410420,1
351500,353440,1
311910,316720,1
351500,351880,1
351500,351510,1
351490,352050,1
351490,351907,1
311910,313520,1
351460,352430,1
351460,351880,1
311910,314330,1
351440,354770,1
311940,313090,1
351380,353060,1
351340,355030,1
351350,353110,1
150140,150293,1
312090,317040,1
351350,354990,1
351350,354880,1
312090,320530,1
150140,150543,1
312090,330330,1
312090,355030,1
312090,510180,1
351350,353060,1
351350,355410,1
351350,353020,1
351350,352940,1
351350,352710,1
351350,352260,1
312090,530010,1
351350,352140,1
351350,351880,1
150140,150700,1
351350,351380,1
351350,355240,1
351350,355700,1
311940,313620,1
312090,314700,1
311940,314430,1
311940,351040,1
351380,352390,1
351380,352250,1
351380,352140,1
312090,313510,1
351380,351870,1
351380,351570,1
351370,355330,1
312090,315120,1
351350,410180,1
351370,354630,1
312090,315200,1
312090,315210,1
351370,353650,1
312090,316720,1
351350,421130,1
312090,317020,1
351350,412000,1
351350,410580,1
351907,431240,1
351910,351960,1
352640,352680,1
351910,352530,1
311000,312980,1
140010,411370,1
352460,354100,1
352460,352990,1
311000,314110,1
140010,420910,1
311000,314480,1
352450,353280,1
352450,353270,1
352450,353250,1
311030,314720,1
352450,352570,1
352440,500270,1
352440,355620,1
311030,315220,1
352440,355070,1
311030,316940,1
140010,431340,1
311030,317130,1
352440,354680,1
352440,353870,1
352460,410860,1
352470,352500,1
170255,172080,1
352470,354990,1
352470,510340,1
310855,313630,1
352470,500270,1
352470,420540,1
310860,314330,1
310900,311830,1
310900,312980,1
310900,313170,1
140010,354870,1
310900,313670,1
352470,352670,1
352470,354880,1
352470,354390,1
352470,354070,1
310900,314590,1
352470,353650,1
352470,353340,1
352470,353180,1
352470,353070,1
352470,353050,1
352440,353800,1
311030,354910,1
352430,411520,1
311060,355030,1
352390,421420,1
352390,420240,1
352390,420210,1
352390,412680,1
352390,412350,1
352390,411070,1
311060,316930,1
311060,353440,1
352390,355650,1
352390,355240,1
352390,510623,1
311070,311770,1
311070,314340,1
140010,510525,1
352390,354970,1
311070,316930,1
311090,313240,1
352390,354340,1
311090,313780,1
352390,353870,1
352390,421690,1
311060,315250,1
352430,410150,1
352430,353390,1
352430,355690,1
352430,355670,1
352430,355370,1
311050,311060,1
352430,354980,1
352430,354760,1
311050,311120,1
352430,354090,1
311050,312510,1
352430,352930,1
311060,314340,1
352410,355170,1
311050,314730,1
311050,330420,1
352410,353430,1
311060,313310,1
352400,355650,1
352400,355030,1
352400,352730,1
311060,313990,1
352470,520140,1
352470,530010,1
352480,354340,1
352590,354160,1
310670,355650,1
310670,410420,1
352590,354990,1
170310,171270,1
310670,411200,1
310670,412080,1
352590,354780,1
170310,170770,1
310670,420820,1
310670,430905,1
352590,355280,1
310670,431240,1
352590,353470,1
310670,431490,1
352590,353180,1
140010,250400,1
352590,352900,1
140010,250750,1
170255,172210,1
352570,500790,1
310670,355220,1
310670,355170,1
352570,500100,1
352600,353320,1
352600,355630,1
310670,352050,1
310670,352440,1
352600,354550,1
140010,210530,1
352600,353740,1
352600,353490,1
352600,353475,1
352600,353390,1
310670,352730,1
140010,231290,1
310670,352940,1
352590,530010,1
352590,421690,1
352590,421660,1
352590,420820,1
352590,412550,1
310670,354780,1
352590,411180,1
352590,410370,1
352570,500270,1
352570,421320,1
352480,354660,1
352510,354910,1
352530,353440,1
352530,353180,1
352530,353060,1
352530,352930,1
352530,352900,1
352530,352680,1
310740,315140,1
310740,330350,1
310800,311510,1
310800,315150,1
310740,314520,1
310800,520910,1
352500,420910,1
140010,350600,1
352500,354780,1
352500,354730,1
310830,311060,1
352480,500630,1
352480,355600,1
310830,314720,1
352530,353630,1
352530,354340,1
310690,330455,1
310710,316940,1
352570,411180,1
352570,355600,1
310710,313780,1
310710,314340,1
352570,354970,1
352570,354870,1
352570,354180,1
140010,330555,1
310710,315880,1
352570,353570,1
352530,354640,1
352570,353390,1
310710,317070,1
140010,350400,1
310730,312160,1
352570,352600,1
352530,355220,1
310730,313520,1
310730,315200,1
352530,354890,1
352390,353780,1
352390,353080,1
352390,353070,1
311430,313440,1
352090,354180,1
352090,352880,1
352090,352800,1
352090,352710,1
352090,352430,1
352050,520510,1
352050,420240,1
352050,412550,1
352050,411610,1
352050,355630,1
352090,355010,1
311430,314790,1
311450,313370,1
352050,354990,1
311455,313440,1
311455,317020,1
311455,354570,1
352050,354580,1
311510,314790,1
311510,315150,1
352090,354580,1
352090,355670,1
352050,354340,1
311340,530010,1
311340,313620,1
352180,355700,1
352180,355220,1
352180,353470,1
311340,313960,1
352140,355330,1
352140,355030,1
311340,330455,1
352140,354390,1
311370,311940,1
352090,411180,1
352130,355370,1
311370,313170,1
311370,313960,1
311370,314430,1
352100,352390,1
311370,316870,1
352090,420900,1
352090,420840,1
311430,313375,1
352050,354390,1
352050,354060,1
352210,352990,1
351960,352480,1
351970,354870,1
351970,352840,1
351970,352240,1
351960,355270,1
351960,355170,1
351960,353870,1
351960,353670,1
311530,330630,1
351960,352530,1
311530,353360,1
311530,330420,1
311530,354990,1
351910,355030,1
311530,355540,1
351910,354060,1
351910,353930,1
351910,353130,1
351910,352930,1
311530,412550,1
351910,352570,1
311530,330455,1
351970,355400,1
352050,353870,1
311530,315110,1
311510,316470,1
352050,353340,1
311510,530010,1
352050,353070,1
311530,311860,1
352050,352690,1
352050,352670,1
170230,170380,1
352050,352470,1
352050,352260,1
311530,320530,1
352040,355540,1
352040,355030,1
352040,353650,1
352030,420540,1
311530,317120,1
352030,353760,1
352030,353720,1
352030,352460,1
352010,530010,1
311340,313170,1
352210,353440,1
352390,352840,1
311110,313440,1
352320,411200,1
352320,410690,1
352320,355400,1
352320,352390,1
311100,315250,1
311110,311930,1
352310,354990,1
352310,354780,1
352310,354330,1
352310,352530,1
352340,352390,1
352290,352930,1
352270,353470,1
352270,353460,1
352270,352710,1
352270,352530,1
352260,530010,1
352260,412730,1
352260,355340,1
352260,355240,1
352320,412410,1
150010,150080,1
150050,150080,1
352340,355210,1
352390,352640,1
311090,313900,1
352360,420910,1
352360,355450,1
352360,354890,1
352360,354390,1
311090,316200,1
311090,316370,1
352340,355240,1
311090,317070,1
352340,352670,1
352340,354880,1
311100,312870,1
311100,314410,1
352340,353870,1
352340,353650,1
352340,353475,1
352340,353200,1
352340,353080,1
352340,353050,1
311120,314520,1
352260,354870,1
311340,313130,1
311330,315110,1
352240,352320,1
352230,355450,1
311230,316870,1
311230,316970,1
352230,354780,1
352230,353870,1
352230,352640,1
352220,530010,1
311320,314590,1
352220,353440,1
352240,352840,1
352220,353060,1
352220,352260,1
352210,500830,1
311330,316990,1
352210,354870,1
311330,330455,1
311340,311940,1
170255,171610,1
311340,313090,1
352240,352390,1
352240,352900,1
352260,354800,1
352260,352730,1
352260,354670,1
352260,354560,1
352260,354390,1
352260,354340,1
352260,353950,1
352260,353475,1
352260,353180,1
311160,313990,1
311160,314760,1
352260,352710,1
311230,316110,1
352260,352690,1
352250,355645,1
150050,150420,1
311230,313090,1
311230,313620,1
352250,354390,1
311230,313940,1
352250,352500,1
311230,314140,1
150140,260410,1
